{"nodes": {"0": {"id": "0", "injection": 67.05762108486306, "x": 320.46515749239194, "y": -22.803896225388733}, "1": {"id": "1", "injection": 26.99448900842756, "x": 140.88278069970076, "y": -2.750589702015696}, "2": {"id": "2", "injection": -7.112832244153749, "x": 372.04784210856144, "y": 447.08263896014444}, "3": {"id": "3", "injection": 36.40401439026137, "x": 278.7825339020784, "y": 251.6649657149424}, "4": {"id": "4", "injection": -6.717915803370405, "x": 250.47622679500233, "y": 45.36738705311041}, "5": {"id": "5", "injection": 33.94739036216958, "x": 382.73142277371676, "y": 549.8907533774624}, "6": {"id": "6", "injection": 75.74190628257851, "x": 67.48595323814294, "y": 183.9055710836856}, "7": {"id": "7", "injection": 9.886190393949708, "x": 357.9710716146077, "y": 655.8497637063292}, "8": {"id": "8", "injection": 60.77701629920897, "x": 236.06283914730307, "y": 553.7166119882987}, "9": {"id": "9", "injection": 0.694061209672455, "x": 483.8910693125694, "y": 565.4649596897732}, "10": {"id": "10", "injection": -15.943783738012076, "x": 143.9237355413311, "y": 424.96795594650354}, "11": {"id": "11", "injection": 14.44413175201628, "x": 0.395293806294187, "y": 18.09631368981005}, "12": {"id": "12", "injection": -137.7950886455755, "x": 390.03667288493364, "y": 224.84269817974962}, "13": {"id": "13", "injection": -18.307755129249493, "x": -26.219563474302852, "y": 139.60096935124815}, "14": {"id": "14", "injection": -20.387680341173837, "x": 241.17151347560815, "y": 135.78360917524031}, "15": {"id": "15", "injection": 55.47862279717898, "x": 110.93539381405249, "y": 110.89552710950731}, "16": {"id": "16", "injection": 14.406770421756972, "x": 306.10341992738574, "y": 357.75611234409524}, "17": {"id": "17", "injection": -30.563150399367903, "x": 167.77859798084353, "y": 262.76267584159336}, "18": {"id": "18", "injection": -38.26506739877888, "x": 395.2104755005838, "y": 103.6786193715055}, "19": {"id": "19", "injection": -120.73894030240157, "x": 23.23570052758487, "y": 307.6470045165427}, "16b": {"id": "16b", "injection": 0.0, "x": 306.10341992738574, "y": 357.75611234409524}, "18b": {"id": "18b", "injection": 0.0, "x": 395.2104755005838, "y": 103.6786193715055}, "10b": {"id": "10b", "injection": 0.0, "x": 143.9237355413311, "y": 424.96795594650354}}, "lines": {"L0-1": {"id": "L0-1", "from_node": "0", "to_node": "1", "flow": 7.809988229527934, "limit": 50.0}, "L0-4": {"id": "L0-4", "from_node": "0", "to_node": "4", "flow": 17.75050269020505, "limit": 50.0}, "L1-4": {"id": "L1-4", "from_node": "1", "to_node": "4", "flow": 9.940514460677115, "limit": 50.0}, "L1-11": {"id": "L1-11", "from_node": "1", "to_node": "11", "flow": -5.1234461957316935, "limit": 50.0}, "L1-13": {"id": "L1-13", "from_node": "1", "to_node": "13", "flow": 12.564124764883054, "limit": 50.0}, "L1-14": {"id": "L1-14", "from_node": "1", "to_node": "14", "flow": 30.91361580818887, "limit": 50.0}, "L1-15": {"id": "L1-15", "from_node": "1", "to_node": "15", "flow": -13.490331600061854, "limit": 50.0}, "L2-5": {"id": "L2-5", "from_node": "2", "to_node": "5", "flow": -23.966739684073467, "limit": 50.0}, "L2-8": {"id": "L2-8", "from_node": "2", "to_node": "8", "flow": -17.391926408332523, "limit": 50.0}, "L2-9": {"id": "L2-9", "from_node": "2", "to_node": "9", "flow": -15.653407395949188, "limit": 50.0}, "L3-12": {"id": "L3-12", "from_node": "3", "to_node": "12", "flow": 46.39871723624402, "limit": 50.0}, "L3-17": {"id": "L3-17", "from_node": "3", "to_node": "17", "flow": -4.637969640551415, "limit": 50.0}, "L4-14": {"id": "L4-14", "from_node": "4", "to_node": "14", "flow": 20.973101347511754, "limit": 50.0}, "L5-9": {"id": "L5-9", "from_node": "5", "to_node": "9", "flow": 8.313332288124279, "limit": 50.0}, "L5-7": {"id": "L5-7", "from_node": "5", "to_node": "7", "flow": 1.6673183899718396, "limit": 50.0}, "L6-17": {"id": "L6-17", "from_node": "6", "to_node": "17", "flow": 41.65442785521028, "limit": 50.0}, "L6-13": {"id": "L6-13", "from_node": "6", "to_node": "13", "flow": 30.07096739615657, "limit": 50.0}, "L6-15": {"id": "L6-15", "from_node": "6", "to_node": "15", "flow": 4.0165110312116585, "limit": 50.0}, "L7-8": {"id": "L7-8", "from_node": "7", "to_node": "8", "flow": 4.907494885769104, "limit": 50.0}, "L7-9": {"id": "L7-9", "from_node": "7", "to_node": "9", "flow": 6.6460138981524395, "limit": 50.0}, "L10-17": {"id": "L10-17", "from_node": "10", "to_node": "17", "flow": -7.612510086566136, "limit": 50.0}, "L11-13": {"id": "L11-13", "from_node": "11", "to_node": "13", "flow": 17.68757096061475, "limit": 50.0}, "L11-15": {"id": "L11-15", "from_node": "11", "to_node": "15", "flow": -8.36688540433016, "limit": 50.0}, "L13-19": {"id": "L13-19", "from_node": "13", "to_node": "19", "flow": 42.01490799240487, "limit": 50.0}, "L14-17": {"id": "L14-17", "from_node": "14", "to_node": "17", "flow": -6.766030584252103, "limit": 50.0}, "L14-18": {"id": "L14-18", "from_node": "14", "to_node": "18", "flow": 38.265067398778875, "limit": 50.0}, "L15-17": {"id": "L15-17", "from_node": "15", "to_node": "17", "flow": 37.63791682399862, "limit": 50.0}, "L17-19": {"id": "L17-19", "from_node": "17", "to_node": "19", "flow": 30.431447533351164, "limit": 50.0}, "L12-16b": {"id": "L12-16b", "from_node": "12", "to_node": "16b", "flow": -49.89924124420144, "limit": 50.0}, "L2-16b": {"id": "L2-16b", "from_node": "2", "to_node": "16b", "flow": 49.89924124420142, "limit": 50.0}, "L16-17": {"id": "L16-17", "from_node": "16", "to_node": "17", "flow": 0.7187635648798114, "limit": 50.0}, "L10-16": {"id": "L10-16", "from_node": "10", "to_node": "16", "flow": -8.331273651445947, "limit": 50.0}, "L0-18b": {"id": "L0-18b", "from_node": "0", "to_node": "18b", "flow": 41.49713016513006, "limit": 50.0}, "L12-18b": {"id": "L12-18b", "from_node": "12", "to_node": "18b", "flow": -41.49713016513007, "limit": 50.0}, "L8-10b": {"id": "L8-10b", "from_node": "8", "to_node": "10b", "flow": 48.292584776645555, "limit": 50.0}, "L10b-19": {"id": "L10b-19", "from_node": "10b", "to_node": "19", "flow": 48.292584776645555, "limit": 50.0}, "L3-16": {"id": "L3-16", "from_node": "3", "to_node": "16", "flow": -5.356733205431226, "limit": 50.0}}, "cost": 0.0}