{"nodes": {"0": {"id": "0", "injection": 51.74718037241435, "x": 64.25707018464101, "y": 227.9868535163146}, "1": {"id": "1", "injection": -15.051160411937866, "x": 273.4763270954986, "y": 499.8569916232069}, "2": {"id": "2", "injection": 4.931847605299404, "x": 370.53410300386184, "y": 202.69139166265595}, "3": {"id": "3", "injection": -54.017680586220614, "x": -23.85143201189029, "y": 168.7540744411181}, "4": {"id": "4", "injection": -32.222627277984365, "x": 512.9461849773191, "y": 219.6330333581475}, "5": {"id": "5", "injection": -113.30516981095228, "x": 21.15473734620394, "y": 354.27478966451514}, "6": {"id": "6", "injection": 14.03151248076334, "x": 260.6451236180667, "y": 164.45361003632328}, "7": {"id": "7", "injection": 59.074657154920004, "x": 203.9929469194296, "y": 392.83451897675525}, "8": {"id": "8", "injection": -47.87878587691751, "x": 379.8474680805353, "y": 361.4520247461265}, "9": {"id": "9", "injection": 45.57600389647018, "x": 115.36182485599446, "y": 495.8922548475289}, "10": {"id": "10", "injection": 72.9376069640284, "x": 407.0048852949441, "y": -86.80060324985288}, "11": {"id": "11", "injection": -48.98515805404762, "x": 431.7282970491504, "y": 34.05007034809285}, "12": {"id": "12", "injection": -79.58060491885833, "x": 140.64377364768785, "y": 312.6286734780436}, "13": {"id": "13", "injection": 57.283849355951965, "x": 91.2682520408269, "y": 24.74620952392384}, "14": {"id": "14", "injection": 26.507517352930748, "x": 152.26769865953895, "y": 164.54934874910586}, "15": {"id": "15", "injection": -65.76827085024264, "x": 424.9657103794757, "y": 135.89541861493046}, "16": {"id": "16", "injection": 42.47175168309752, "x": 240.25076952728983, "y": -65.15871226572425}, "17": {"id": "17", "injection": 71.63397778318722, "x": 279.31611845040317, "y": 65.9623445506998}, "18": {"id": "18", "injection": 10.072875306156416, "x": 246.72416248536052, "y": 260.30121729939583}, "19": {"id": "19", "injection": 0.5406778319416873, "x": 545.3000364479277, "y": 32.83101747138465}, "10b": {"id": "10b", "injection": 0.0, "x": 407.0048852949441, "y": -86.80060324985288}, "2b": {"id": "2b", "injection": 0.0, "x": 370.53410300386184, "y": 202.69139166265595}, "14b": {"id": "14b", "injection": 0.0, "x": 152.26769865953895, "y": 164.54934874910586}, "9b": {"id": "9b", "injection": 0.0, "x": 115.36182485599446, "y": 495.8922548475289}, "5b": {"id": "5b", "injection": 0.0, "x": 21.15473734620394, "y": 354.27478966451514}}, "lines": {"L0-3": {"id": "L0-3", "from_node": "0", "to_node": "3", "flow": 22.04906299998723, "limit": 50.0}, "L0-14": {"id": "L0-14", "from_node": "0", "to_node": "14", "flow": -15.382328041326776, "limit": 50.0}, "L1-8": {"id": "L1-8", "from_node": "1", "to_node": "8", "flow": 2.8904067791148584, "limit": 50.0}, "L1-7": {"id": "L1-7", "from_node": "1", "to_node": "7", "flow": -6.458890960276573, "limit": 50.0}, "L2-4": {"id": "L2-4", "from_node": "2", "to_node": "4", "flow": 20.65917636969902, "limit": 50.0}, "L2-6": {"id": "L2-6", "from_node": "2", "to_node": "6", "flow": -20.63928267473625, "limit": 50.0}, "L2-15": {"id": "L2-15", "from_node": "2", "to_node": "15", "flow": 33.18541848947052, "limit": 50.0}, "L2-18": {"id": "L2-18", "from_node": "2", "to_node": "18", "flow": 2.5403551648243106, "limit": 50.0}, "L3-13": {"id": "L3-13", "from_node": "3", "to_node": "13", "flow": -55.00000000000001, "limit": 50.0}, "L4-8": {"id": "L4-8", "from_node": "4", "to_node": "8", "flow": -1.0463054053874963, "limit": 50.0}, "L4-15": {"id": "L4-15", "from_node": "4", "to_node": "15", "flow": 12.526242119771506, "limit": 50.0}, "L4-19": {"id": "L4-19", "from_node": "4", "to_node": "19", "flow": -23.043387622669343, "limit": 50.0}, "L5-7": {"id": "L5-7", "from_node": "5", "to_node": "7", "flow": -24.045757124694887, "limit": 50.0}, "L5-9": {"id": "L5-9", "from_node": "5", "to_node": "9", "flow": -29.06954239519446, "limit": 50.0}, "L6-17": {"id": "L6-17", "from_node": "6", "to_node": "17", "flow": -29.787408033533474, "limit": 50.0}, "L6-18": {"id": "L6-18", "from_node": "6", "to_node": "18", "flow": 23.17963783956056, "limit": 50.0}, "L7-8": {"id": "L7-8", "from_node": "7", "to_node": "8", "flow": 9.349297739391432, "limit": 50.0}, "L7-12": {"id": "L7-12", "from_node": "7", "to_node": "12", "flow": 31.96771466115247, "limit": 50.0}, "L7-18": {"id": "L7-18", "from_node": "7", "to_node": "18", "flow": -7.723218060095778, "limit": 50.0}, "L10-19": {"id": "L10-19", "from_node": "10", "to_node": "19", "flow": 38.01572929216786, "limit": 50.0}, "L11-19": {"id": "L11-19", "from_node": "11", "to_node": "19", "flow": -15.513019501440207, "limit": 50.0}, "L12-18": {"id": "L12-18", "from_node": "12", "to_node": "18", "flow": -39.690932721248245, "limit": 50.0}, "L16-17": {"id": "L16-17", "from_node": "16", "to_node": "17", "flow": 8.580120958615979, "limit": 50.0}, "L10-11": {"id": "L10-11", "from_node": "10", "to_node": "11", "flow": 0.0, "limit": 50.0}, "L11-15": {"id": "L11-15", "from_node": "11", "to_node": "15", "flow": 0.0, "limit": 50.0}, "L10b-16": {"id": "L10b-16", "from_node": "10b", "to_node": "16", "flow": 0.0, "limit": 50.0}, "L2b-17": {"id": "L2b-17", "from_node": "2b", "to_node": "17", "flow": 0.0, "limit": 50.0}, "L2b-8": {"id": "L2b-8", "from_node": "2b", "to_node": "8", "flow": 0.0, "limit": 50.0}, "L13-16": {"id": "L13-16", "from_node": "13", "to_node": "16", "flow": 0.0, "limit": 50.0}, "L0-5": {"id": "L0-5", "from_node": "0", "to_node": "5", "flow": 0.0, "limit": 50.0}, "L3-5": {"id": "L3-5", "from_node": "3", "to_node": "5", "flow": 0.0, "limit": 50.0}, "L8-18": {"id": "L8-18", "from_node": "8", "to_node": "18", "flow": 0.0, "limit": 50.0}, "L13-14b": {"id": "L13-14b", "from_node": "13", "to_node": "14b", "flow": 0.0, "limit": 50.0}, "L14b-18": {"id": "L14b-18", "from_node": "14b", "to_node": "18", "flow": 0.0, "limit": 50.0}, "L1-9b": {"id": "L1-9b", "from_node": "1", "to_node": "9b", "flow": 0.0, "limit": 50.0}, "L7-9b": {"id": "L7-9b", "from_node": "7", "to_node": "9b", "flow": 0.0, "limit": 50.0}, "L5b-12": {"id": "L5b-12", "from_node": "5b", "to_node": "12", "flow": 0.0, "limit": 50.0}}, "cost": 8.955439501877805}