{"nodes": {"0": {"id": "0", "injection": -16.531227523278428, "x": 221.4534883556172, "y": 530.0901929225206}, "1": {"id": "1", "injection": 9.7737340415588, "x": 294.9394127064204, "y": 88.78730563931825}, "2": {"id": "2", "injection": 33.997311618780664, "x": 292.0700214830375, "y": 198.75023765830844}, "3": {"id": "3", "injection": -0.8793284225476315, "x": 315.1540415514727, "y": 399.60088471231194}, "4": {"id": "4", "injection": -18.73543894439074, "x": 372.818458761104, "y": 161.1885459765152}, "5": {"id": "5", "injection": 68.27447351140354, "x": 365.6813067317074, "y": 269.49059027397095}, "6": {"id": "6", "injection": 9.54079940452994, "x": 265.55586068023695, "y": 306.00350134579253}, "7": {"id": "7", "injection": 90.26300710917056, "x": -8.333456538541935, "y": 263.1538858530396}, "8": {"id": "8", "injection": -24.883456652774147, "x": 479.00742437099376, "y": 360.36474514217963}, "9": {"id": "9", "injection": -0.8284036018052654, "x": 64.41896993599043, "y": 389.8245642553505}, "10": {"id": "10", "injection": -1.4512516962735673, "x": 333.2855342464301, "y": 478.0824646082382}, "11": {"id": "11", "injection": -39.386664389766686, "x": 181.02850033545815, "y": 216.73860894158867}, "12": {"id": "12", "injection": -66.89591590556968, "x": 243.25669903396215, "y": 125.66672053071684}, "13": {"id": "13", "injection": -44.53945907407018, "x": 471.3344721654738, "y": 162.51911658660293}, "14": {"id": "14", "injection": -0.9186264838787037, "x": 414.9137131271669, "y": 527.8154455512828}, "15": {"id": "15", "injection": -30.517583653276937, "x": 296.7020345412836, "y": 35.86455061488957}, "16": {"id": "16", "injection": 107.66257595983556, "x": 113.12804990346166, "y": 272.50211516990936}, "17": {"id": "17", "injection": -10.342916754789172, "x": 177.73416849072214, "y": 397.5486701278179}, "18": {"id": "18", "injection": -48.40350220040527, "x": 194.10958899791862, "y": 342.26458958536057}, "19": {"id": "19", "injection": -15.198126342452674, "x": 98.76800018022143, "y": 150.91143437927948}, "18b": {"id": "18b", "injection": 0.0, "x": 194.10958899791862, "y": 342.26458958536057}, "11b": {"id": "11b", "injection": 0.0, "x": 181.02850033545815, "y": 216.73860894158867}, "3b": {"id": "3b", "injection": 0.0, "x": 315.1540415514727, "y": 399.60088471231194}, "19b": {"id": "19b", "injection": 0.0, "x": 98.76800018022143, "y": 150.91143437927948}, "6b": {"id": "6b", "injection": 0.0, "x": 265.55586068023695, "y": 306.00350134579253}, "15b": {"id": "15b", "injection": 0.0, "x": 296.7020345412836, "y": 35.86455061488957}, "0b": {"id": "0b", "injection": 0.0, "x": 221.4534883556172, "y": 530.0901929225206}}, "lines": {"L0-9": {"id": "L0-9", "from_node": "0", "to_node": "9", "flow": -19.97072865956779, "limit": 50.0}, "L0-10": {"id": "L0-10", "from_node": "0", "to_node": "10", "flow": 1.2226882081407364, "limit": 50.0}, "L0-14": {"id": "L0-14", "from_node": "0", "to_node": "14", "flow": 4.2043132543988095, "limit": 50.0}, "L1-4": {"id": "L1-4", "from_node": "1", "to_node": "4", "flow": 0.4469970819765905, "limit": 50.0}, "L1-12": {"id": "L1-12", "from_node": "1", "to_node": "12", "flow": 7.365098354947484, "limit": 50.0}, "L2-5": {"id": "L2-5", "from_node": "2", "to_node": "5", "flow": 1.2221328124532098, "limit": 50.0}, "L2-12": {"id": "L2-12", "from_node": "2", "to_node": "12", "flow": 30.768665452316547, "limit": 50.0}, "L4-13": {"id": "L4-13", "from_node": "4", "to_node": "13", "flow": 4.3399895044783, "limit": 50.0}, "L4-5": {"id": "L4-5", "from_node": "4", "to_node": "5", "flow": -22.628431366892443, "limit": 50.0}, "L5-8": {"id": "L5-8", "from_node": "5", "to_node": "8", "flow": 16.56272015496978, "limit": 50.0}, "L5-13": {"id": "L5-13", "from_node": "5", "to_node": "13", "flow": 26.968420871370746, "limit": 50.0}, "L7-16": {"id": "L7-16", "from_node": "7", "to_node": "16", "flow": 0.9832073029909196, "limit": 50.0}, "L7-9": {"id": "L7-9", "from_node": "7", "to_node": "9", "flow": 41.31919318565823, "limit": 50.0}, "L8-13": {"id": "L8-13", "from_node": "8", "to_node": "13", "flow": 10.405700716400963, "limit": 50.0}, "L8-14": {"id": "L8-14", "from_node": "8", "to_node": "14", "flow": -6.2673118167781725, "limit": 50.0}, "L9-17": {"id": "L9-17", "from_node": "9", "to_node": "17", "flow": 13.878647489421997, "limit": 50.0}, "L9-19": {"id": "L9-19", "from_node": "9", "to_node": "19", "flow": 6.641413434863177, "limit": 50.0}, "L10-14": {"id": "L10-14", "from_node": "10", "to_node": "14", "flow": 2.981625046258073, "limit": 50.0}, "L16-18": {"id": "L16-18", "from_node": "16", "to_node": "18", "flow": 53.645783262826505, "limit": 50.0}, "L11b-12": {"id": "L11b-12", "from_node": "11b", "to_node": "12", "flow": 0.0, "limit": 50.0}, "L11b-16": {"id": "L11b-16", "from_node": "11b", "to_node": "16", "flow": 0.0, "limit": 50.0}, "L17-18b": {"id": "L17-18b", "from_node": "17", "to_node": "18b", "flow": 0.0, "limit": 50.0}, "L3b-5": {"id": "L3b-5", "from_node": "3b", "to_node": "5", "flow": 0.0, "limit": 50.0}, "L3b-8": {"id": "L3b-8", "from_node": "3b", "to_node": "8", "flow": 0.0, "limit": 50.0}, "L3b-10": {"id": "L3b-10", "from_node": "3b", "to_node": "10", "flow": 0.0, "limit": 50.0}, "L3-18": {"id": "L3-18", "from_node": "3", "to_node": "18", "flow": 0.0, "limit": 50.0}, "L3b-17": {"id": "L3b-17", "from_node": "3b", "to_node": "17", "flow": 0.0, "limit": 50.0}, "L7-19b": {"id": "L7-19b", "from_node": "7", "to_node": "19b", "flow": 0.0, "limit": 50.0}, "L2-11": {"id": "L2-11", "from_node": "2", "to_node": "11", "flow": 0.0, "limit": 50.0}, "L5-11": {"id": "L5-11", "from_node": "5", "to_node": "11", "flow": 0.0, "limit": 50.0}, "L6b-11b": {"id": "L6b-11b", "from_node": "6b", "to_node": "11b", "flow": 0.0, "limit": 50.0}, "L3b-6": {"id": "L3b-6", "from_node": "3b", "to_node": "6", "flow": 0.0, "limit": 50.0}, "L5-6b": {"id": "L5-6b", "from_node": "5", "to_node": "6b", "flow": 0.0, "limit": 50.0}, "L11-19b": {"id": "L11-19b", "from_node": "11", "to_node": "19b", "flow": 0.0, "limit": 50.0}, "L15-19b": {"id": "L15-19b", "from_node": "15", "to_node": "19b", "flow": 0.0, "limit": 50.0}, "L13-15b": {"id": "L13-15b", "from_node": "13", "to_node": "15b", "flow": 0.0, "limit": 50.0}, "L1-15": {"id": "L1-15", "from_node": "1", "to_node": "15", "flow": 0.0, "limit": 50.0}, "L0b-3b": {"id": "L0b-3b", "from_node": "0b", "to_node": "3b", "flow": 0.0, "limit": 50.0}}, "cost": 8.645783262826498}