{
  "nodes": {
    "0": {
      "id": "0",
      "injection": 31.278812920572303,
      "x": 302.3123513439465,
      "y": 301.64289315062643
    },
    "1": {
      "id": "1",
      "injection": 134.3712704463039,
      "x": 339.1319471176121,
      "y": 240.47257966111724
    },
    "2": {
      "id": "2",
      "injection": -43.0639946291377,
      "x": 255.412366382275,
      "y": 125.11072150683019
    },
    "3": {
      "id": "3",
      "injection": -82.01051496804271,
      "x": 378.7452170078538,
      "y": 21.737054740554083
    },
    "4": {
      "id": "4",
      "injection": -11.934859391783407,
      "x": 228.91741401573026,
      "y": 424.86818165156774
    },
    "5": {
      "id": "5",
      "injection": -77.08244026561105,
      "x": 250.00517683733096,
      "y": 314.1781468532484
    },
    "6": {
      "id": "6",
      "injection": -82.0787327923994,
      "x": 418.4838579685079,
      "y": 410.47951084811416
    },
    "7": {
      "id": "7",
      "injection": 58.753036566123036,
      "x": 503.87483716803865,
      "y": 256.5353098853842
    },
    "8": {
      "id": "8",
      "injection": 140.3391148412785,
      "x": 403.5931324660703,
      "y": 145.21695111453312
    },
    "9": {
      "id": "9",
      "injection": -3.2706646528773673,
      "x": 515.1267499968642,
      "y": 85.65805347088711
    },
    "10": {
      "id": "10",
      "injection": -24.549379347255986,
      "x": 331.13770628378296,
      "y": 362.1089302858776
    },
    "11": {
      "id": "11",
      "injection": -40.751648727170114,
      "x": 166.80328415715198,
      "y": 260.4008094894669
    },
    "11b": {
      "id": "11b",
      "injection": 0.0,
      "x": 166.80328415715198,
      "y": 260.4008094894669
    },
    "2b": {
      "id": "2b",
      "injection": 0.0,
      "x": 255.412366382275,
      "y": 125.11072150683019
    },
    "6b": {
      "id": "6b",
      "injection": 0.0,
      "x": 418.4838579685079,
      "y": 410.47951084811416
    },
    "4b": {
      "id": "4b",
      "injection": 0.0,
      "x": 228.91741401573026,
      "y": 424.86818165156774
    },
    "1b": {
      "id": "1b",
      "injection": 0.0,
      "x": 339.1319471176121,
      "y": 240.47257966111724
    },
    "8b": {
      "id": "8b",
      "injection": 0.0,
      "x": 403.5931324660703,
      "y": 145.21695111453312
    }
  },
  "lines": {
    "L0-2": {
      "id": "L0-2",
      "from_node": "0",
      "to_node": "2",
      "flow": -2.957053286046508,
      "limit": 50.0
    },
    "L0-6": {
      "id": "L0-6",
      "from_node": "0",
      "to_node": "6",
      "flow": 18.373442859919205,
      "limit": 50.0
    },
    "L1-2": {
      "id": "L1-2",
      "from_node": "1",
      "to_node": "2",
      "flow": 25.136867841109247,
      "limit": 50.0
    },
    "L1-5": {
      "id": "L1-5",
      "from_node": "1",
      "to_node": "5",
      "flow": 54.000000000000014,
      "limit": 50.0
    },
    "L1-8": {
      "id": "L1-8",
      "from_node": "1",
      "to_node": "8",
      "flow": -17.467270210228417,
      "limit": 50.0
    },
    "L1-10": {
      "id": "L1-10",
      "from_node": "1",
      "to_node": "10",
      "flow": 38.324362602728755,
      "limit": 50.0
    },
    "L1-11": {
      "id": "L1-11",
      "from_node": "1",
      "to_node": "11",
      "flow": 40.96121526053367,
      "limit": 50.0
    },
    "L3-8": {
      "id": "L3-8",
      "from_node": "3",
      "to_node": "8",
      "flow": -48.49974860917594,
      "limit": 50.0
    },
    "L3-9": {
      "id": "L3-9",
      "from_node": "3",
      "to_node": "9",
      "flow": -27.615155801028493,
      "limit": 50.0
    },
    "L5-11": {
      "id": "L5-11",
      "from_node": "5",
      "to_node": "11",
      "flow": -13.038784739466344,
      "limit": 50.0
    },
    "L6-10": {
      "id": "L6-10",
      "from_node": "6",
      "to_node": "10",
      "flow": -8.14300138434621,
      "limit": 50.0
    },
    "L7-9": {
      "id": "L7-9",
      "from_node": "7",
      "to_node": "9",
      "flow": 10.001227645758402,
      "limit": 50.0
    },
    "L8-9": {
      "id": "L8-9",
      "from_node": "8",
      "to_node": "9",
      "flow": 20.88459280814745,
      "limit": 50.0
    },
    "L4-5": {
      "id": "L4-5",
      "from_node": "4",
      "to_node": "5",
      "flow": 0.0,
      "limit": 50.0
    },
    "L2b-11b": {
      "id": "L2b-11b",
      "from_node": "2b",
      "to_node": "11b",
      "flow": 0.0,
      "limit": 50.0
    },
    "L2b-3": {
      "id": "L2b-3",
      "from_node": "2b",
      "to_node": "3",
      "flow": 0.0,
      "limit": 50.0
    },
    "L2b-8": {
      "id": "L2b-8",
      "from_node": "2b",
      "to_node": "8",
      "flow": 0.0,
      "limit": 50.0
    },
    "L6b-7": {
      "id": "L6b-7",
      "from_node": "6b",
      "to_node": "7",
      "flow": 0.0,
      "limit": 50.0
    },
    "L4-6b": {
      "id": "L4-6b",
      "from_node": "4",
      "to_node": "6b",
      "flow": 0.0,
      "limit": 50.0
    },
    "L4b-11b": {
      "id": "L4b-11b",
      "from_node": "4b",
      "to_node": "11b",
      "flow": 0.0,
      "limit": 50.0
    },
    "L0-4b": {
      "id": "L0-4b",
      "from_node": "0",
      "to_node": "4b",
      "flow": 0.0,
      "limit": 50.0
    },
    "L4b-10": {
      "id": "L4b-10",
      "from_node": "4b",
      "to_node": "10",
      "flow": 0.0,
      "limit": 50.0
    },
    "L1b-7": {
      "id": "L1b-7",
      "from_node": "1b",
      "to_node": "7",
      "flow": 0.0,
      "limit": 50.0
    },
    "L7-8b": {
      "id": "L7-8b",
      "from_node": "7",
      "to_node": "8b",
      "flow": 0.0,
      "limit": 50.0
    }
  },
  "cost": 7.051269034914341
}