{
  "nodes": {
    "0": {
      "id": "0",
      "injection": 65.92885242519006,
      "x": 245.2022309474491,
      "y": 159.41005827824347
    },
    "1": {
      "id": "1",
      "injection": -96.06846854134591,
      "x": 92.14316760895298,
      "y": 56.2828901650148
    },
    "2": {
      "id": "2",
      "injection": -74.30960502710309,
      "x": 278.98726394935494,
      "y": 542.6073331135476
    },
    "3": {
      "id": "3",
      "injection": 25.182485662907368,
      "x": 342.5426519411069,
      "y": 253.0405661044624
    },
    "4": {
      "id": "4",
      "injection": -118.17318972205794,
      "x": 231.757979777488,
      "y": -1.3210221327306801
    },
    "5": {
      "id": "5",
      "injection": -102.16052005901273,
      "x": 72.55752235922364,
      "y": 155.30269657065412
    },
    "6": {
      "id": "6",
      "injection": 30.555747293768924,
      "x": 127.83786707745121,
      "y": 463.82758033129727
    },
    "7": {
      "id": "7",
      "injection": 20.921691692324906,
      "x": 57.31765402476626,
      "y": -26.473256291511355
    },
    "8": {
      "id": "8",
      "injection": 102.12739184107576,
      "x": 234.41808612505073,
      "y": 457.378325698127
    },
    "9": {
      "id": "9",
      "injection": 85.27532794556795,
      "x": 126.22600432538539,
      "y": 277.13173899664673
    },
    "10": {
      "id": "10",
      "injection": -14.034786746438956,
      "x": 350.70278474251415,
      "y": 94.80779441396601
    },
    "11": {
      "id": "11",
      "injection": 46.74922118831707,
      "x": 168.35093976805757,
      "y": 115.26611389979763
    },
    "12": {
      "id": "12",
      "injection": 50.94638056996568,
      "x": 364.59696462098907,
      "y": 400.9959787305336
    },
    "13": {
      "id": "13",
      "injection": 98.31937519440199,
      "x": -16.752172928442306,
      "y": 133.6776960848443
    },
    "14": {
      "id": "14",
      "injection": -121.25990371756103,
      "x": 229.5505050500616,
      "y": 369.6417597472506
    },
    "0b": {
      "id": "0b",
      "injection": 0.0,
      "x": 245.2022309474491,
      "y": 159.41005827824347
    },
    "5b": {
      "id": "5b",
      "injection": 0.0,
      "x": 72.55752235922364,
      "y": 155.30269657065412
    }
  },
  "lines": {
    "L0-4": {
      "id": "L0-4",
      "from_node": "0",
      "to_node": "4",
      "flow": 49.37894808544014,
      "limit": 50.0
    },
    "L0-10": {
      "id": "L0-10",
      "from_node": "0",
      "to_node": "10",
      "flow": 20.093007499074925,
      "limit": 50.0
    },
    "L1-11": {
      "id": "L1-11",
      "from_node": "1",
      "to_node": "11",
      "flow": -38.77418189738033,
      "limit": 50.0
    },
    "L1-7": {
      "id": "L1-7",
      "from_node": "1",
      "to_node": "7",
      "flow": -38.242548217101245,
      "limit": 50.0
    },
    "L2-8": {
      "id": "L2-8",
      "from_node": "2",
      "to_node": "8",
      "flow": -37.15556257849403,
      "limit": 50.0
    },
    "L2-12": {
      "id": "L2-12",
      "from_node": "2",
      "to_node": "12",
      "flow": -19.22536600030321,
      "limit": 50.0
    },
    "L2-6": {
      "id": "L2-6",
      "from_node": "2",
      "to_node": "6",
      "flow": -17.928676448305836,
      "limit": 50.0
    },
    "L3-9": {
      "id": "L3-9",
      "from_node": "3",
      "to_node": "9",
      "flow": 2.7263215099835545,
      "limit": 50.0
    },
    "L3-10": {
      "id": "L3-10",
      "from_node": "3",
      "to_node": "10",
      "flow": 23.227719833729246,
      "limit": 50.0
    },
    "L3-12": {
      "id": "L3-12",
      "from_node": "3",
      "to_node": "12",
      "flow": -3.9062680154597564,
      "limit": 50.0
    },
    "L4-7": {
      "id": "L4-7",
      "from_node": "4",
      "to_node": "7",
      "flow": -19.488333684986742,
      "limit": 50.0
    },
    "L4-10": {
      "id": "L4-10",
      "from_node": "4",
      "to_node": "10",
      "flow": -29.285940586365218,
      "limit": 50.0
    },
    "L4-11": {
      "id": "L4-11",
      "from_node": "4",
      "to_node": "11",
      "flow": -20.019967365265828,
      "limit": 50.0
    },
    "L5-9": {
      "id": "L5-9",
      "from_node": "5",
      "to_node": "9",
      "flow": -48.48981501536108,
      "limit": 50.0
    },
    "L6-8": {
      "id": "L6-8",
      "from_node": "6",
      "to_node": "8",
      "flow": -19.226886130188195,
      "limit": 50.0
    },
    "L6-9": {
      "id": "L6-9",
      "from_node": "6",
      "to_node": "9",
      "flow": 5.335899973445934,
      "limit": 50.0
    },
    "L6-14": {
      "id": "L6-14",
      "from_node": "6",
      "to_node": "14",
      "flow": 26.51805700220535,
      "limit": 50.0
    },
    "L7-13": {
      "id": "L7-13",
      "from_node": "7",
      "to_node": "13",
      "flow": -36.809190209763074,
      "limit": 50.0
    },
    "L8-14": {
      "id": "L8-14",
      "from_node": "8",
      "to_node": "14",
      "flow": 45.744943132393544,
      "limit": 50.0
    },
    "L9-11": {
      "id": "L9-11",
      "from_node": "9",
      "to_node": "11",
      "flow": 29.767371544845084,
      "limit": 50.0
    },
    "L9-13": {
      "id": "L9-13",
      "from_node": "9",
      "to_node": "13",
      "flow": -6.510184984638909,
      "limit": 50.0
    },
    "L9-14": {
      "id": "L9-14",
      "from_node": "9",
      "to_node": "14",
      "flow": 21.182157028759416,
      "limit": 50.0
    },
    "L12-14": {
      "id": "L12-14",
      "from_node": "12",
      "to_node": "14",
      "flow": 27.814746554202728,
      "limit": 50.0
    },
    "L0b-9": {
      "id": "L0b-9",
      "from_node": "0b",
      "to_node": "9",
      "flow": 0.0,
      "limit": 50.0
    },
    "L0b-3": {
      "id": "L0b-3",
      "from_node": "0b",
      "to_node": "3",
      "flow": 0.0,
      "limit": 50.0
    },
    "L5-13": {
      "id": "L5-13",
      "from_node": "5",
      "to_node": "13",
      "flow": 0.0,
      "limit": 50.0
    },
    "L5-11": {
      "id": "L5-11",
      "from_node": "5",
      "to_node": "11",
      "flow": 0.0,
      "limit": 50.0
    },
    "L1-5b": {
      "id": "L1-5b",
      "from_node": "1",
      "to_node": "5b",
      "flow": 0.0,
      "limit": 50.0
    }
  },
  "cost": 4.999999999999986
}