{
  "nodes": {
    "0": {
      "id": "0",
      "injection": -105.74869496239606,
      "x": 494.13893275935976,
      "y": 467.8792360804784
    },
    "1": {
      "id": "1",
      "injection": -52.17234771780041,
      "x": 205.02951109102895,
      "y": 453.1232185374053
    },
    "2": {
      "id": "2",
      "injection": 3.065207470826054,
      "x": 453.6939353656129,
      "y": 23.96426406857359
    },
    "3": {
      "id": "3",
      "injection": -106.78362091684431,
      "x": 401.4039847170718,
      "y": 235.19011991287573
    },
    "4": {
      "id": "4",
      "injection": 50.81383681890728,
      "x": 340.473660084146,
      "y": 526.2661383036566
    },
    "5": {
      "id": "5",
      "injection": 42.95882277637524,
      "x": 606.7483707147838,
      "y": 172.93445629686377
    },
    "6": {
      "id": "6",
      "injection": 9.599082057969886,
      "x": 366.0007489305035,
      "y": 407.38465066290667
    },
    "7": {
      "id": "7",
      "injection": 20.41990144238166,
      "x": 514.2216405838118,
      "y": 119.37512527785526
    },
    "8": {
      "id": "8",
      "injection": 48.90027945392577,
      "x": 580.8508108490072,
      "y": 19.555356407476783
    },
    "9": {
      "id": "9",
      "injection": 41.15460613173098,
      "x": 276.29842094607034,
      "y": 296.367573157061
    },
    "10": {
      "id": "10",
      "injection": 25.55768001239121,
      "x": 571.9184759545603,
      "y": 340.43424112996456
    },
    "11": {
      "id": "11",
      "injection": -70.77286243574596,
      "x": 258.7359262134729,
      "y": 83.33192453926942
    },
    "12": {
      "id": "12",
      "injection": 37.19417553535836,
      "x": 76.67006722284158,
      "y": 192.02785758515282
    },
    "13": {
      "id": "13",
      "injection": 61.643480637583636,
      "x": 116.8501304789715,
      "y": 338.0118759696216
    },
    "14": {
      "id": "14",
      "injection": -101.27500716068037,
      "x": 197.45353918197674,
      "y": 203.64559096142398
    },
    "15": {
      "id": "15",
      "injection": 18.879176559619886,
      "x": 148.07306614760512,
      "y": 110.24205151741627
    },
    "16": {
      "id": "16",
      "injection": 28.529359742401958,
      "x": 323.6505800565744,
      "y": 158.86820788608054
    },
    "17": {
      "id": "17",
      "injection": -63.83255560644055,
      "x": 424.6391392763438,
      "y": 149.78750453388906
    },
    "18": {
      "id": "18",
      "injection": 50.084909121372576,
      "x": 441.8950277881811,
      "y": 308.1108687742611
    },
    "19": {
      "id": "19",
      "injection": 61.784571039063195,
      "x": 96.84427307049395,
      "y": 43.86878951499793
    },
    "7b": {
      "id": "7b",
      "injection": 0.0,
      "x": 514.2216405838118,
      "y": 119.37512527785526
    },
    "9b": {
      "id": "9b",
      "injection": 0.0,
      "x": 276.29842094607034,
      "y": 296.367573157061
    },
    "12b": {
      "id": "12b",
      "injection": 0.0,
      "x": 76.67006722284158,
      "y": 192.02785758515282
    }
  },
  "lines": {
    "L0-10": {
      "id": "L0-10",
      "from_node": "0",
      "to_node": "10",
      "flow": -47.751476938684625,
      "limit": 50.0
    },
    "L0-4": {
      "id": "L0-4",
      "from_node": "0",
      "to_node": "4",
      "flow": -33.04060965705967,
      "limit": 50.0
    },
    "L0-6": {
      "id": "L0-6",
      "from_node": "0",
      "to_node": "6",
      "flow": -24.956608366651842,
      "limit": 50.0
    },
    "L1-4": {
      "id": "L1-4",
      "from_node": "1",
      "to_node": "4",
      "flow": -9.689225871439778,
      "limit": 50.0
    },
    "L1-9": {
      "id": "L1-9",
      "from_node": "1",
      "to_node": "9",
      "flow": -8.878749599306072,
      "limit": 50.0
    },
    "L1-13": {
      "id": "L1-13",
      "from_node": "1",
      "to_node": "13",
      "flow": -33.60437224705457,
      "limit": 50.0
    },
    "L2-5": {
      "id": "L2-5",
      "from_node": "2",
      "to_node": "5",
      "flow": -9.56038068505687,
      "limit": 50.0
    },
    "L2-8": {
      "id": "L2-8",
      "from_node": "2",
      "to_node": "8",
      "flow": -18.380320481080773,
      "limit": 50.0
    },
    "L3-9": {
      "id": "L3-9",
      "from_node": "3",
      "to_node": "9",
      "flow": -40.47573875461026,
      "limit": 50.0
    },
    "L3-18": {
      "id": "L3-18",
      "from_node": "3",
      "to_node": "18",
      "flow": -48.852576728117256,
      "limit": 50.0
    },
    "L4-6": {
      "id": "L4-6",
      "from_node": "4",
      "to_node": "6",
      "flow": 8.084001290407826,
      "limit": 50.0
    },
    "L5-8": {
      "id": "L5-8",
      "from_node": "5",
      "to_node": "8",
      "flow": -8.819939796023903,
      "limit": 50.0
    },
    "L5-10": {
      "id": "L5-10",
      "from_node": "5",
      "to_node": "10",
      "flow": 29.338302506545084,
      "limit": 50.0
    },
    "L11-14": {
      "id": "L11-14",
      "from_node": "11",
      "to_node": "14",
      "flow": 29.48319457742627,
      "limit": 50.0
    },
    "L12-13": {
      "id": "L12-13",
      "from_node": "12",
      "to_node": "13",
      "flow": -3.3134857427805855,
      "limit": 50.0
    },
    "L12-15": {
      "id": "L12-15",
      "from_node": "12",
      "to_node": "15",
      "flow": -6.243372506397989,
      "limit": 50.0
    },
    "L15-19": {
      "id": "L15-19",
      "from_node": "15",
      "to_node": "19",
      "flow": -10.726348619860836,
      "limit": 50.0
    },
    "L16-17": {
      "id": "L16-17",
      "from_node": "16",
      "to_node": "17",
      "flow": 26.287861040557363,
      "limit": 50.0
    },
    "L7-17": {
      "id": "L7-17",
      "from_node": "7",
      "to_node": "17",
      "flow": 0.0,
      "limit": 50.0
    },
    "L3-17": {
      "id": "L3-17",
      "from_node": "3",
      "to_node": "17",
      "flow": 0.0,
      "limit": 50.0
    },
    "L11-12": {
      "id": "L11-12",
      "from_node": "11",
      "to_node": "12",
      "flow": 0.0,
      "limit": 50.0
    },
    "L11-15": {
      "id": "L11-15",
      "from_node": "11",
      "to_node": "15",
      "flow": 0.0,
      "limit": 50.0
    },
    "L11-19": {
      "id": "L11-19",
      "from_node": "11",
      "to_node": "19",
      "flow": 0.0,
      "limit": 50.0
    },
    "L11-16": {
      "id": "L11-16",
      "from_node": "11",
      "to_node": "16",
      "flow": 0.0,
      "limit": 50.0
    },
    "L2-11": {
      "id": "L2-11",
      "from_node": "2",
      "to_node": "11",
      "flow": 0.0,
      "limit": 50.0
    },
    "L5-7": {
      "id": "L5-7",
      "from_node": "5",
      "to_node": "7",
      "flow": 0.0,
      "limit": 50.0
    },
    "L7b-8": {
      "id": "L7b-8",
      "from_node": "7b",
      "to_node": "8",
      "flow": 0.0,
      "limit": 50.0
    },
    "L10-18": {
      "id": "L10-18",
      "from_node": "10",
      "to_node": "18",
      "flow": 0.0,
      "limit": 50.0
    },
    "L9b-18": {
      "id": "L9b-18",
      "from_node": "9b",
      "to_node": "18",
      "flow": 0.0,
      "limit": 50.0
    },
    "L6-9": {
      "id": "L6-9",
      "from_node": "6",
      "to_node": "9",
      "flow": 0.0,
      "limit": 50.0
    },
    "L9-11": {
      "id": "L9-11",
      "from_node": "9",
      "to_node": "11",
      "flow": 0.0,
      "limit": 50.0
    },
    "L9-16": {
      "id": "L9-16",
      "from_node": "9",
      "to_node": "16",
      "flow": 0.0,
      "limit": 50.0
    },
    "L9b-14": {
      "id": "L9b-14",
      "from_node": "9b",
      "to_node": "14",
      "flow": 0.0,
      "limit": 50.0
    },
    "L9-13": {
      "id": "L9-13",
      "from_node": "9",
      "to_node": "13",
      "flow": 0.0,
      "limit": 50.0
    },
    "L12b-14": {
      "id": "L12b-14",
      "from_node": "12b",
      "to_node": "14",
      "flow": 0.0,
      "limit": 50.0
    },
    "L12b-19": {
      "id": "L12b-19",
      "from_node": "12b",
      "to_node": "19",
      "flow": 0.0,