{
  "nodes": {
    "0": {
      "id": "0",
      "injection": 78.1954921174129,
      "x": 486.66945211157116,
      "y": 269.84044114666824
    },
    "1": {
      "id": "1",
      "injection": 48.9248025943659,
      "x": 304.93909101655106,
      "y": 381.8726393145743
    },
    "2": {
      "id": "2",
      "injection": -87.32034427325283,
      "x": 467.21148713232753,
      "y": 171.96516917881735
    },
    "3": {
      "id": "3",
      "injection": 75.6311557569119,
      "x": 387.76353378203856,
      "y": 229.78162597483592
    },
    "4": {
      "id": "4",
      "injection": 9.833766081928774,
      "x": 117.30137163552823,
      "y": 164.33868750679105
    },
    "5": {
      "id": "5",
      "injection": 63.67734386476305,
      "x": 326.877217545229,
      "y": 175.29846109296437
    },
    "6": {
      "id": "6",
      "injection": -118.44543268935338,
      "x": 18.686066850226055,
      "y": 218.9021742547102
    },
    "7": {
      "id": "7",
      "injection": 5.700436256352211,
      "x": 289.2217654423144,
      "y": 274.06928133500634
    },
    "8": {
      "id": "8",
      "injection": 46.64707187780812,
      "x": 357.19148844391077,
      "y": 32.21193407386429
    },
    "9": {
      "id": "9",
      "injection": -70.5793959049038,
      "x": 173.1666090089797,
      "y": 273.3644418491406
    },
    "10": {
      "id": "10",
      "injection": 71.84859514134328,
      "x": 501.127473541621,
      "y": 94.69229696855595
    },
    "11": {
      "id": "11",
      "injection": -119.4845122599846,
      "x": 442.80123741517895,
      "y": 351.63020100271393
    },
    "12": {
      "id": "12",
      "injection": 52.049723380405176,
      "x": 204.90940570762186,
      "y": 71.43746766032329
    },
    "13": {
      "id": "13",
      "injection": 1.2036559490374787,
      "x": 36.37152715913782,
      "y": 80.5529876353715
    },
    "14": {
      "id": "14",
      "injection": -57.88235789283415,
      "x": 579.2777047974987,
      "y": 261.1524258726629
    },
    "1b": {
      "id": "1b",
      "injection": 0.0,
      "x": 304.93909101655106,
      "y": 381.8726393145743
    }
  },
  "lines": {
    "L0-2": {
      "id": "L0-2",
      "from_node": "0",
      "to_node": "2",
      "flow": 31.76012903152351,
      "limit": 50.0
    },
    "L0-3": {
      "id": "L0-3",
      "from_node": "0",
      "to_node": "3",
      "flow": -5.0814676363744615,
      "limit": 50.0
    },
    "L0-14": {
      "id": "L0-14",
      "from_node": "0",
      "to_node": "14",
      "flow": 51.516830722263784,
      "limit": 50.0
    },
    "L1-11": {
      "id": "L1-11",
      "from_node": "1",
      "to_node": "11",
      "flow": 32.37471916598333,
      "limit": 50.0
    },
    "L2-10": {
      "id": "L2-10",
      "from_node": "2",
      "to_node": "10",
      "flow": -18.71861857383135,
      "limit": 50.0
    },
    "L2-3": {
      "id": "L2-3",
      "from_node": "2",
      "to_node": "3",
      "flow": -36.84159666789797,
      "limit": 50.0
    },
    "L3-5": {
      "id": "L3-5",
      "from_node": "3",
      "to_node": "5",
      "flow": 33.708091452639465,
      "limit": 50.0
    },
    "L4-9": {
      "id": "L4-9",
      "from_node": "4",
      "to_node": "9",
      "flow": -1.5454747540108968,
      "limit": 50.0
    },
    "L4-12": {
      "id": "L4-12",
      "from_node": "4",
      "to_node": "12",
      "flow": -30.979273438141867,
      "limit": 50.0
    },
    "L4-13": {
      "id": "L4-13",
      "from_node": "4",
      "to_node": "13",
      "flow": 2.5438962217255607,
      "limit": 50.0
    },
    "L4-6": {
      "id": "L4-6",
      "from_node": "4",
      "to_node": "6",
      "flow": 39.814618052356025,
      "limit": 50.0
    },
    "L5-7": {
      "id": "L5-7",
      "from_node": "5",
      "to_node": "7",
      "flow": 19.681372418520095,
      "limit": 50.0
    },
    "L5-8": {
      "id": "L5-8",
      "from_node": "5",
      "to_node": "8",
      "flow": -16.515570414205378,
      "limit": 50.0
    },
    "L5-9": {
      "id": "L5-9",
      "from_node": "5",
      "to_node": "9",
      "flow": 42.11927267789581,
      "limit": 50.0
    },
    "L5-10": {
      "id": "L5-10",
      "from_node": "5",
      "to_node": "10",
      "flow": -15.585113358572848,
      "limit": 50.0
    },
    "L5-11": {
      "id": "L5-11",
      "from_node": "5",
      "to_node": "11",
      "flow": 55.0,
      "limit": 50.0
    },
    "L5-12": {
      "id": "L5-12",
      "from_node": "5",
      "to_node": "12",
      "flow": 12.685473993764841,
      "limit": 50.0
    },
    "L6-13": {
      "id": "L6-13",
      "from_node": "6",
      "to_node": "13",
      "flow": -37.270721830630464,
      "limit": 50.0
    },
    "L6-9": {
      "id": "L6-9",
      "from_node": "6",
      "to_node": "9",
      "flow": -41.36009280636692,
      "limit": 50.0
    },
    "L7-9": {
      "id": "L7-9",
      "from_node": "7",
      "to_node": "9",
      "flow": 22.437900259375716,
      "limit": 50.0
    },
    "L8-10": {
      "id": "L8-10",
      "from_node": "8",
      "to_node": "10",
      "flow": 0.9304570556325302,
      "limit": 50.0
    },
    "L8-12": {
      "id": "L8-12",
      "from_node": "8",
      "to_node": "12",
      "flow": 29.20104440797022,
      "limit": 50.0
    },
    "L9-12": {
      "id": "L9-12",
      "from_node": "9",
      "to_node": "12",
      "flow": -29.43379868413097,
      "limit": 50.0
    },
    "L10-14": {
      "id": "L10-14",
      "from_node": "10",
      "to_node": "14",
      "flow": 38.47532026457162,
      "limit": 50.0
    },
    "L11-14": {
      "id": "L11-14",
      "from_node": "11",
      "to_node": "14",
      "flow": -32.109793094001226,
      "limit": 50.0
    },
    "L12-13": {
      "id": "L12-13",
      "from_node": "12",
      "to_node": "13",
      "flow": 33.52316965986743,
      "limit": 50.0
    },
    "L1b-9": {
      "id": "L1b-9",
      "from_node": "1b",
      "to_node": "9",
      "flow": 0.0,
      "limit": 50.0
    },
    "L1b-7": {
      "id": "L1b-7",
      "from_node": "1b",
      "to_node": "7",
      "flow": 0.0,
      "limit": 50.0
    }
  },
  "cost": 6.516830722263784
}