{"nodes": {"0": {"id": "0", "injection": -58.003557901861086, "x": 286.7957724204688, "y": 463.3781390902844}, "1": {"id": "1", "injection": -17.83644203119304, "x": 536.9497821417981, "y": 295.45206638530453}, "2": {"id": "2", "injection": 86.24205992970569, "x": 160.31653673866265, "y": -32.226270493174574}, "3": {"id": "3", "injection": -56.599884824590255, "x": 543.005070748686, "y": 141.5010898300035}, "4": {"id": "4", "injection": -74.16185779466936, "x": 408.64135666330617, "y": 39.100417310040186}, "5": {"id": "5", "injection": 59.64912380822307, "x": 314.4186922105375, "y": 550.8966296617882}, "6": {"id": "6", "injection": -43.451580587502505, "x": 374.0732351695793, "y": 371.18275805551434}, "7": {"id": "7", "injection": -84.2024101076603, "x": -5.8763068256897295, "y": 326.5772814569524}, "8": {"id": "8", "injection": 111.69034544459552, "x": 199.06914405240627, "y": 437.019548809327}, "9": {"id": "9", "injection": -24.215045691878135, "x": 290.00355639861846, "y": -35.737541989203564}, "10": {"id": "10", "injection": 102.09600282255302, "x": -8.43498838592365, "y": 176.19846957011458}, "11": {"id": "11", "injection": 4.814697387767749, "x": 450.6908847505991, "y": 236.10040418982962}, "12": {"id": "12", "injection": -63.75941856482387, "x": 322.0166101837693, "y": 213.26055128582863}, "13": {"id": "13", "injection": -63.670637283967, "x": 167.38869194284487, "y": 570.264465001591}, "14": {"id": "14", "injection": -34.651732047762614, "x": 226.7437635095704, "y": 111.47908597492005}, "15": {"id": "15", "injection": -79.10981687608884, "x": 115.8858973160216, "y": 239.05959105484635}, "16": {"id": "16", "injection": 28.408768174325015, "x": 50.74191436963105, "y": 458.2546313130564}, "17": {"id": "17", "injection": 51.53165100008013, "x": 243.12761128974986, "y": 271.680957495036}, "18": {"id": "18", "injection": 12.14551437950637, "x": 64.12335435626021, "y": 53.17930582058892}, "19": {"id": "19", "injection": 143.08422076524053, "x": 392.5000494286617, "y": 154.5720103257503}, "4b": {"id": "4b", "injection": 0.0, "x": 408.64135666330617, "y": 39.100417310040186}}, "lines": {"L0-8": {"id": "L0-8", "from_node": "0", "to_node": "8", "flow": -33.896701153093716, "limit": 50.0}, "L0-5": {"id": "L0-5", "from_node": "0", "to_node": "5", "flow": -21.788542036864346, "limit": 50.0}, "L0-6": {"id": "L0-6", "from_node": "0", "to_node": "6", "flow": -2.3183147119031675, "limit": 50.0}, "L1-11": {"id": "L1-11", "from_node": "1", "to_node": "11", "flow": -15.812737523014183, "limit": 50.0}, "L1-3": {"id": "L1-3", "from_node": "1", "to_node": "3", "flow": 13.124866368488652, "limit": 50.0}, "L1-6": {"id": "L1-6", "from_node": "1", "to_node": "6", "flow": -15.148570876667513, "limit": 50.0}, "L2-9": {"id": "L2-9", "from_node": "2", "to_node": "9", "flow": 38.90309358691642, "limit": 50.0}, "L2-18": {"id": "L2-18", "from_node": "2", "to_node": "18", "flow": 9.876931612270027, "limit": 50.0}, "L2-14": {"id": "L2-14", "from_node": "2", "to_node": "14", "flow": 37.46203473051924, "limit": 50.0}, "L3-11": {"id": "L3-11", "from_node": "3", "to_node": "11", "flow": -28.937603891502835, "limit": 50.0}, "L4-9": {"id": "L4-9", "from_node": "4", "to_node": "9", "flow": -16.129106751435465, "limit": 50.0}, "L4-14": {"id": "L4-14", "from_node": "4", "to_node": "14", "flow": -17.570165607832642, "limit": 50.0}, "L4-19": {"id": "L4-19", "from_node": "4", "to_node": "19", "flow": -55.000000000000014, "limit": 50.0}, "L5-13": {"id": "L5-13", "from_node": "5", "to_node": "13", "flow": 18.390354446397534, "limit": 50.0}, "L5-6": {"id": "L5-6", "from_node": "5", "to_node": "6", "flow": 19.47022732496118, "limit": 50.0}, "L6-8": {"id": "L6-8", "from_node": "6", "to_node": "8", "flow": -31.57838644119055, "limit": 50.0}, "L6-11": {"id": "L6-11", "from_node": "6", "to_node": "11", "flow": -0.6641666463466707, "limit": 50.0}, "L6-12": {"id": "L6-12", "from_node": "6", "to_node": "12", "flow": 6.220432772701997, "limit": 50.0}, "L6-17": {"id": "L6-17", "from_node": "6", "to_node": "17", "flow": -15.426118536276775, "limit": 50.0}, "L7-10": {"id": "L7-10", "from_node": "7", "to_node": "10", "flow": -50.46400420555789, "limit": 50.0}, "L7-15": {"id": "L7-15", "from_node": "7", "to_node": "15", "flow": -4.394662715035581, "limit": 50.0}, "L7-16": {"id": "L7-16", "from_node": "7", "to_node": "16", "flow": -29.343743187066828, "limit": 50.0}, "L8-13": {"id": "L8-13", "from_node": "8", "to_node": "13", "flow": 30.498513562626904, "limit": 50.0}, "L8-16": {"id": "L8-16", "from_node": "8", "to_node": "16", "flow": 15.716744287684346, "limit": 50.0}, "L9-14": {"id": "L9-14", "from_node": "9", "to_node": "14", "flow": -1.4410588563971798, "limit": 50.0}, "L10-18": {"id": "L10-18", "from_node": "10", "to_node": "18", "flow": 5.562657126472814, "limit": 50.0}, "L10-15": {"id": "L10-15", "from_node": "10", "to_node": "15", "flow": 46.06934149052231, "limit": 50.0}, "L11-19": {"id": "L11-19", "from_node": "11", "to_node": "19", "flow": -40.599810673095945, "limit": 50.0}, "L12-14": {"id": "L12-14", "from_node": "12", "to_node": "14", "flow": -10.054575699977239, "limit": 50.0}, "L12-19": {"id": "L12-19", "from_node": "12", "to_node": "19", "flow": -47.48441009214461, "limit": 50.0}, "L13-16": {"id": "L13-16", "from_node": "13", "to_node": "16", "flow": -14.781769274942558, "limit": 50.0}, "L14-15": {"id": "L14-15", "from_node": "14", "to_node": "15", "flow": 12.921581245800285, "limit": 50.0}, "L14-17": {"id": "L14-17", "from_node": "14", "to_node": "17", "flow": -11.591975609001532, "limit": 50.0}, "L14-18": {"id": "L14-18", "from_node": "14", "to_node": "18", "flow": -27.585103118249215, "limit": 50.0}, "L15-17": {"id": "L15-17", "from_node": "15", "to_node": "17", "flow": -24.513556854801816, "limit": 50.0}, "L3-4b": {"id": "L3-4b", "from_node": "3", "to_node": "4b", "flow": 0.0, "limit": 50.0}}, "cost": 25.215299902775552}