{"nodes": {"0": {"id": "0", "injection": 59.97916904414044, "x": 431.5180153261383, "y": 415.3492923133899}, "1": {"id": "1", "injection": -6.565408470760825, "x": 446.9513283806536, "y": 277.1008083249548}, "2": {"id": "2", "injection": -12.3824008955282, "x": 111.72085692132411, "y": 378.9808536017797}, "3": {"id": "3", "injection": 79.26840132212345, "x": 305.99933906838197, "y": 324.3095803301298}, "4": {"id": "4", "injection": -30.93225064648037, "x": 194.67922511516772, "y": 282.13144193739925}, "5": {"id": "5", "injection": -52.8779130436319, "x": 321.2197914479122, "y": 503.9802950351706}, "6": {"id": "6", "injection": -54.933542813062985, "x": 177.50032706219085, "y": 116.26845743057274}, "7": {"id": "7", "injection": 66.4600349765062, "x": 22.668432400382517, "y": 120.95687059637196}, "8": {"id": "8", "injection": -50.587792337321325, "x": -38.49324171119769, "y": 21.218350097885153}, "9": {"id": "9", "injection": 36.058715562637616, "x": 81.93902104746559, "y": 3.6027036570802986}, "10": {"id": "10", "injection": -73.05192572646271, "x": 40.43902281556065, "y": 249.52315699167238}, "11": {"id": "11", "injection": -82.22087302753705, "x": 212.48790758207286, "y": -0.5958014069799393}, "12": {"id": "12", "injection": 89.53969886061434, "x": 53.45581867031038, "y": -90.15270729727735}, "13": {"id": "13", "injection": 14.494456115025624, "x": 137.0529020822577, "y": 199.63809792856102}, "14": {"id": "14", "injection": 0.26696466860707385, "x": 169.45742624378508, "y": 516.7714600218357}, "15": {"id": "15", "injection": -81.73628112640927, "x": 354.7544764094906, "y": 155.09016604774266}, "16": {"id": "16", "injection": 95.60257976287953, "x": 342.375536218761, "y": 32.053802393398236}, "17": {"id": "17", "injection": -32.42101615636556, "x": 226.51324688153332, "y": 421.7394353715424}, "18": {"id": "18", "injection": 86.61362906001312, "x": 324.8225038307837, "y": 169.34421376463158}, "19": {"id": "19", "injection": -50.57424512898723, "x": 251.0852906457183, "y": 115.34536077692744}, "2b": {"id": "2b", "injection": 0.0, "x": 111.72085692132411, "y": 378.9808536017797}, "13b": {"id": "13b", "injection": 0.0, "x": 137.0529020822577, "y": 199.63809792856102}}, "lines": {"L0-1": {"id": "L0-1", "from_node": "0", "to_node": "1", "flow": 17.173312171906197, "limit": 50.0}, "L0-3": {"id": "L0-3", "from_node": "0", "to_node": "3", "flow": 9.790757182100458, "limit": 50.0}, "L0-5": {"id": "L0-5", "from_node": "0", "to_node": "5", "flow": 33.0150996901338, "limit": 50.0}, "L1-3": {"id": "L1-3", "from_node": "1", "to_node": "3", "flow": -7.3825549898057385, "limit": 50.0}, "L1-15": {"id": "L1-15", "from_node": "1", "to_node": "15", "flow": 17.990458690951115, "limit": 50.0}, "L3-4": {"id": "L3-4", "from_node": "3", "to_node": "4", "flow": 24.48658162908361, "limit": 50.0}, "L3-5": {"id": "L3-5", "from_node": "3", "to_node": "5", "flow": 23.224342508033345, "limit": 50.0}, "L3-15": {"id": "L3-15", "from_node": "3", "to_node": "15", "flow": 25.373013680756856, "limit": 50.0}, "L3-18": {"id": "L3-18", "from_node": "3", "to_node": "18", "flow": -40.57098647337508, "limit": 50.0}, "L5-17": {"id": "L5-17", "from_node": "5", "to_node": "17", "flow": 2.545528326120042, "limit": 50.0}, "L5-14": {"id": "L5-14", "from_node": "5", "to_node": "14", "flow": 0.8160008284152269, "limit": 50.0}, "L6-11": {"id": "L6-11", "from_node": "6", "to_node": "11", "flow": -30.119098291282974, "limit": 50.0}, "L6-19": {"id": "L6-19", "from_node": "6", "to_node": "19", "flow": -26.828854209445844, "limit": 50.0}, "L7-8": {"id": "L7-8", "from_node": "7", "to_node": "8", "flow": -0.2504599659328175, "limit": 50.0}, "L7-10": {"id": "L7-10", "from_node": "7", "to_node": "10", "flow": 55.00000000000001, "limit": 50.0}, "L7-11": {"id": "L7-11", "from_node": "7", "to_node": "11", "flow": 11.710494942439007, "limit": 50.0}, "L8-9": {"id": "L8-9", "from_node": "8", "to_node": "9", "flow": -18.73400323937998, "limit": 50.0}, "L8-12": {"id": "L8-12", "from_node": "8", "to_node": "12", "flow": -32.10424906387416, "limit": 50.0}, "L9-11": {"id": "L9-11", "from_node": "9", "to_node": "11", "flow": 30.694958147751805, "limit": 50.0}, "L9-12": {"id": "L9-12", "from_node": "9", "to_node": "12", "flow": -13.370245824494177, "limit": 50.0}, "L10-13": {"id": "L10-13", "from_node": "10", "to_node": "13", "flow": -11.155997078612202, "limit": 50.0}, "L11-12": {"id": "L11-12", "from_node": "11", "to_node": "12", "flow": -44.06520397224598, "limit": 50.0}, "L11-15": {"id": "L11-15", "from_node": "11", "to_node": "15", "flow": 38.37280875470129, "limit": 50.0}, "L11-16": {"id": "L11-16", "from_node": "11", "to_node": "16", "flow": -39.961175693491015, "limit": 50.0}, "L11-18": {"id": "L11-18", "from_node": "11", "to_node": "18", "flow": -27.571191399430646, "limit": 50.0}, "L11-19": {"id": "L11-19", "from_node": "11", "to_node": "19", "flow": 3.2902440818371335, "limit": 50.0}, "L14-17": {"id": "L14-17", "from_node": "14", "to_node": "17", "flow": 1.7295274977048152, "limit": 50.0}, "L16-18": {"id": "L16-18", "from_node": "16", "to_node": "18", "flow": 12.389984294060369, "limit": 50.0}, "L16-19": {"id": "L16-19", "from_node": "16", "to_node": "19", "flow": 43.25141977532815, "limit": 50.0}, "L18-19": {"id": "L18-19", "from_node": "18", "to_node": "19", "flow": 30.86143548126778, "limit": 50.0}, "L2b-3": {"id": "L2b-3", "from_node": "2b", "to_node": "3", "flow": 0.0, "limit": 50.0}, "L2b-10": {"id": "L2b-10", "from_node": "2b", "to_node": "10", "flow": 0.0, "limit": 50.0}, "L2-14": {"id": "L2-14", "from_node": "2", "to_node": "14", "flow": 0.0, "limit": 50.0}, "L2-17": {"id": "L2-17", "from_node": "2", "to_node": "17", "flow": 0.0, "limit": 50.0}, "L2-4": {"id": "L2-4", "from_node": "2", "to_node": "4", "flow": 0.0, "limit": 50.0}, "L3-17": {"id": "L3-17", "from_node": "3", "to_node": "17", "flow": 0.0, "limit": 50.0}, "L4-13b": {"id": "L4-13b", "from_node": "4", "to_node": "13b", "flow": 0.0, "limit": 50.0}, "L6-13b": {"id": "L6-13b", "from_node": "6", "to_node": "13b", "flow": 0.0, "limit": 50.0}}, "cost": 25.00000000000007}