{"nodes": {"0": {"id": "0", "injection": 26.661418572178967, "x": 13.015704462169424, "y": 339.8278594663405}, "1": {"id": "1", "injection": 85.10332412828053, "x": 80.49287432257282, "y": 563.3009419530798}, "2": {"id": "2", "injection": -24.570737168956413, "x": 310.7151870531071, "y": 329.94582469341555}, "3": {"id": "3", "injection": -22.81639840929195, "x": 506.9101931684697, "y": 336.78833051421896}, "4": {"id": "4", "injection": -4.5878011208698695, "x": 117.43893910451176, "y": 223.82192148745924}, "5": {"id": "5", "injection": 58.9509668945907, "x": 553.9301826960369, "y": 197.44753185886512}, "6": {"id": "6", "injection": -10.949343594538135, "x": 169.92748600171157, "y": 111.16985676245443}, "7": {"id": "7", "injection": -62.407800694241814, "x": 162.64080665770499, "y": 31.455662293963933}, "8": {"id": "8", "injection": -42.091091043579844, "x": 194.45741194116735, "y": 401.3548528526539}, "9": {"id": "9", "injection": -93.2334888513858, "x": 81.42518072166662, "y": 440.9458230099717}, "10": {"id": "10", "injection": 80.62628049158329, "x": 156.94776468746045, "y": 331.29062173392043}, "11": {"id": "11", "injection": 23.585489159756623, "x": 50.62306391295089, "y": 57.835589189451426}, "12": {"id": "12", "injection": 77.23283594544188, "x": 295.34898655785264, "y": 177.099960926774}, "13": {"id": "13", "injection": 29.5409382933606, "x": 277.17695108044586, "y": -2.8707697395064202}, "14": {"id": "14", "injection": -23.55683186590103, "x": 131.53411740911943, "y": -77.44601105281657}, "15": {"id": "15", "injection": 22.56843887608971, "x": 233.9231085550545, "y": 503.56851598527095}, "16": {"id": "16", "injection": -28.800914263775226, "x": 439.50126162190514, "y": 264.7394444162119}, "17": {"id": "17", "injection": -57.44275065052242, "x": -35.68952034550201, "y": 460.7335056002139}, "18": {"id": "18", "injection": -95.52149621626384, "x": 220.35686730388815, "y": 154.21644084769486}, "19": {"id": "19", "injection": 61.708961518043985, "x": 417.35908340077316, "y": 173.28638444420395}, "8b": {"id": "8b", "injection": 0.0, "x": 194.45741194116735, "y": 401.3548528526539}}, "lines": {"L1-9": {"id": "L1-9", "from_node": "1", "to_node": "9", "flow": 51.86711878922233, "limit": 50.0}, "L2-3": {"id": "L2-3", "from_node": "2", "to_node": "3", "flow": -12.143124979843261, "limit": 50.0}, "L2-4": {"id": "L2-4", "from_node": "2", "to_node": "4", "flow": 16.199496465383756, "limit": 50.0}, "L2-10": {"id": "L2-10", "from_node": "2", "to_node": "10", "flow": -19.913541460745247, "limit": 50.0}, "L2-15": {"id": "L2-15", "from_node": "2", "to_node": "15", "flow": 8.108061254213396, "limit": 50.0}, "L2-19": {"id": "L2-19", "from_node": "2", "to_node": "19", "flow": -40.31824495562191, "limit": 50.0}, "L3-16": {"id": "L3-16", "from_node": "3", "to_node": "16", "flow": -4.4381208242590695, "limit": 50.0}, "L3-5": {"id": "L3-5", "from_node": "3", "to_node": "5", "flow": -30.52140256487614, "limit": 50.0}, "L4-6": {"id": "L4-6", "from_node": "4", "to_node": "6", "flow": 26.173590033653674, "limit": 50.0}, "L4-10": {"id": "L4-10", "from_node": "4", "to_node": "10", "flow": -36.113037926129, "limit": 50.0}, "L4-11": {"id": "L4-11", "from_node": "4", "to_node": "11", "flow": 10.314594755184615, "limit": 50.0}, "L4-12": {"id": "L4-12", "from_node": "4", "to_node": "12", "flow": -13.361357585060958, "limit": 50.0}, "L4-18": {"id": "L4-18", "from_node": "4", "to_node": "18", "flow": 36.11124288828552, "limit": 50.0}, "L5-16": {"id": "L5-16", "from_node": "5", "to_node": "16", "flow": 26.08328174061707, "limit": 50.0}, "L5-19": {"id": "L5-19", "from_node": "5", "to_node": "19", "flow": 2.346282589097491, "limit": 50.0}, "L6-18": {"id": "L6-18", "from_node": "6", "to_node": "18", "flow": 9.937652854631843, "limit": 50.0}, "L6-7": {"id": "L6-7", "from_node": "6", "to_node": "7", "flow": 5.286593584483704, "limit": 50.0}, "L7-11": {"id": "L7-11", "from_node": "7", "to_node": "11", "flow": -21.145588862952764, "limit": 50.0}, "L7-13": {"id": "L7-13", "from_node": "7", "to_node": "13", "flow": -27.584524435841075, "limit": 50.0}, "L7-14": {"id": "L7-14", "from_node": "7", "to_node": "14", "flow": -8.391093810964279, "limit": 50.0}, "L11-14": {"id": "L11-14", "from_node": "11", "to_node": "14", "flow": 12.754495051988485, "limit": 50.0}, "L12-13": {"id": "L12-13", "from_node": "12", "to_node": "13", "flow": 17.23701676735726, "limit": 50.0}, "L13-14": {"id": "L13-14", "from_node": "13", "to_node": "14", "flow": 19.193430624876797, "limit": 50.0}, "L16-19": {"id": "L16-19", "from_node": "16", "to_node": "19", "flow": -23.73699915151958, "limit": 50.0}, "L1-17": {"id": "L1-17", "from_node": "1", "to_node": "17", "flow": 0.0, "limit": 50.0}, "L9-17": {"id": "L9-17", "from_node": "9", "to_node": "17", "flow": 0.0, "limit": 50.0}, "L0-4": {"id": "L0-4", "from_node": "0", "to_node": "4", "flow": 0.0, "limit": 50.0}, "L0-17": {"id": "L0-17", "from_node": "0", "to_node": "17", "flow": 0.0, "limit": 50.0}, "L0-10": {"id": "L0-10", "from_node": "0", "to_node": "10", "flow": 0.0, "limit": 50.0}, "L12-18": {"id": "L12-18", "from_node": "12", "to_node": "18", "flow": 0.0, "limit": 50.0}, "L2-12": {"id": "L2-12", "from_node": "2", "to_node": "12", "flow": 0.0, "limit": 50.0}, "L2-16": {"id": "L2-16", "from_node": "2", "to_node": "16", "flow": 0.0, "limit": 50.0}, "L8-15": {"id": "L8-15", "from_node": "8", "to_node": "15", "flow": 0.0, "limit": 50.0}, "L1-15": {"id": "L1-15", "from_node": "1", "to_node": "15", "flow": 0.0, "limit": 50.0}, "L2-8b": {"id": "L2-8b", "from_node": "2", "to_node": "8b", "flow": 0.0, "limit": 50.0}, "L8b-9": {"id": "L8b-9", "from_node": "8b", "to_node": "9", "flow": 0.0, "limit": 50.0}}, "cost": 1.8671187892223315}