{"nodes": {"0": {"id": "0", "injection": 67.05762108486306, "x": 320.46515749239194, "y": -22.803896225388733}, "1": {"id": "1", "injection": 26.99448900842756, "x": 140.88278069970076, "y": -2.750589702015696}, "2": {"id": "2", "injection": -7.112832244153749, "x": 372.04784210856144, "y": 447.08263896014444}, "3": {"id": "3", "injection": 36.40401439026137, "x": 278.7825339020784, "y": 251.6649657149424}, "4": {"id": "4", "injection": -6.717915803370405, "x": 250.47622679500233, "y": 45.36738705311041}, "5": {"id": "5", "injection": 33.94739036216958, "x": 382.73142277371676, "y": 549.8907533774624}, "6": {"id": "6", "injection": 75.74190628257851, "x": 67.48595323814294, "y": 183.9055710836856}, "7": {"id": "7", "injection": 9.886190393949708, "x": 357.9710716146077, "y": 655.8497637063292}, "8": {"id": "8", "injection": 60.77701629920897, "x": 236.06283914730307, "y": 553.7166119882987}, "9": {"id": "9", "injection": 0.694061209672455, "x": 483.8910693125694, "y": 565.4649596897732}, "10": {"id": "10", "injection": -15.943783738012076, "x": 143.9237355413311, "y": 424.96795594650354}, "11": {"id": "11", "injection": 14.44413175201628, "x": 0.395293806294187, "y": 18.09631368981005}, "12": {"id": "12", "injection": -137.7950886455755, "x": 390.03667288493364, "y": 224.84269817974962}, "13": {"id": "13", "injection": -18.307755129249493, "x": -26.219563474302852, "y": 139.60096935124815}, "14": {"id": "14", "injection": -20.387680341173837, "x": 241.17151347560815, "y": 135.78360917524031}, "15": {"id": "15", "injection": 55.47862279717898, "x": 110.93539381405249, "y": 110.89552710950731}, "16": {"id": "16", "injection": 14.406770421756972, "x": 306.10341992738574, "y": 357.75611234409524}, "17": {"id": "17", "injection": -30.563150399367903, "x": 167.77859798084353, "y": 262.76267584159336}, "18": {"id": "18", "injection": -38.26506739877888, "x": 395.2104755005838, "y": 103.6786193715055}, "19": {"id": "19", "injection": -120.73894030240157, "x": 23.23570052758487, "y": 307.6470045165427}, "16b": {"id": "16b", "injection": 0.0, "x": 306.10341992738574, "y": 357.75611234409524}, "18b": {"id": "18b", "injection": 0.0, "x": 395.2104755005838, "y": 103.6786193715055}, "10b": {"id": "10b", "injection": 0.0, "x": 143.9237355413311, "y": 424.96795594650354}}, "lines": {"L0-1": {"id": "L0-1", "from_node": "0", "to_node": "1", "flow": 3.7621352911637778, "limit": 50.0}, "L0-4": {"id": "L0-4", "from_node": "0", "to_node": "4", "flow": 13.05768367224312, "limit": 50.0}, "L1-4": {"id": "L1-4", "from_node": "1", "to_node": "4", "flow": 9.295548381079342, "limit": 50.0}, "L1-11": {"id": "L1-11", "from_node": "1", "to_node": "11", "flow": -4.478480116133923, "limit": 50.0}, "L1-13": {"id": "L1-13", "from_node": "1", "to_node": "13", "flow": 14.370880714663054, "limit": 50.0}, "L1-14": {"id": "L1-14", "from_node": "1", "to_node": "14", "flow": 24.930864631031405, "limit": 50.0}, "L1-15": {"id": "L1-15", "from_node": "1", "to_node": "15", "flow": -13.362189311048539, "limit": 50.0}, "L2-5": {"id": "L2-5", "from_node": "2", "to_node": "5", "flow": -22.875340272885524, "limit": 50.0}, "L2-8": {"id": "L2-8", "from_node": "2", "to_node": "8", "flow": -13.026328763580782, "limit": 50.0}, "L2-9": {"id": "L2-9", "from_node": "2", "to_node": "9", "flow": -14.562007984761248, "limit": 50.0}, "L3-12": {"id": "L3-12", "from_node": "3", "to_node": "12", "flow": 49.27755172363731, "limit": 50.0}, "L3-17": {"id": "L3-17", "from_node": "3", "to_node": "17", "flow": -7.15108905701322, "limit": 50.0}, "L4-14": {"id": "L4-14", "from_node": "4", "to_node": "14", "flow": 15.63531624995206, "limit": 50.0}, "L5-9": {"id": "L5-9", "from_node": "5", "to_node": "9", "flow": 8.313332288124275, "limit": 50.0}, "L5-7": {"id": "L5-7", "from_node": "5", "to_node": "7", "flow": 2.7587178011597686, "limit": 50.0}, "L6-17": {"id": "L6-17", "from_node": "6", "to_node": "17", "flow": 40.62078027404137, "limit": 50.0}, "L6-13": {"id": "L6-13", "from_node": "6", "to_node": "13", "flow": 31.427098017124365, "limit": 50.0}, "L6-15": {"id": "L6-15", "from_node": "6", "to_node": "15", "flow": 3.6940279914127707, "limit": 50.0}, "L7-8": {"id": "L7-8", "from_node": "7", "to_node": "8", "flow": 7.090293708144973, "limit": 50.0}, "L7-9": {"id": "L7-9", "from_node": "7", "to_node": "9", "flow": 5.554614486964507, "limit": 50.0}, "L10-17": {"id": "L10-17", "from_node": "10", "to_node": "17", "flow": 0.10755151623089176, "limit": 50.0}, "L11-13": {"id": "L11-13", "from_node": "11", "to_node": "13", "flow": 18.84936083079698, "limit": 50.0}, "L11-15": {"id": "L11-15", "from_node": "11", "to_node": "15", "flow": -8.883709194914616, "limit": 50.0}, "L13-19": {"id": "L13-19", "from_node": "13", "to_node": "19", "flow": 46.339584433334906, "limit": 50.0}, "L14-17": {"id": "L14-17", "from_node": "14", "to_node": "17", "flow": -1.366301659451338, "limit": 50.0}, "L14-18": {"id": "L14-18", "from_node": "14", "to_node": "18", "flow": 21.544802199260968, "limit": 50.0}, "L15-17": {"id": "L15-17", "from_node": "15", "to_node": "17", "flow": 36.926752282628605, "limit": 50.0}, "L17-19": {"id": "L17-19", "from_node": "17", "to_node": "19", "flow": 37.14590217641789, "limit": 50.0}, "L12-16b": {"id": "L12-16b", "from_node": "12", "to_node": "16b", "flow": 0.0, "limit": 50.0}, "L2-16b": {"id": "L2-16b", "from_node": "2", "to_node": "16b", "flow": 0.0, "limit": 50.0}, "L16-17": {"id": "L16-17", "from_node": "16", "to_node": "17", "flow": 0.0, "limit": 50.0}, "L10-16": {"id": "L10-16", "from_node": "10", "to_node": "16", "flow": 0.0, "limit": 50.0}, "L0-18b": {"id": "L0-18b", "from_node": "0", "to_node": "18b", "flow": 0.0, "limit": 50.0}, "L12-18b": {"id": "L12-18b", "from_node": "12", "to_node": "18b", "flow": 0.0, "limit": 50.0}, "L8-10b": {"id": "L8-10b", "from_node": "8", "to_node": "10b", "flow": 0.0, "limit": 50.0}, "L10b-19": {"id": "L10b-19", "from_node": "10b", "to_node": "19", "flow": 0.0, "limit": 50.0}, "L3-16": {"id": "L3-16", "from_node": "3", "to_node": "16", "flow": 0.0, "limit": 50.0}}, "solved": false}