{
  "nodes": {
    "0": {
      "id": "0",
      "injection": -45.223190485005446,
      "x": 253.07728802094198,
      "y": 42.938529631303055,
      "cost_increase": 0,
      "cost_decrease": 0
    },
    "1": {
      "id": "1",
      "injection": -55.288930072902396,
      "x": 205.3481739989526,
      "y": 438.8127460152011,
      "cost_increase": 0,
      "cost_decrease": 0
    },
    "2": {
      "id": "2",
      "injection": -53.7180173730174,
      "x": 213.59365626647426,
      "y": 203.0878545625645,
      "cost_increase": 0,
      "cost_decrease": 0
    },
    "3": {
      "id": "3",
      "injection": 102.38123480302882,
      "x": 426.6747133843217,
      "y": 90.15886475079584,
      "cost_increase": 0,
      "cost_decrease": 0
    },
    "4": {
      "id": "4",
      "injection": 5.063907393882862,
      "x": 427.91417050939435,
      "y": 271.795749505009,
      "cost_increase": 0,
      "cost_decrease": 0
    },
    "5": {
      "id": "5",
      "injection": 110.76554504302307,
      "x": 88.68126643448176,
      "y": 140.4197244221617,
      "cost_increase": 0,
      "cost_decrease": 0
    },
    "6": {
      "id": "6",
      "injection": -19.80495897998169,
      "x": 348.8699165356731,
      "y": 151.35824061633534,
      "cost_increase": 0,
      "cost_decrease": 0
    },
    "7": {
      "id": "7",
      "injection": 104.91659139274348,
      "x": 263.80502733221954,
      "y": 153.86304254779398,
      "cost_increase": 0,
      "cost_decrease": 0
    },
    "8": {
      "id": "8",
      "injection": -18.75591441030419,
      "x": 153.43141683187972,
      "y": 234.54258982763005,
      "cost_increase": 0,
      "cost_decrease": 0
    },
    "9": {
      "id": "9",
      "injection": 45.3712994720846,
      "x": 92.76396268185802,
      "y": 324.61295594675846,
      "cost_increase": 0,
      "cost_decrease": 0
    },
    "10": {
      "id": "10",
      "injection": -112.33877738726994,
      "x": 276.7398240590515,
      "y": 307.5551557491774,
      "cost_increase": 0,
      "cost_decrease": 0
    },
    "11": {
      "id": "11",
      "injection": -63.368789396281805,
      "x": 358.8425206364497,
      "y": 417.09244378127244,
      "cost_increase": 0,
      "cost_decrease": 0
    }
  },
  "lines": {
    "L0-3": {
      "id": "L0-3",
      "from_node": "0",
      "to_node": "3",
      "flow": -24.396012858329442,
      "limit": 50.0
    },
    "L0-5": {
      "id": "L0-5",
      "from_node": "0",
      "to_node": "5",
      "flow": -22.28097102189004,
      "limit": 50.0
    },
    "L0-6": {
      "id": "L0-6",
      "from_node": "0",
      "to_node": "6",
      "flow": 6.150535587423186,
      "limit": 50.0
    },
    "L0-7": {
      "id": "L0-7",
      "from_node": "0",
      "to_node": "7",
      "flow": -4.696742192209115,
      "limit": 50.0
    },
    "L1-9": {
      "id": "L1-9",
      "from_node": "1",
      "to_node": "9",
      "flow": -45.137756472736044,
      "limit": 50.0
    },
    "L1-10": {
      "id": "L1-10",
      "from_node": "1",
      "to_node": "10",
      "flow": -13.512342605921475,
      "limit": 50.0
    },
    "L1-11": {
      "id": "L1-11",
      "from_node": "1",
      "to_node": "11",
      "flow": 3.3611690057550945,
      "limit": 50.0
    },
    "L2-8": {
      "id": "L2-8",
      "from_node": "2",
      "to_node": "8",
      "flow": -15.278318971948625,
      "limit": 50.0
    },
    "L2-10": {
      "id": "L2-10",
      "from_node": "2",
      "to_node": "10",
      "flow": 7.780150799465602,
      "limit": 50.0
    },
    "L2-7": {
      "id": "L2-7",
      "from_node": "2",
      "to_node": "7",
      "flow": -46.21984920053439,
      "limit": 50.0
    },
    "L3-4": {
      "id": "L3-4",
      "from_node": "3",
      "to_node": "4",
      "flow": 47.43867349894674,
      "limit": 50.0
    },
    "L3-6": {
      "id": "L3-6",
      "from_node": "3",
      "to_node": "6",
      "flow": 30.546548445752627,
      "limit": 50.0
    },
    "L4-6": {
      "id": "L4-6",
      "from_node": "4",
      "to_node": "6",
      "flow": -16.892125053194118,
      "limit": 50.0
    },
    "L4-10": {
      "id": "L4-10",
      "from_node": "4",
      "to_node": "10",
      "flow": 26.260597167173575,
      "limit": 50.0
    },
    "L4-11": {
      "id": "L4-11",
      "from_node": "4",
      "to_node": "11",
      "flow": 43.13410877885015,
      "limit": 50.0
    },
    "L5-9": {
      "id": "L5-9",
      "from_node": "5",
      "to_node": "9",
      "flow": 39.95881496286635,
      "limit": 50.0
    },
    "L5-8": {
      "id": "L5-8",
      "from_node": "5",
      "to_node": "8",
      "flow": 48.52575905826669,
      "limit": 50.0
    },
    "L7-10": {
      "id": "L7-10",
      "from_node": "7",
      "to_node": "10",
      "flow": 53.99999999999999,
      "limit": 50.0
    },
    "L8-9": {
      "id": "L8-9",
      "from_node": "8",
      "to_node": "9",
      "flow": -8.566944095400341,
      "limit": 50.0
    },
    "L8-10": {
      "id": "L8-10",
      "from_node": "8",
      "to_node": "10",
      "flow": 23.058469771414227,
      "limit": 50.0
    },
    "L9-10": {
      "id": "L9-10",
      "from_node": "9",
      "to_node": "10",
      "flow": 31.62541386681457,
      "limit": 50.0
    },
    "L10-11": {
      "id": "L10-11",
      "from_node": "10",
      "to_node": "11",
      "flow": 16.87351161167657,
      "limit": 50.0
    }
  },
  "cost": 3.999999999999993,
  "redispatch": {
    "cost": 0.0,
    "unbalance": 0.0,
    "adjustments": {}
  },
  "level": null,
  "tutorial_info": null
}