{
  "nodes": {
    "0": {
      "id": "0",
      "injection": -62.59117139422873,
      "x": 449.79599751767597,
      "y": 125.84808627573241,
      "cost_increase": 33,
      "cost_decrease": 36
    },
    "1": {
      "id": "1",
      "injection": -73.76089714525403,
      "x": 282.68216982904914,
      "y": 91.0093266757349,
      "cost_increase": 55,
      "cost_decrease": 13
    },
    "2": {
      "id": "2",
      "injection": -32.120840487469295,
      "x": 400.41408837365884,
      "y": 448.10259954538145,
      "cost_increase": 60,
      "cost_decrease": 28
    },
    "3": {
      "id": "3",
      "injection": 43.44687224755088,
      "x": 366.20526050283763,
      "y": 208.23207709702857,
      "cost_increase": 80,
      "cost_decrease": 38
    },
    "4": {
      "id": "4",
      "injection": -4.485095169929282,
      "x": 168.43295001678223,
      "y": 314.2837413970456,
      "cost_increase": 30,
      "cost_decrease": 10
    },
    "5": {
      "id": "5",
      "injection": -76.55148760479759,
      "x": 106.50804574216912,
      "y": 191.36709119945908,
      "cost_increase": 26,
      "cost_decrease": -5
    },
    "6": {
      "id": "6",
      "injection": -12.32832712144195,
      "x": 280.472119305327,
      "y": 293.2586599491683,
      "cost_increase": 52,
      "cost_decrease": 11
    },
    "7": {
      "id": "7",
      "injection": -54.77880096540916,
      "x": 218.12074577781564,
      "y": 443.8548625088356,
      "cost_increase": 28,
      "cost_decrease": -5
    },
    "8": {
      "id": "8",
      "injection": -21.82464274015875,
      "x": 352.0159226865975,
      "y": 341.1975645155934,
      "cost_increase": 79,
      "cost_decrease": -10
    },
    "9": {
      "id": "9",
      "injection": 110.15299879785135,
      "x": 489.99613306125644,
      "y": 294.1771246605074,
      "cost_increase": 85,
      "cost_decrease": -9
    },
    "10": {
      "id": "10",
      "injection": 48.61652050256499,
      "x": 67.85811729902434,
      "y": 356.0663397761344,
      "cost_increase": 87,
      "cost_decrease": -4
    },
    "11": {
      "id": "11",
      "injection": 136.22487108072158,
      "x": 248.78892366957285,
      "y": 228.16831632922214,
      "cost_increase": 69,
      "cost_decrease": 28
    }
  },
  "lines": {
    "L0-1": {
      "id": "L0-1",
      "from_node": "0",
      "to_node": "1",
      "flow": 17.68998819767618,
      "limit": 50.0
    },
    "L0-3": {
      "id": "L0-3",
      "from_node": "0",
      "to_node": "3",
      "flow": -35.716230318606016,
      "limit": 50.0
    },
    "L0-9": {
      "id": "L0-9",
      "from_node": "0",
      "to_node": "9",
      "flow": -44.5649292732989,
      "limit": 50.0
    },
    "L1-3": {
      "id": "L1-3",
      "from_node": "1",
      "to_node": "3",
      "flow": -53.406218516282195,
      "limit": 50.0
    },
    "L1-5": {
      "id": "L1-5",
      "from_node": "1",
      "to_node": "5",
      "flow": -2.6646904312956625,
      "limit": 50.0
    },
    "L2-8": {
      "id": "L2-8",
      "from_node": "2",
      "to_node": "8",
      "flow": -6.626040906121654,
      "limit": 50.0
    },
    "L2-9": {
      "id": "L2-9",
      "from_node": "2",
      "to_node": "9",
      "flow": -31.68270573799061,
      "limit": 50.0
    },
    "L2-7": {
      "id": "L2-7",
      "from_node": "2",
      "to_node": "7",
      "flow": 6.187906156642969,
      "limit": 50.0
    },
    "L3-6": {
      "id": "L3-6",
      "from_node": "3",
      "to_node": "6",
      "flow": -7.948271979639806,
      "limit": 50.0
    },
    "L3-8": {
      "id": "L3-8",
      "from_node": "3",
      "to_node": "8",
      "flow": 16.207965877176072,
      "limit": 50.0
    },
    "L3-9": {
      "id": "L3-9",
      "from_node": "3",
      "to_node": "9",
      "flow": -8.848698954692885,
      "limit": 50.0
    },
    "L3-11": {
      "id": "L3-11",
      "from_node": "3",
      "to_node": "11",
      "flow": -45.086571530180684,
      "limit": 50.0
    },
    "L4-5": {
      "id": "L4-5",
      "from_node": "4",
      "to_node": "5",
      "flow": 41.82809961516723,
      "limit": 50.0
    },
    "L4-6": {
      "id": "L4-6",
      "from_node": "4",
      "to_node": "6",
      "flow": -16.861700449459107,
      "limit": 50.0
    },
    "L4-7": {
      "id": "L4-7",
      "from_node": "4",
      "to_node": "7",
      "flow": 20.108484470121393,
      "limit": 50.0
    },
    "L4-10": {
      "id": "L4-10",
      "from_node": "4",
      "to_node": "10",
      "flow": 4.440021194241211,
      "limit": 50.0
    },
    "L4-11": {
      "id": "L4-11",
      "from_node": "4",
      "to_node": "11",
      "flow": -53.999999999999986,
      "limit": 50.0
    },
    "L5-10": {
      "id": "L5-10",
      "from_node": "5",
      "to_node": "10",
      "flow": -37.38807842092602,
      "limit": 50.0
    },
    "L6-11": {
      "id": "L6-11",
      "from_node": "6",
      "to_node": "11",
      "flow": -37.13829955054088,
      "limit": 50.0
    },
    "L7-8": {
      "id": "L7-8",
      "from_node": "7",
      "to_node": "8",
      "flow": -12.813947062764623,
      "limit": 50.0
    },
    "L7-10": {
      "id": "L7-10",
      "from_node": "7",
      "to_node": "10",
      "flow": -15.668463275880182,
      "limit": 50.0
    },
    "L8-9": {
      "id": "L8-9",
      "from_node": "8",
      "to_node": "9",
      "flow": -25.056664831868957,
      "limit": 50.0
    }
  },
  "cost": 7.4062185162821805,
  "redispatch": {
    "cost": 0.0,
    "unbalance": 0.0,
    "adjustments": {}
  },
  "level": null,
  "tutorial_info": null,
  "difficulty": "Medium"
}