{
    "nodes": {
        "0": {
            "id": "0",
            "injection": 94.25893644192124,
            "x": 129.79927675717832,
            "y": 297.45359731005743,
            "cost_increase": 77,
            "cost_decrease": 13
        },
        "1": {
            "id": "1",
            "injection": -80.98003758958491,
            "x": 70.83875845270563,
            "y": 377.8715861860226,
            "cost_increase": 23,
            "cost_decrease": -20
        },
        "2": {
            "id": "2",
            "injection": -77.88853220902831,
            "x": 60.94862090199663,
            "y": 196.79998335137097,
            "cost_increase": 100,
            "cost_decrease": -20
        },
        "3": {
            "id": "3",
            "injection": -70.65201523714225,
            "x": 190.32275727403766,
            "y": 96.43971651298413,
            "cost_increase": 80,
            "cost_decrease": -20
        },
        "4": {
            "id": "4",
            "injection": 11.391803692247903,
            "x": 104.93339039674288,
            "y": 13.034854717476362,
            "cost_increase": 51,
            "cost_decrease": 25
        },
        "5": {
            "id": "5",
            "injection": 102.63515565495184,
            "x": 241.50438196738364,
            "y": 223.87611481315412,
            "cost_increase": 71,
            "cost_decrease": -20
        },
        "6": {
            "id": "6",
            "injection": -7.669359960437848,
            "x": 21.84913283077795,
            "y": 70.4454134322587,
            "cost_increase": 56,
            "cost_decrease": -20
        },
        "7": {
            "id": "7",
            "injection": 28.9040492070723,
            "x": 221.46445001577177,
            "y": 370.439679824133,
            "cost_increase": 58,
            "cost_decrease": -2
        },
        "2b": {
            "id": "2b",
            "injection": 0.0,
            "x": 60.94862090199663,
            "y": 196.79998335137097,
            "cost_increase": 54,
            "cost_decrease": -8
        },
        "6b": {
            "id": "6b",
            "injection": 0.0,
            "x": 21.84913283077795,
            "y": 70.4454134322587,
            "cost_increase": 62,
            "cost_decrease": -20
        },
        "4b": {
            "id": "4b",
            "injection": 0.0,
            "x": 104.93339039674288,
            "y": 13.034854717476362,
            "cost_increase": 36,
            "cost_decrease": -2
        },
        "0b": {
            "id": "0b",
            "injection": 0.0,
            "x": 129.79927675717832,
            "y": 297.45359731005743,
            "cost_increase": 50,
            "cost_decrease": -13
        }
    },
    "lines": {
        "L0-1": {
            "id": "L0-1",
            "from_node": "0",
            "to_node": "1",
            "flow": 49.87299581645777,
            "limit": 50.0
        },
        "L5-7": {
            "id": "L5-7",
            "from_node": "5",
            "to_node": "7",
            "flow": 9.872352526492683,
            "limit": 50.0
        },
        "L2-5": {
            "id": "L2-5",
            "from_node": "2",
            "to_node": "5",
            "flow": -43.161699069063395,
            "limit": 50.0
        },
        "L3-5": {
            "id": "L3-5",
            "from_node": "3",
            "to_node": "5",
            "flow": -49.60110405939577,
            "limit": 50.0
        },
        "L0-2": {
            "id": "L0-2",
            "from_node": "0",
            "to_node": "2",
            "flow": 44.38594062546349,
            "limit": 50.0
        },
        "L2-3": {
            "id": "L2-3",
            "from_node": "2",
            "to_node": "3",
            "flow": 6.439404990332378,
            "limit": 50.0
        },
        "L1-2b": {
            "id": "L1-2b",
            "from_node": "1",
            "to_node": "2b",
            "flow": 7.669359960437838,
            "limit": 50.0
        },
        "L2b-6": {
            "id": "L2b-6",
            "from_node": "2b",
            "to_node": "6",
            "flow": 7.669359960437845,
            "limit": 50.0
        },
        "L4-6b": {
            "id": "L4-6b",
            "from_node": "4",
            "to_node": "6b",
            "flow": 11.391803692247905,
            "limit": 50.0
        },
        "L1-7": {
            "id": "L1-7",
            "from_node": "1",
            "to_node": "7",
            "flow": -38.77640173356499,
            "limit": 50.0
        },
        "L3-6b": {
            "id": "L3-6b",
            "from_node": "3",
            "to_node": "6b",
            "flow": -11.391803692247905,
            "limit": 50.0
        },
        "L2-4b": {
            "id": "L2-4b",
            "from_node": "2",
            "to_node": "4b",
            "flow": 3.2197024951661817,
            "limit": 50.0
        },
        "L3-4b": {
            "id": "L3-4b",
            "from_node": "3",
            "to_node": "4b",
            "flow": -3.219702495166196,
            "limit": 50.0
        },
        "L0b-7": {
            "id": "L0b-7",
            "from_node": "0b",
            "to_node": "7",
            "flow": -1.7763568394002505e-15,
            "limit": 50.0
        }
    },
    "cost": 0.0
}