{
    "nodes": {
        "0": {
            "id": "0",
            "injection": 2.3209736481786463,
            "x": 111.2489443163306,
            "y": 281.0633822004314,
            "cost_increase": 59,
            "cost_decrease": 18
        },
        "1": {
            "id": "1",
            "injection": -104.82928191318842,
            "x": 20.70527291857572,
            "y": 150.98407942462893,
            "cost_increase": 21,
            "cost_decrease": -5
        },
        "2": {
            "id": "2",
            "injection": -49.77252516874937,
            "x": 325.0511058939112,
            "y": 373.8871760439842,
            "cost_increase": 53,
            "cost_decrease": 9
        },
        "3": {
            "id": "3",
            "injection": -49.47419882319449,
            "x": 237.71571313105818,
            "y": 243.3300829785528,
            "cost_increase": 58,
            "cost_decrease": 33
        },
        "4": {
            "id": "4",
            "injection": -125.29440144012966,
            "x": 323.3597765011557,
            "y": 193.52098058511388,
            "cost_increase": 74,
            "cost_decrease": -4
        },
        "5": {
            "id": "5",
            "injection": 100.42539841124822,
            "x": 19.736823413233395,
            "y": 331.9002195396702,
            "cost_increase": 63,
            "cost_decrease": 27
        },
        "6": {
            "id": "6",
            "injection": 121.9703795114273,
            "x": 173.7343417792227,
            "y": 76.13133034081073,
            "cost_increase": 97,
            "cost_decrease": 9
        },
        "7": {
            "id": "7",
            "injection": -87.92129146439952,
            "x": 172.38533729983953,
            "y": 402.7151600019971,
            "cost_increase": 33,
            "cost_decrease": 23
        },
        "8": {
            "id": "8",
            "injection": 21.713343347554943,
            "x": 113.2528448415168,
            "y": 201.48497356750505,
            "cost_increase": 50,
            "cost_decrease": -2
        },
        "9": {
            "id": "9",
            "injection": 120.61769272221362,
            "x": 408.673595030331,
            "y": 246.01585844706256,
            "cost_increase": 35,
            "cost_decrease": -17
        },
        "10": {
            "id": "10",
            "injection": 50.24391116903873,
            "x": 327.7118556298736,
            "y": 93.72672052377536,
            "cost_increase": 28,
            "cost_decrease": 3
        }
    },
    "lines": {
        "L0-3": {
            "id": "L0-3",
            "from_node": "0",
            "to_node": "3",
            "flow": 12.460625166313072,
            "limit": 50.0
        },
        "L0-5": {
            "id": "L0-5",
            "from_node": "0",
            "to_node": "5",
            "flow": -13.837017190229458,
            "limit": 50.0
        },
        "L0-8": {
            "id": "L0-8",
            "from_node": "0",
            "to_node": "8",
            "flow": 3.6973656720950476,
            "limit": 50.0
        },
        "L1-8": {
            "id": "L1-8",
            "from_node": "1",
            "to_node": "8",
            "flow": -16.64744952543196,
            "limit": 50.0
        },
        "L1-5": {
            "id": "L1-5",
            "from_node": "1",
            "to_node": "5",
            "flow": -34.181832387756465,
            "limit": 50.0
        },
        "L1-6": {
            "id": "L1-6",
            "from_node": "1",
            "to_node": "6",
            "flow": -54.0,
            "limit": 50.0
        },
        "L2-9": {
            "id": "L2-9",
            "from_node": "2",
            "to_node": "9",
            "flow": -42.47529100086448,
            "limit": 50.0
        },
        "L2-3": {
            "id": "L2-3",
            "from_node": "2",
            "to_node": "3",
            "flow": -16.703070322302334,
            "limit": 50.0
        },
        "L2-7": {
            "id": "L2-7",
            "from_node": "2",
            "to_node": "7",
            "flow": 9.40583615441744,
            "limit": 50.0
        },
        "L3-4": {
            "id": "L3-4",
            "from_node": "3",
            "to_node": "4",
            "flow": 25.086980111807563,
            "limit": 50.0
        },
        "L3-6": {
            "id": "L3-6",
            "from_node": "3",
            "to_node": "6",
            "flow": -46.11580996878607,
            "limit": 50.0
        },
        "L3-7": {
            "id": "L3-7",
            "from_node": "3",
            "to_node": "7",
            "flow": 26.108906476719774,
            "limit": 50.0
        },
        "L3-8": {
            "id": "L3-8",
            "from_node": "3",
            "to_node": "8",
            "flow": -8.763259494218024,
            "limit": 50.0
        },
        "L3-9": {
            "id": "L3-9",
            "from_node": "3",
            "to_node": "9",
            "flow": -25.772220678562142,
            "limit": 50.0
        },
        "L3-10": {
            "id": "L3-10",
            "from_node": "3",
            "to_node": "10",
            "flow": -24.261240426144845,
            "limit": 50.0
        },
        "L4-9": {
            "id": "L4-9",
            "from_node": "4",
            "to_node": "9",
            "flow": -50.859200790369705,
            "limit": 50.0
        },
        "L4-10": {
            "id": "L4-10",
            "from_node": "4",
            "to_node": "10",
            "flow": -49.34822053795241,
            "limit": 50.0
        },
        "L5-7": {
            "id": "L5-7",
            "from_node": "5",
            "to_node": "7",
            "flow": 52.406548833262306,
            "limit": 50.0
        },
        "L6-10": {
            "id": "L6-10",
            "from_node": "6",
            "to_node": "10",
            "flow": 21.854569542641222,
            "limit": 50.0
        },
        "L9-10": {
            "id": "L9-10",
            "from_node": "9",
            "to_node": "10",
            "flow": 1.5109802524173013,
            "limit": 50.0
        }
    },
    "cost": 0.0,
    "difficulty": "Hard"
}
