{
    "nodes": {
        "0": {
            "id": "0",
            "injection": -1.5136533306484812,
            "x": 353.4668567212206,
            "y": 244.18968124390648,
            "cost_increase": 42,
            "cost_decrease": 28
        },
        "1": {
            "id": "1",
            "injection": -46.27153921096301,
            "x": 312.6547146730831,
            "y": 64.00901329489139,
            "cost_increase": 99,
            "cost_decrease": 1
        },
        "2": {
            "id": "2",
            "injection": -107.96840698581494,
            "x": 114.556881824041,
            "y": 189.37096934807457,
            "cost_increase": 36,
            "cost_decrease": -11
        },
        "3": {
            "id": "3",
            "injection": -43.980301339092925,
            "x": 205.27597811254378,
            "y": 117.07158318092571,
            "cost_increase": 52,
            "cost_decrease": -15
        },
        "4": {
            "id": "4",
            "injection": 36.5372453775381,
            "x": 136.75995033516853,
            "y": 3.058690437634773,
            "cost_increase": 66,
            "cost_decrease": 0
        },
        "5": {
            "id": "5",
            "injection": -39.686635676250475,
            "x": 97.3838659629264,
            "y": 412.4382054337776,
            "cost_increase": 49,
            "cost_decrease": 31
        },
        "6": {
            "id": "6",
            "injection": 21.00424231959009,
            "x": 56.50361360361052,
            "y": 245.37509009244775,
            "cost_increase": 78,
            "cost_decrease": -5
        },
        "7": {
            "id": "7",
            "injection": 17.777940844362707,
            "x": 79.94880659727633,
            "y": 123.52797816270868,
            "cost_increase": 40,
            "cost_decrease": 18
        },
        "8": {
            "id": "8",
            "injection": 85.72146231417778,
            "x": 141.18689370572068,
            "y": 255.63253275317186,
            "cost_increase": 28,
            "cost_decrease": 14
        },
        "9": {
            "id": "9",
            "injection": 58.82999571854819,
            "x": 221.14478045633214,
            "y": 374.82308601494765,
            "cost_increase": 75,
            "cost_decrease": -19
        },
        "10": {
            "id": "10",
            "injection": 53.5443328540009,
            "x": 3.0468958904494476,
            "y": 322.72558051188173,
            "cost_increase": 21,
            "cost_decrease": 30
        },
        "11": {
            "id": "11",
            "injection": -117.81005225688871,
            "x": -23.731292808772082,
            "y": 127.73390661402144,
            "cost_increase": 94,
            "cost_decrease": -14
        },
        "12": {
            "id": "12",
            "injection": 83.8153693714408,
            "x": 242.11106020179315,
            "y": 251.57855681860212,
            "cost_increase": 55,
            "cost_decrease": 31
        }
    },
    "lines": {
        "L0-1": {
            "id": "L0-1",
            "from_node": "0",
            "to_node": "1",
            "flow": 32.295484281724505,
            "limit": 50.0
        },
        "L0-12": {
            "id": "L0-12",
            "from_node": "0",
            "to_node": "12",
            "flow": -19.729970955902616,
            "limit": 50.0
        },
        "L0-9": {
            "id": "L0-9",
            "from_node": "0",
            "to_node": "9",
            "flow": -14.079166656470429,
            "limit": 50.0
        },
        "L1-3": {
            "id": "L1-3",
            "from_node": "1",
            "to_node": "3",
            "flow": -6.211183911351487,
            "limit": 50.0
        },
        "L1-4": {
            "id": "L1-4",
            "from_node": "1",
            "to_node": "4",
            "flow": -7.764871017887025,
            "limit": 50.0
        },
        "L2-3": {
            "id": "L2-3",
            "from_node": "2",
            "to_node": "3",
            "flow": -20.806051463554727,
            "limit": 50.0
        },
        "L2-6": {
            "id": "L2-6",
            "from_node": "2",
            "to_node": "6",
            "flow": -21.9206743139628,
            "limit": 50.0
        },
        "L2-7": {
            "id": "L2-7",
            "from_node": "2",
            "to_node": "7",
            "flow": -11.241681208297386,
            "limit": 50.0
        },
        "L2-8": {
            "id": "L2-8",
            "from_node": "2",
            "to_node": "8",
            "flow": -54.00000000000001,
            "limit": 50.0
        },
        "L3-4": {
            "id": "L3-4",
            "from_node": "3",
            "to_node": "4",
            "flow": -1.5536871065355378,
            "limit": 50.0
        },
        "L3-7": {
            "id": "L3-7",
            "from_node": "3",
            "to_node": "7",
            "flow": 9.56437025525734,
            "limit": 50.0
        },
        "L3-8": {
            "id": "L3-8",
            "from_node": "3",
            "to_node": "8",
            "flow": -33.19394853644528,
            "limit": 50.0
        },
        "L3-12": {
            "id": "L3-12",
            "from_node": "3",
            "to_node": "12",
            "flow": -45.81427132627563,
            "limit": 50.0
        },
        "L4-11": {
            "id": "L4-11",
            "from_node": "4",
            "to_node": "11",
            "flow": 27.218687253115533,
            "limit": 50.0
        },
        "L5-9": {
            "id": "L5-9",
            "from_node": "5",
            "to_node": "9",
            "flow": -32.28427830354895,
            "limit": 50.0
        },
        "L5-10": {
            "id": "L5-10",
            "from_node": "5",
            "to_node": "10",
            "flow": -14.166923245587945,
            "limit": 50.0
        },
        "L5-6": {
            "id": "L5-6",
            "from_node": "5",
            "to_node": "6",
            "flow": 6.7645658728864255,
            "limit": 50.0
        },
        "L6-10": {
            "id": "L6-10",
            "from_node": "6",
            "to_node": "10",
            "flow": -20.93148911847437,
            "limit": 50.0
        },
        "L6-11": {
            "id": "L6-11",
            "from_node": "6",
            "to_node": "11",
            "flow": 26.779622996988067,
            "limit": 50.0
        },
        "L7-11": {
            "id": "L7-11",
            "from_node": "7",
            "to_node": "11",
            "flow": 16.100629891322654,
            "limit": 50.0
        },
        "L8-10": {
            "id": "L8-10",
            "from_node": "8",
            "to_node": "10",
            "flow": 11.14783656756284,
            "limit": 50.0
        },
        "L8-12": {
            "id": "L8-12",
            "from_node": "8",
            "to_node": "12",
            "flow": -12.62032278983035,
            "limit": 50.0
        },
        "L9-10": {
            "id": "L9-10",
            "from_node": "9",
            "to_node": "10",
            "flow": 18.117355057961003,
            "limit": 50.0
        },
        "L9-12": {
            "id": "L9-12",
            "from_node": "9",
            "to_node": "12",
            "flow": -5.6508042994321865,
            "limit": 50.0
        },
        "L10-11": {
            "id": "L10-11",
            "from_node": "10",
            "to_node": "11",
            "flow": 47.71111211546244,
            "limit": 50.0
        }
    },
    "cost": 0.0,
    "difficulty": "Medium"
}
