{
    "nodes": {
        "0": {
            "id": "0",
            "injection": -77.84742204644758,
            "x": 21.656542262517185,
            "y": 204.42289340358633,
            "cost_increase": 83,
            "cost_decrease": 15
        },
        "1": {
            "id": "1",
            "injection": -83.20510145883541,
            "x": 42.9304731882128,
            "y": 340.854282429835,
            "cost_increase": 89,
            "cost_decrease": -8
        },
        "2": {
            "id": "2",
            "injection": 13.744526742471862,
            "x": 115.83837390577438,
            "y": 125.22952310225097,
            "cost_increase": 20,
            "cost_decrease": 25
        },
        "3": {
            "id": "3",
            "injection": 59.955531321016906,
            "x": 360.86194948167787,
            "y": 292.86547002065095,
            "cost_increase": 77,
            "cost_decrease": 8
        },
        "4": {
            "id": "4",
            "injection": 79.38778878902562,
            "x": 371.26318271091145,
            "y": 148.069056385318,
            "cost_increase": 82,
            "cost_decrease": 15
        },
        "5": {
            "id": "5",
            "injection": -61.69717952573562,
            "x": 185.86316473378142,
            "y": 266.49059577787546,
            "cost_increase": 88,
            "cost_decrease": 40
        },
        "6": {
            "id": "6",
            "injection": 62.10268833029238,
            "x": 266.0162040898674,
            "y": 178.2038661607421,
            "cost_increase": 50,
            "cost_decrease": 31
        },
        "7": {
            "id": "7",
            "injection": -58.133537818717805,
            "x": 146.60101666348834,
            "y": 422.5049970694784,
            "cost_increase": 33,
            "cost_decrease": 32
        },
        "8": {
            "id": "8",
            "injection": 61.89842798730908,
            "x": 277.29819951163995,
            "y": 400.4277139128875,
            "cost_increase": 40,
            "cost_decrease": 2
        },
        "9": {
            "id": "9",
            "injection": 31.836578033535545,
            "x": 61.263922448716656,
            "y": 45.109201516183376,
            "cost_increase": 36,
            "cost_decrease": -5
        },
        "10": {
            "id": "10",
            "injection": -28.04230035391497,
            "x": 224.50815452521496,
            "y": 67.92398105499102,
            "cost_increase": 39,
            "cost_decrease": -9
        }
    },
    "lines": {
        "L0-1": {
            "id": "L0-1",
            "from_node": "0",
            "to_node": "1",
            "flow": 18.57073151445134,
            "limit": 50.0
        },
        "L0-2": {
            "id": "L0-2",
            "from_node": "0",
            "to_node": "2",
            "flow": -33.05106878803749,
            "limit": 50.0
        },
        "L0-5": {
            "id": "L0-5",
            "from_node": "0",
            "to_node": "5",
            "flow": -25.793003162058003,
            "limit": 50.0
        },
        "L0-9": {
            "id": "L0-9",
            "from_node": "0",
            "to_node": "9",
            "flow": -37.57408161080341,
            "limit": 50.0
        },
        "L1-5": {
            "id": "L1-5",
            "from_node": "1",
            "to_node": "5",
            "flow": -44.36373467650934,
            "limit": 50.0
        },
        "L1-7": {
            "id": "L1-7",
            "from_node": "1",
            "to_node": "7",
            "flow": -20.27063526787474,
            "limit": 50.0
        },
        "L2-9": {
            "id": "L2-9",
            "from_node": "2",
            "to_node": "9",
            "flow": -4.523012822765921,
            "limit": 50.0
        },
        "L2-10": {
            "id": "L2-10",
            "from_node": "2",
            "to_node": "10",
            "flow": -14.7835292227997,
            "limit": 50.0
        },
        "L3-4": {
            "id": "L3-4",
            "from_node": "3",
            "to_node": "4",
            "flow": -15.523682868250987,
            "limit": 50.0
        },
        "L3-5": {
            "id": "L3-5",
            "from_node": "3",
            "to_node": "5",
            "flow": 52.84859422929563,
            "limit": 50.0
        },
        "L3-8": {
            "id": "L3-8",
            "from_node": "3",
            "to_node": "8",
            "flow": 22.630619959972265,
            "limit": 50.0
        },
        "L4-10": {
            "id": "L4-10",
            "from_node": "4",
            "to_node": "10",
            "flow": 46.330682248767424,
            "limit": 50.0
        },
        "L4-6": {
            "id": "L4-6",
            "from_node": "4",
            "to_node": "6",
            "flow": 17.533423672007217,
            "limit": 50.0
        },
        "L5-6": {
            "id": "L5-6",
            "from_node": "5",
            "to_node": "6",
            "flow": -50.8388534255394,
            "limit": 50.0
        },
        "L5-7": {
            "id": "L5-7",
            "from_node": "5",
            "to_node": "7",
            "flow": 24.0930994086346,
            "limit": 50.0
        },
        "L5-8": {
            "id": "L5-8",
            "from_node": "5",
            "to_node": "8",
            "flow": -30.21797426932336,
            "limit": 50.0
        },
        "L5-10": {
            "id": "L5-10",
            "from_node": "5",
            "to_node": "10",
            "flow": -22.041594848779187,
            "limit": 50.0
        },
        "L6-10": {
            "id": "L6-10",
            "from_node": "6",
            "to_node": "10",
            "flow": 28.797258576760207,
            "limit": 50.0
        },
        "L7-8": {
            "id": "L7-8",
            "from_node": "7",
            "to_node": "8",
            "flow": -54.31107367795796,
            "limit": 50.0
        },
        "L9-10": {
            "id": "L9-10",
            "from_node": "9",
            "to_node": "10",
            "flow": -10.26051640003378,
            "limit": 50.0
        }
    },
    "cost": 0.0,
    "difficulty": "Easy"
}
