{
    "nodes": {
        "0": {
            "id": "0",
            "injection": 18.987545755589764,
            "x": 332.63937248664183,
            "y": 60.392490230759165,
            "cost_increase": 88,
            "cost_decrease": 37
        },
        "1": {
            "id": "1",
            "injection": -63.217968994496424,
            "x": 121.01696779714305,
            "y": 393.1131042968866,
            "cost_increase": 58,
            "cost_decrease": -4
        },
        "2": {
            "id": "2",
            "injection": -40.887986463691014,
            "x": -21.410354030740212,
            "y": 202.04206597594845,
            "cost_increase": 28,
            "cost_decrease": -4
        },
        "3": {
            "id": "3",
            "injection": 98.89010279861589,
            "x": 343.00954312429667,
            "y": 230.639474473533,
            "cost_increase": 73,
            "cost_decrease": 30
        },
        "4": {
            "id": "4",
            "injection": -6.749657231003095,
            "x": 114.65544633114213,
            "y": 101.37049091054975,
            "cost_increase": 29,
            "cost_decrease": -5
        },
        "5": {
            "id": "5",
            "injection": 0.640260824568756,
            "x": 324.164754143562,
            "y": 369.14817145614614,
            "cost_increase": 96,
            "cost_decrease": 36
        },
        "6": {
            "id": "6",
            "injection": 98.72995649737683,
            "x": 35.71402989953149,
            "y": 101.74698419867386,
            "cost_increase": 83,
            "cost_decrease": 25
        },
        "7": {
            "id": "7",
            "injection": -18.168721192528167,
            "x": 64.45378876775268,
            "y": 249.62393501844903,
            "cost_increase": 98,
            "cost_decrease": -10
        },
        "8": {
            "id": "8",
            "injection": 50.35526701118354,
            "x": 463.15002037266476,
            "y": 218.92928486380669,
            "cost_increase": 81,
            "cost_decrease": -20
        },
        "9": {
            "id": "9",
            "injection": -36.834109367971905,
            "x": 115.38282262189573,
            "y": 312.01752680812564,
            "cost_increase": 46,
            "cost_decrease": 7
        },
        "10": {
            "id": "10",
            "injection": -34.99679596725355,
            "x": 238.13113075650034,
            "y": 108.67406399544953,
            "cost_increase": 29,
            "cost_decrease": -12
        },
        "11": {
            "id": "11",
            "injection": -36.839645883257774,
            "x": 211.67595731966907,
            "y": 279.3600001521842,
            "cost_increase": 85,
            "cost_decrease": 6
        },
        "12": {
            "id": "12",
            "injection": -60.091897486488044,
            "x": 375.2023639561186,
            "y": 134.96936875204503,
            "cost_increase": 82,
            "cost_decrease": 30
        },
        "13": {
            "id": "13",
            "injection": -40.770909252703575,
            "x": 428.62951453762474,
            "y": 14.155508531834823,
            "cost_increase": 55,
            "cost_decrease": 29
        },
        "14": {
            "id": "14",
            "injection": -51.68122189672182,
            "x": 266.9737776436077,
            "y": 219.722522013124,
            "cost_increase": 68,
            "cost_decrease": 25
        },
        "15": {
            "id": "15",
            "injection": 55.708581655224975,
            "x": 43.38241709765461,
            "y": -7.200352000452364,
            "cost_increase": 88,
            "cost_decrease": 29
        },
        "16": {
            "id": "16",
            "injection": 96.45318996871612,
            "x": 237.26201532470168,
            "y": -51.51543707224087,
            "cost_increase": 39,
            "cost_decrease": 33
        },
        "17": {
            "id": "17",
            "injection": -29.52599077516047,
            "x": 133.3024266445851,
            "y": 189.92144450171583,
            "cost_increase": 95,
            "cost_decrease": 33
        }
    },
    "lines": {
        "L0-10": {
            "id": "L0-10",
            "from_node": "0",
            "to_node": "10",
            "flow": 5.608313158034161,
            "limit": 50.0
        },
        "L0-12": {
            "id": "L0-12",
            "from_node": "0",
            "to_node": "12",
            "flow": 13.480836828730286,
            "limit": 50.0
        },
        "L0-13": {
            "id": "L0-13",
            "from_node": "0",
            "to_node": "13",
            "flow": -0.10160423117472832,
            "limit": 50.0
        },
        "L1-2": {
            "id": "L1-2",
            "from_node": "1",
            "to_node": "2",
            "flow": -32.592949484103215,
            "limit": 50.0
        },
        "L1-5": {
            "id": "L1-5",
            "from_node": "1",
            "to_node": "5",
            "flow": -28.37586787424535,
            "limit": 50.0
        },
        "L1-9": {
            "id": "L1-9",
            "from_node": "1",
            "to_node": "9",
            "flow": 6.30507298383867,
            "limit": 50.0
        },
        "L1-11": {
            "id": "L1-11",
            "from_node": "1",
            "to_node": "11",
            "flow": -8.554224619986531,
            "limit": 50.0
        },
        "L2-4": {
            "id": "L2-4",
            "from_node": "2",
            "to_node": "4",
            "flow": -14.808860674168365,
            "limit": 50.0
        },
        "L2-6": {
            "id": "L2-6",
            "from_node": "2",
            "to_node": "6",
            "flow": -52.014320883809084,
            "limit": 50.0
        },
        "L2-7": {
            "id": "L2-7",
            "from_node": "2",
            "to_node": "7",
            "flow": 23.228283687633834,
            "limit": 50.0
        },
        "L2-15": {
            "id": "L2-15",
            "from_node": "2",
            "to_node": "15",
            "flow": -42.50414547988208,
            "limit": 50.0
        },
        "L2-17": {
            "id": "L2-17",
            "from_node": "2",
            "to_node": "17",
            "flow": 12.618107402431477,
            "limit": 50.0
        },
        "L3-5": {
            "id": "L3-5",
            "from_node": "3",
            "to_node": "5",
            "flow": 27.16299479703183,
            "limit": 50.0
        },
        "L3-8": {
            "id": "L3-8",
            "from_node": "3",
            "to_node": "8",
            "flow": 6.768739290128245,
            "limit": 50.0
        },
        "L3-10": {
            "id": "L3-10",
            "from_node": "3",
            "to_node": "10",
            "flow": 24.05231154658873,
            "limit": 50.0
        },
        "L3-14": {
            "id": "L3-14",
            "from_node": "3",
            "to_node": "14",
            "flow": 40.906057164867065,
            "limit": 50.0
        },
        "L4-6": {
            "id": "L4-6",
            "from_node": "4",
            "to_node": "6",
            "flow": -37.20546020964072,
            "limit": 50.0
        },
        "L4-10": {
            "id": "L4-10",
            "from_node": "4",
            "to_node": "10",
            "flow": 15.915259033583126,
            "limit": 50.0
        },
        "L4-15": {
            "id": "L4-15",
            "from_node": "4",
            "to_node": "15",
            "flow": -27.695284805713715,
            "limit": 50.0
        },
        "L4-17": {
            "id": "L4-17",
            "from_node": "4",
            "to_node": "17",
            "flow": 27.42696807659984,
            "limit": 50.0
        },
        "L5-8": {
            "id": "L5-8",
            "from_node": "5",
            "to_node": "8",
            "flow": -20.394255506903583,