{
    "nodes": {
        "0": {
            "id": "0",
            "injection": -86.938121865711,
            "x": 390.1612333815966,
            "y": 265.96436769059426,
            "cost_increase": 80,
            "cost_decrease": 26
        },
        "1": {
            "id": "1",
            "injection": 61.88658424858145,
            "x": 403.601072914968,
            "y": 478.2075223320105,
            "cost_increase": 52,
            "cost_decrease": 38
        },
        "2": {
            "id": "2",
            "injection": 3.739423411577467,
            "x": 360.6042690560871,
            "y": 358.3467288280165,
            "cost_increase": 36,
            "cost_decrease": 37
        },
        "3": {
            "id": "3",
            "injection": -139.0371556130559,
            "x": 226.50305409832882,
            "y": 485.0704216792847,
            "cost_increase": 53,
            "cost_decrease": 2
        },
        "4": {
            "id": "4",
            "injection": -156.314923781183,
            "x": 285.62398597584735,
            "y": 57.356237587482404,
            "cost_increase": 81,
            "cost_decrease": -3
        },
        "5": {
            "id": "5",
            "injection": 3.940186409091775,
            "x": 137.2696334165546,
            "y": 3.4544394823975724,
            "cost_increase": 73,
            "cost_decrease": 4
        },
        "6": {
            "id": "6",
            "injection": 31.3202297264287,
            "x": 260.9622405447263,
            "y": 379.9921511534565,
            "cost_increase": 44,
            "cost_decrease": 20
        },
        "7": {
            "id": "7",
            "injection": 16.209519676321964,
            "x": 142.63691554051593,
            "y": 143.03099213278796,
            "cost_increase": 92,
            "cost_decrease": -16
        },
        "8": {
            "id": "8",
            "injection": -8.25728467298086,
            "x": 232.16956486787916,
            "y": 251.29412569515736,
            "cost_increase": 41,
            "cost_decrease": 40
        },
        "9": {
            "id": "9",
            "injection": 51.7068307418406,
            "x": 358.6336930334556,
            "y": 189.14956335618103,
            "cost_increase": 96,
            "cost_decrease": -9
        },
        "10": {
            "id": "10",
            "injection": 16.91984362118769,
            "x": 503.82056006405236,
            "y": 333.0650205612223,
            "cost_increase": 27,
            "cost_decrease": 30
        },
        "11": {
            "id": "11",
            "injection": 73.29882664317435,
            "x": 299.6863280528448,
            "y": 147.12215339960665,
            "cost_increase": 31,
            "cost_decrease": -20
        },
        "12": {
            "id": "12",
            "injection": 28.33763898393571,
            "x": 14.820306172694332,
            "y": 82.4584319100797,
            "cost_increase": 80,
            "cost_decrease": -19
        },
        "13": {
            "id": "13",
            "injection": 23.02973648288509,
            "x": 102.52875625574023,
            "y": 366.316338947046,
            "cost_increase": 88,
            "cost_decrease": 17
        },
        "14": {
            "id": "14",
            "injection": 26.61837737499953,
            "x": 18.605808649711943,
            "y": 233.57943967833776,
            "cost_increase": 46,
            "cost_decrease": -12
        },
        "15": {
            "id": "15",
            "injection": 53.54028861290638,
            "x": 463.52674448444156,
            "y": 151.69397069571224,
            "cost_increase": 58,
            "cost_decrease": 8
        }
    },
    "lines": {
        "L0-2": {
            "id": "L0-2",
            "from_node": "0",
            "to_node": "2",
            "flow": -10.473440878315674,
            "limit": 50.0
        },
        "L0-8": {
            "id": "L0-8",
            "from_node": "0",
            "to_node": "8",
            "flow": -9.644333836383776,
            "limit": 50.0
        },
        "L0-9": {
            "id": "L0-9",
            "from_node": "0",
            "to_node": "9",
            "flow": -28.880586151627302,
            "limit": 50.0
        },
        "L0-10": {
            "id": "L0-10",
            "from_node": "0",
            "to_node": "10",
            "flow": -16.5584573471858,
            "limit": 50.0
        },
        "L0-15": {
            "id": "L0-15",
            "from_node": "0",
            "to_node": "15",
            "flow": -21.38130365219837,
            "limit": 50.0
        },
        "L1-10": {
            "id": "L1-10",
            "from_node": "1",
            "to_node": "10",
            "flow": 0.9007838898556635,
            "limit": 50.0
        },
        "L1-2": {
            "id": "L1-2",
            "from_node": "1",
            "to_node": "2",
            "flow": 6.98580035872579,
            "limit": 50.0
        },
        "L1-3": {
            "id": "L1-3",
            "from_node": "1",
            "to_node": "3",
            "flow": 54.0,
            "limit": 50.0
        },
        "L2-6": {
            "id": "L2-6",
            "from_node": "2",
            "to_node": "6",
            "flow": 5.507692318925806,
            "limit": 50.0
        },
        "L2-8": {
            "id": "L2-8",
            "from_node": "2",
            "to_node": "8",
            "flow": 0.8291070419318984,
            "limit": 50.0
        },
        "L2-10": {
            "id": "L2-10",
            "from_node": "2",
            "to_node": "10",
            "flow": -6.085016468870126,
            "limit": 50.0
        },
        "L3-13": {
            "id": "L3-13",
            "from_node": "3",
            "to_node": "13",
            "flow": -43.530648290707475,
            "limit": 50.0
        },
        "L3-6": {
            "id": "L3-6",
            "from_node": "3",
            "to_node": "6",
            "flow": -41.506507322348405,
            "limit": 50.0
        },
        "L4-5": {
            "id": "L4-5",
            "from_node": "4",
            "to_node": "5",
            "flow": -23.916408531001593,
            "limit": 50.0
        },
        "L4-7": {
            "id": "L4-7",
            "from_node": "4",
            "to_node": "7",
            "flow": -28.220648876734806,
            "limit": 50.0
        },
        "L4-8": {
            "id": "L4-8",
            "from_node": "4",
            "to_node": "8",
            "flow": -23.098451339309772,
            "limit": 50.0
        },
        "L4-11": {
            "id": "L4-11",
            "from_node": "4",
            "to_node": "11",
            "flow": -46.24399387901248,
            "limit": 50.0
        },
        "L4-15": {
            "id": "L4-15",
            "from_node": "4",
            "to_node": "15",
            "flow": -34.835421155124365,
            "limit": 50.0
        },
        "L5-12": {
            "id": "L5-12",
            "from_node": "5",
            "to_node": "12",
            "flow": -15.671981776176606,
            "limit": 50.0
        },
        "L5-7": {
            "id": "L5-7",
            "from_node": "5",
            "to_node": "7",
            "flow": -4.304240345733211,
            "limit": 50.0
        },
        "L6-8": {
            "id": "L6-8",
            "from_node": "6",
            "to_node": "8",
            "flow": -4.678585276993908,
            "limit": 50.0
        },
        "L7-8": {
            "id": "L7-8",
            "from_node": "7",
            "to_node": "8",
            "flow": 5.122197537425034,
            "limit": 50.0
        },
        "L7-12": {
            "id": "L7-12",
            "from_node": "7",
            "to_node": "12",
            "flow": -11.367741430443395,
            "limit": 50.0
        },
        "L7-14": {
            "id": "L7-14",
            "from_node": "7",
            "to_node": "14",