{
    "nodes": {
        "0": {
            "id": "0",
            "injection": -25.11357727989986,
            "x": 357.10723894518424,
            "y": 262.3304415683004,
            "cost_increase": 39,
            "cost_decrease": -19
        },
        "1": {
            "id": "1",
            "injection": -47.29219004248496,
            "x": 306.62441107405493,
            "y": 402.33616187005566,
            "cost_increase": 48,
            "cost_decrease": 18
        },
        "2": {
            "id": "2",
            "injection": 7.261332581213613,
            "x": 131.27815996513712,
            "y": 149.69945499839326,
            "cost_increase": 50,
            "cost_decrease": -1
        },
        "3": {
            "id": "3",
            "injection": -23.2330306883761,
            "x": 91.36301678526137,
            "y": 269.68116749795917,
            "cost_increase": 75,
            "cost_decrease": 35
        },
        "4": {
            "id": "4",
            "injection": 126.68521227164872,
            "x": 254.99370746304658,
            "y": 155.13123660132433,
            "cost_increase": 99,
            "cost_decrease": 12
        },
        "5": {
            "id": "5",
            "injection": -30.009525197724436,
            "x": 153.67624352021687,
            "y": 401.07327065907066,
            "cost_increase": 59,
            "cost_decrease": 37
        },
        "6": {
            "id": "6",
            "injection": -8.298221644376975,
            "x": 225.55509538172606,
            "y": 288.08122694148017,
            "cost_increase": 97,
            "cost_decrease": -9
        }
    },
    "lines": {
        "L0-1": {
            "id": "L0-1",
            "from_node": "0",
            "to_node": "1",
            "flow": 22.896972159539974,
            "limit": 50.0
        },
        "L0-4": {
            "id": "L0-4",
            "from_node": "0",
            "to_node": "4",
            "flow": -54.0,
            "limit": 50.0
        },
        "L0-6": {
            "id": "L0-6",
            "from_node": "0",
            "to_node": "6",
            "flow": 5.9894505605601465,
            "limit": 50.0
        },
        "L1-5": {
            "id": "L1-5",
            "from_node": "1",
            "to_node": "5",
            "flow": -7.487696283965148,
            "limit": 50.0
        },
        "L1-6": {
            "id": "L1-6",
            "from_node": "1",
            "to_node": "6",
            "flow": -16.907521598979827,
            "limit": 50.0
        },
        "L2-3": {
            "id": "L2-3",
            "from_node": "2",
            "to_node": "3",
            "flow": 9.978547146151094,
            "limit": 50.0
        },
        "L2-4": {
            "id": "L2-4",
            "from_node": "2",
            "to_node": "4",
            "flow": -31.353332562748818,
            "limit": 50.0
        },
        "L2-6": {
            "id": "L2-6",
            "from_node": "2",
            "to_node": "6",
            "flow": 28.63611799781133,
            "limit": 50.0
        },
        "L3-4": {
            "id": "L3-4",
            "from_node": "3",
            "to_node": "4",
            "flow": -41.33187970889991,
            "limit": 50.0
        },
        "L3-5": {
            "id": "L3-5",
            "from_node": "3",
            "to_node": "5",
            "flow": 28.077396166674916,
            "limit": 50.0
        },
        "L5-6": {
            "id": "L5-6",
            "from_node": "5",
            "to_node": "6",
            "flow": -9.41982531501468,
            "limit": 50.0
        }
    },
    "cost": 0.0,
    "difficulty": "Easy"
}
