{
    "nodes": {
        "0": {
            "id": "0",
            "injection": 25.197306672708276,
            "x": 16.86207430635561,
            "y": 240.57685397658366,
            "cost_increase": 73,
            "cost_decrease": 31
        },
        "1": {
            "id": "1",
            "injection": 44.217320297186035,
            "x": 350.19851413848926,
            "y": -2.194037413504743,
            "cost_increase": 79,
            "cost_decrease": 20
        },
        "2": {
            "id": "2",
            "injection": -20.310781760868963,
            "x": 257.0616193663325,
            "y": 75.1020218344209,
            "cost_increase": 29,
            "cost_decrease": -12
        },
        "3": {
            "id": "3",
            "injection": 63.77320344418951,
            "x": 132.21073404399127,
            "y": 365.033880448538,
            "cost_increase": 43,
            "cost_decrease": -10
        },
        "4": {
            "id": "4",
            "injection": -115.79158032240845,
            "x": 346.3342657205708,
            "y": 183.83461120228472,
            "cost_increase": 53,
            "cost_decrease": 40
        },
        "5": {
            "id": "5",
            "injection": 40.03631465458405,
            "x": 294.0604847020834,
            "y": 359.1734989937045,
            "cost_increase": 79,
            "cost_decrease": -1
        },
        "6": {
            "id": "6",
            "injection": -84.2301905596935,
            "x": 193.90361781950963,
            "y": 158.13608438237833,
            "cost_increase": 24,
            "cost_decrease": 14
        },
        "7": {
            "id": "7",
            "injection": 58.447294872855174,
            "x": 60.63284649740782,
            "y": 79.99432593302281,
            "cost_increase": 84,
            "cost_decrease": 11
        },
        "8": {
            "id": "8",
            "injection": 43.140076756145575,
            "x": 182.9572795202922,
            "y": -27.438123736272345,
            "cost_increase": 85,
            "cost_decrease": 30
        },
        "9": {
            "id": "9",
            "injection": 56.34307818773889,
            "x": 469.18759981682314,
            "y": 78.42452178979921,
            "cost_increase": 98,
            "cost_decrease": 21
        },
        "10": {
            "id": "10",
            "injection": 21.819926774348524,
            "x": 136.310260159219,
            "y": 249.63504761671064,
            "cost_increase": 56,
            "cost_decrease": 2
        },
        "11": {
            "id": "11",
            "injection": -88.45567039177382,
            "x": 502.7006094924129,
            "y": 208.21644703664083,
            "cost_increase": 74,
            "cost_decrease": 30
        },
        "12": {
            "id": "12",
            "injection": -44.18629862501131,
            "x": 428.5179616030375,
            "y": 319.3415832418007,
            "cost_increase": 56,
            "cost_decrease": -13
        }
    },
    "lines": {
        "L0-10": {
            "id": "L0-10",
            "from_node": "0",
            "to_node": "10",
            "flow": 14.344344974589955,
            "limit": 50.0
        },
        "L0-3": {
            "id": "L0-3",
            "from_node": "0",
            "to_node": "3",
            "flow": -0.24171089465962345,
            "limit": 50.0
        },
        "L0-7": {
            "id": "L0-7",
            "from_node": "0",
            "to_node": "7",
            "flow": 11.094672592777984,
            "limit": 50.0
        },
        "L1-8": {
            "id": "L1-8",
            "from_node": "1",
            "to_node": "8",
            "flow": -22.867534114404908,
            "limit": 50.0
        },
        "L1-9": {
            "id": "L1-9",
            "from_node": "1",
            "to_node": "9",
            "flow": 15.383720513172456,
            "limit": 50.0
        },
        "L1-2": {
            "id": "L1-2",
            "from_node": "1",
            "to_node": "2",
            "flow": 12.946975992968902,
            "limit": 50.0
        },
        "L1-4": {
            "id": "L1-4",
            "from_node": "1",
            "to_node": "4",
            "flow": 38.75415790544958,
            "limit": 50.0
        },
        "L2-4": {
            "id": "L2-4",
            "from_node": "2",
            "to_node": "4",
            "flow": 25.80718191248068,
            "limit": 50.0
        },
        "L2-6": {
            "id": "L2-6",
            "from_node": "2",
            "to_node": "6",
            "flow": 2.6435224269930657,
            "limit": 50.0
        },
        "L2-8": {
            "id": "L2-8",
            "from_node": "2",
            "to_node": "8",
            "flow": -35.814510107373806,
            "limit": 50.0
        },
        "L3-10": {
            "id": "L3-10",
            "from_node": "3",
            "to_node": "10",
            "flow": 14.586055869249579,
            "limit": 50.0
        },
        "L3-5": {
            "id": "L3-5",
            "from_node": "3",
            "to_node": "5",
            "flow": 48.94543668028032,
            "limit": 50.0
        },
        "L4-5": {
            "id": "L4-5",
            "from_node": "4",
            "to_node": "5",
            "flow": -39.55460629264492,
            "limit": 50.0
        },
        "L4-6": {
            "id": "L4-6",
            "from_node": "4",
            "to_node": "6",
            "flow": -23.163659485487614,
            "limit": 50.0
        },
        "L4-9": {
            "id": "L4-9",
            "from_node": "4",
            "to_node": "9",
            "flow": -23.370437392277125,
            "limit": 50.0
        },
        "L4-11": {
            "id": "L4-11",
            "from_node": "4",
            "to_node": "11",
            "flow": 24.985923916357066,
            "limit": 50.0
        },
        "L4-12": {
            "id": "L4-12",
            "from_node": "4",
            "to_node": "12",
            "flow": 9.872538749574488,
            "limit": 50.0
        },
        "L5-12": {
            "id": "L5-12",
            "from_node": "5",
            "to_node": "12",
            "flow": 49.42714504221941,
            "limit": 50.0
        },
        "L6-7": {
            "id": "L6-7",
            "from_node": "6",
            "to_node": "7",
            "flow": -54.000000000000014,
            "limit": 50.0
        },
        "L6-10": {
            "id": "L6-10",
            "from_node": "6",
            "to_node": "10",
            "flow": -50.75032761818804,
            "limit": 50.0
        },
        "L7-8": {
            "id": "L7-8",
            "from_node": "7",
            "to_node": "8",
            "flow": 15.541967465633137,
            "limit": 50.0
        },
        "L9-11": {
            "id": "L9-11",
            "from_node": "9",
            "to_node": "11",
            "flow": 48.35636130863419,
            "limit": 50.0
        },
        "L11-12": {
            "id": "L11-12",
            "from_node": "11",
            "to_node": "12",
            "flow": -15.113385166782578,
            "limit": 50.0
        }
    },
    "cost": 0.0,
    "difficulty": "Medium"
}
