{
    "nodes": {
        "0": {
            "id": "0",
            "injection": -19.380386362022932,
            "x": 315.98433332170487,
            "y": 249.45720868139898,
            "cost_increase": 82,
            "cost_decrease": 21
        },
        "1": {
            "id": "1",
            "injection": -11.484182866667297,
            "x": 18.275783996713038,
            "y": 228.53082957128169,
            "cost_increase": 43,
            "cost_decrease": 25
        },
        "2": {
            "id": "2",
            "injection": 37.01573736915134,
            "x": 401.84301126309265,
            "y": 16.236776047986158,
            "cost_increase": 54,
            "cost_decrease": -12
        },
        "3": {
            "id": "3",
            "injection": -14.801440214172018,
            "x": 390.3193523888383,
            "y": 146.05338235764867,
            "cost_increase": 100,
            "cost_decrease": 14
        },
        "4": {
            "id": "4",
            "injection": -98.84145813883858,
            "x": 484.2914593756148,
            "y": 301.24276867137075,
            "cost_increase": 39,
            "cost_decrease": -3
        },
        "5": {
            "id": "5",
            "injection": 53.31812988891055,
            "x": 227.84138007381938,
            "y": 142.04884735768212,
            "cost_increase": 56,
            "cost_decrease": -12
        },
        "6": {
            "id": "6",
            "injection": -74.431428492131,
            "x": 245.7655205558775,
            "y": 5.365175530361392,
            "cost_increase": 98,
            "cost_decrease": 36
        },
        "7": {
            "id": "7",
            "injection": 21.54404432793529,
            "x": 98.50727030578251,
            "y": 96.1847950828279,
            "cost_increase": 62,
            "cost_decrease": -6
        },
        "8": {
            "id": "8",
            "injection": -23.193786446508582,
            "x": 397.12515809239414,
            "y": 425.3213604690328,
            "cost_increase": 79,
            "cost_decrease": -6
        },
        "9": {
            "id": "9",
            "injection": 50.542037077990926,
            "x": 160.1217461417889,
            "y": 251.60727586543615,
            "cost_increase": 52,
            "cost_decrease": 17
        },
        "10": {
            "id": "10",
            "injection": 69.75688945252836,
            "x": 512.1569243747768,
            "y": 141.97454505242274,
            "cost_increase": 29,
            "cost_decrease": 9
        },
        "11": {
            "id": "11",
            "injection": -0.13379901302890573,
            "x": 327.9378046467872,
            "y": 352.82440414896917,
            "cost_increase": 54,
            "cost_decrease": 39
        },
        "12": {
            "id": "12",
            "injection": 69.5247953098355,
            "x": 222.05407381176443,
            "y": 405.75301622305983,
            "cost_increase": 42,
            "cost_decrease": 33
        },
        "13": {
            "id": "13",
            "injection": -59.43515189298263,
            "x": 72.6059344422443,
            "y": 362.0796199659711,
            "cost_increase": 70,
            "cost_decrease": 19
        }
    },
    "lines": {
        "L0-3": {
            "id": "L0-3",
            "from_node": "0",
            "to_node": "3",
            "flow": -9.595479200892164,
            "limit": 50.0
        },
        "L0-4": {
            "id": "L0-4",
            "from_node": "0",
            "to_node": "4",
            "flow": 30.02895856469773,
            "limit": 50.0
        },
        "L0-5": {
            "id": "L0-5",
            "from_node": "0",
            "to_node": "5",
            "flow": -17.06080962497889,
            "limit": 50.0
        },
        "L0-9": {
            "id": "L0-9",
            "from_node": "0",
            "to_node": "9",
            "flow": -12.950029684585674,
            "limit": 50.0
        },
        "L0-11": {
            "id": "L0-11",
            "from_node": "0",
            "to_node": "11",
            "flow": 1.2010030321031004,
            "limit": 50.0
        },
        "L0-12": {
            "id": "L0-12",
            "from_node": "0",
            "to_node": "12",
            "flow": -11.004029448367056,
            "limit": 50.0
        },
        "L1-9": {
            "id": "L1-9",
            "from_node": "1",
            "to_node": "9",
            "flow": -12.810242491061787,
            "limit": 50.0
        },
        "L1-13": {
            "id": "L1-13",
            "from_node": "1",
            "to_node": "13",
            "flow": 11.920222382359222,
            "limit": 50.0
        },
        "L1-7": {
            "id": "L1-7",
            "from_node": "1",
            "to_node": "7",
            "flow": -10.59416275796473,
            "limit": 50.0
        },
        "L2-10": {
            "id": "L2-10",
            "from_node": "2",
            "to_node": "10",
            "flow": -2.867766135937142,
            "limit": 50.0
        },
        "L2-3": {
            "id": "L2-3",
            "from_node": "2",
            "to_node": "3",
            "flow": 10.764576639563519,
            "limit": 50.0
        },
        "L2-6": {
            "id": "L2-6",
            "from_node": "2",
            "to_node": "6",
            "flow": 29.118926865524955,
            "limit": 50.0
        },
        "L3-10": {
            "id": "L3-10",
            "from_node": "3",
            "to_node": "10",
            "flow": -13.63234277550066,
            "limit": 50.0
        },
        "L4-8": {
            "id": "L4-8",
            "from_node": "4",
            "to_node": "8",
            "flow": -15.555719033050277,
            "limit": 50.0
        },
        "L4-10": {
            "id": "L4-10",
            "from_node": "4",
            "to_node": "10",
            "flow": -53.256780541090556,
            "limit": 50.0
        },
        "L5-6": {
            "id": "L5-6",
            "from_node": "5",
            "to_node": "6",
            "flow": 25.819680650048163,
            "limit": 50.0
        },
        "L5-7": {
            "id": "L5-7",
            "from_node": "5",
            "to_node": "7",
            "flow": 6.326859673490274,
            "limit": 50.0
        },
        "L5-9": {
            "id": "L5-9",
            "from_node": "5",
            "to_node": "9",
            "flow": 4.110779940393217,
            "limit": 50.0
        },
        "L6-7": {
            "id": "L6-7",
            "from_node": "6",
            "to_node": "7",
            "flow": -19.49282097655789,
            "limit": 50.0
        },
        "L7-9": {
            "id": "L7-9",
            "from_node": "7",
            "to_node": "9",
            "flow": -2.2160797330970574,
            "limit": 50.0
        },
        "L8-11": {
            "id": "L8-11",
            "from_node": "8",
            "to_node": "11",
            "flow": -13.272236499544354,
            "limit": 50.0
        },
        "L8-12": {
            "id": "L8-12",
            "from_node": "8",
            "to_node": "12",
            "flow": -25.47726898001451,
            "limit": 50.0
        },
        "L9-12": {
            "id": "L9-12",
            "from_node": "9",
            "to_node": "12",
            "flow": 1.9460002362186177,
            "limit": 50.0
        },
        "L9-13": {
            "id": "L9-13",
            "from_node": "9",
            "to_node": "13",
            "flow": 24.73046487342101,
            "limit": 50.0
        },
        "L11-12": {
            "id": "L11-12",
            "from_node": "11",
            "to_node": "12",
            "flow": -12.205032480470157,
            "limit": 50.0
        },
        "L12-13": {
            "id": "L12-13",
            "from_node": "12",
            "to_node": "13",
            "flow": 22.78446463720239,
            "limit": 50.0
        }
    },