{
    "nodes": {
        "0": {
            "id": "0",
            "injection": 0.7086004656043656,
            "x": 279.8335881963785,
            "y": 228.61321534372306,
            "cost_increase": 90,
            "cost_decrease": 16
        },
        "1": {
            "id": "1",
            "injection": -107.73220643976073,
            "x": 154.61730267735123,
            "y": 382.71790426275015,
            "cost_increase": 67,
            "cost_decrease": 36
        },
        "2": {
            "id": "2",
            "injection": -8.293846100487754,
            "x": 94.26649513381125,
            "y": 225.47332381208457,
            "cost_increase": 29,
            "cost_decrease": 3
        },
        "3": {
            "id": "3",
            "injection": 15.893093325399496,
            "x": 482.45160430805936,
            "y": 170.94844388665854,
            "cost_increase": 83,
            "cost_decrease": 27
        },
        "4": {
            "id": "4",
            "injection": -143.3762275554057,
            "x": 318.9967740339228,
            "y": 351.1806394619333,
            "cost_increase": 90,
            "cost_decrease": 13
        },
        "5": {
            "id": "5",
            "injection": 20.262184714703654,
            "x": 19.533004325863917,
            "y": 356.598001766456,
            "cost_increase": 44,
            "cost_decrease": 6
        },
        "6": {
            "id": "6",
            "injection": 76.08264623355745,
            "x": 392.2959170276964,
            "y": 250.50717822154107,
            "cost_increase": 97,
            "cost_decrease": 16
        },
        "7": {
            "id": "7",
            "injection": -41.612946999181304,
            "x": 269.7112058143169,
            "y": 57.08159891286265,
            "cost_increase": 93,
            "cost_decrease": 20
        },
        "8": {
            "id": "8",
            "injection": 98.98740534885442,
            "x": 178.4466566385435,
            "y": 151.93986131169754,
            "cost_increase": 97,
            "cost_decrease": -16
        },
        "9": {
            "id": "9",
            "injection": -76.15260689741314,
            "x": 377.01148086262,
            "y": 191.15187823145914,
            "cost_increase": 94,
            "cost_decrease": -12
        },
        "10": {
            "id": "10",
            "injection": 8.373655689578326,
            "x": 49.78563477734606,
            "y": 131.59767489473063,
            "cost_increase": 77,
            "cost_decrease": 19
        },
        "11": {
            "id": "11",
            "injection": 70.76319296677998,
            "x": 343.6132658237522,
            "y": 134.0461987524315,
            "cost_increase": 25,
            "cost_decrease": 23
        },
        "12": {
            "id": "12",
            "injection": 74.865651244356,
            "x": 433.46088447255704,
            "y": 385.3767310798397,
            "cost_increase": 36,
            "cost_decrease": -16
        },
        "13": {
            "id": "13",
            "injection": 1.4778594613280964,
            "x": 114.88224725099423,
            "y": 309.4617255165387,
            "cost_increase": 39,
            "cost_decrease": 40
        },
        "14": {
            "id": "14",
            "injection": 53.12108126129361,
            "x": 225.12630162855274,
            "y": 482.45789346649985,
            "cost_increase": 64,
            "cost_decrease": 35
        },
        "15": {
            "id": "15",
            "injection": -19.649271238028597,
            "x": 154.85687088269117,
            "y": 205.8775270732618,
            "cost_increase": 58,
            "cost_decrease": 0
        },
        "16": {
            "id": "16",
            "injection": 50.042297801173234,
            "x": 211.57799329514256,
            "y": 277.8010495567003,
            "cost_increase": 82,
            "cost_decrease": -17
        },
        "17": {
            "id": "17",
            "injection": -73.76056328235141,
            "x": 233.30598305784588,
            "y": 376.0189662878454,
            "cost_increase": 88,
            "cost_decrease": 38
        }
    },
    "lines": {
        "L0-4": {
            "id": "L0-4",
            "from_node": "0",
            "to_node": "4",
            "flow": 50.96679451101252,
            "limit": 50.0
        },
        "L0-6": {
            "id": "L0-6",
            "from_node": "0",
            "to_node": "6",
            "flow": -27.720231651460303,
            "limit": 50.0
        },
        "L0-7": {
            "id": "L0-7",
            "from_node": "0",
            "to_node": "7",
            "flow": 2.866953522423644,
            "limit": 50.0
        },
        "L0-8": {
            "id": "L0-8",
            "from_node": "0",
            "to_node": "8",
            "flow": -34.564798726367556,
            "limit": 50.0
        },
        "L0-9": {
            "id": "L0-9",
            "from_node": "0",
            "to_node": "9",
            "flow": 4.522150896766894,
            "limit": 50.0
        },
        "L0-11": {
            "id": "L0-11",
            "from_node": "0",
            "to_node": "11",
            "flow": -18.743572041294943,
            "limit": 50.0
        },
        "L0-15": {
            "id": "L0-15",
            "from_node": "0",
            "to_node": "15",
            "flow": -4.905629579646798,
            "limit": 50.0
        },
        "L0-16": {
            "id": "L0-16",
            "from_node": "0",
            "to_node": "16",
            "flow": 28.286933534170956,
            "limit": 50.0
        },
        "L1-5": {
            "id": "L1-5",
            "from_node": "1",
            "to_node": "5",
            "flow": -31.24874605128304,
            "limit": 50.0
        },
        "L1-13": {
            "id": "L1-13",
            "from_node": "1",
            "to_node": "13",
            "flow": -22.540973166713698,
            "limit": 50.0
        },
        "L1-14": {
            "id": "L1-14",
            "from_node": "1",
            "to_node": "14",
            "flow": -27.914990435981792,
            "limit": 50.0
        },
        "L1-16": {
            "id": "L1-16",
            "from_node": "1",
            "to_node": "16",
            "flow": -26.027496785782205,
            "limit": 50.0
        },
        "L2-5": {
            "id": "L2-5",
            "from_node": "2",
            "to_node": "5",
            "flow": 0.1610443171784084,
            "limit": 50.0
        },
        "L2-10": {
            "id": "L2-10",
            "from_node": "2",
            "to_node": "10",
            "flow": -22.70600120209315,
            "limit": 50.0
        },
        "L2-13": {
            "id": "L2-13",
            "from_node": "2",
            "to_node": "13",
            "flow": 8.86881720174775,
            "limit": 50.0
        },
        "L2-16": {
            "id": "L2-16",
            "from_node": "2",
            "to_node": "16",
            "flow": 5.382293582679242,
            "limit": 50.0
        },
        "L3-6": {
            "id": "L3-6",
            "from_node": "3",
            "to_node": "6",
            "flow": -16.12003203386997,
            "limit": 50.0
        },
        "L3-7": {
            "id": "L3-7",
            "from_node": "3",
            "to_node": "7",
            "flow": 14.46715314001398,
            "limit": 50.0
        },
        "L3-9": {
            "id": "L3-9",
            "from_node": "3",
            "to_node": "9",
            "flow": 16.12235051435723,
            "limit": 50.0
        },
        "L3-11": {
            "id": "L3-11",
            "from_node": "3",
            "to_node": "11",
            "flow": -7.143372423704607,
            "limit": 50.0
        },
        "L3-12": {
            "id": "L3-12",
            "from_node": "3",
            "to_node": "12",
            "flow": 8.566994128602861,