{
    "nodes": {
        "0": {
            "id": "0",
            "injection": -80.71707600798753,
            "x": 283.73390715052483,
            "y": 4.503636402255086,
            "cost_increase": 57,
            "cost_decrease": -5
        },
        "1": {
            "id": "1",
            "injection": 63.61774535214605,
            "x": 437.01032126152404,
            "y": 33.02116871592355,
            "cost_increase": 60,
            "cost_decrease": 16
        },
        "2": {
            "id": "2",
            "injection": 106.56108902588386,
            "x": 316.8247047275723,
            "y": 262.6533398860177,
            "cost_increase": 40,
            "cost_decrease": 13
        },
        "3": {
            "id": "3",
            "injection": 63.532921256418035,
            "x": 248.4703685133591,
            "y": 364.4420985106292,
            "cost_increase": 50,
            "cost_decrease": 27
        },
        "4": {
            "id": "4",
            "injection": 124.70860194332558,
            "x": 226.047824719226,
            "y": 171.87816039115006,
            "cost_increase": 66,
            "cost_decrease": -1
        },
        "5": {
            "id": "5",
            "injection": 14.53101774400866,
            "x": 138.86318140654265,
            "y": 89.48354661064747,
            "cost_increase": 62,
            "cost_decrease": 27
        },
        "6": {
            "id": "6",
            "injection": -24.642529896690906,
            "x": 498.9848240796994,
            "y": 173.40517409989124,
            "cost_increase": 66,
            "cost_decrease": 13
        },
        "7": {
            "id": "7",
            "injection": -98.36444816373454,
            "x": 127.42210893348651,
            "y": 262.0510019157099,
            "cost_increase": 76,
            "cost_decrease": 6
        },
        "8": {
            "id": "8",
            "injection": -55.08789069680489,
            "x": 352.5619284357604,
            "y": 151.73756045295224,
            "cost_increase": 68,
            "cost_decrease": 32
        },
        "9": {
            "id": "9",
            "injection": -114.13943055656435,
            "x": 420.61985461848565,
            "y": 311.83282118802583,
            "cost_increase": 99,
            "cost_decrease": -5
        }
    },
    "lines": {
        "L0-8": {
            "id": "L0-8",
            "from_node": "0",
            "to_node": "8",
            "flow": -19.10935640113851,
            "limit": 50.0
        },
        "L0-1": {
            "id": "L0-1",
            "from_node": "0",
            "to_node": "1",
            "flow": -31.0441020857137,
            "limit": 50.0
        },
        "L0-5": {
            "id": "L0-5",
            "from_node": "0",
            "to_node": "5",
            "flow": -30.563617521135267,
            "limit": 50.0
        },
        "L1-8": {
            "id": "L1-8",
            "from_node": "1",
            "to_node": "8",
            "flow": 11.93474568457519,
            "limit": 50.0
        },
        "L1-6": {
            "id": "L1-6",
            "from_node": "1",
            "to_node": "6",
            "flow": 20.638897581857165,
            "limit": 50.0
        },
        "L2-3": {
            "id": "L2-3",
            "from_node": "2",
            "to_node": "3",
            "flow": 11.965760505614078,
            "limit": 50.0
        },
        "L2-8": {
            "id": "L2-8",
            "from_node": "2",
            "to_node": "8",
            "flow": 40.59532852026979,
            "limit": 50.0
        },
        "L2-9": {
            "id": "L2-9",
            "from_node": "2",
            "to_node": "9",
            "flow": 54.0,
            "limit": 50.0
        },
        "L3-9": {
            "id": "L3-9",
            "from_node": "3",
            "to_node": "9",
            "flow": 42.03423949438592,
            "limit": 50.0
        },
        "L3-7": {
            "id": "L3-7",
            "from_node": "3",
            "to_node": "7",
            "flow": 33.4644422676462,
            "limit": 50.0
        },
        "L4-5": {
            "id": "L4-5",
            "from_node": "4",
            "to_node": "5",
            "flow": 32.32173515011385,
            "limit": 50.0
        },
        "L4-7": {
            "id": "L4-7",
            "from_node": "4",
            "to_node": "7",
            "flow": 48.61087052310109,
            "limit": 50.0
        },
        "L4-8": {
            "id": "L4-8",
            "from_node": "4",
            "to_node": "8",
            "flow": 43.77599627011061,
            "limit": 50.0
        },
        "L5-7": {
            "id": "L5-7",
            "from_node": "5",
            "to_node": "7",
            "flow": 16.289135372987243,
            "limit": 50.0
        },
        "L6-8": {
            "id": "L6-8",
            "from_node": "6",
            "to_node": "8",
            "flow": -8.704151897281974,
            "limit": 50.0
        },
        "L6-9": {
            "id": "L6-9",
            "from_node": "6",
            "to_node": "9",
            "flow": 4.700519582448231,
            "limit": 50.0
        },
        "L8-9": {
            "id": "L8-9",
            "from_node": "8",
            "to_node": "9",
            "flow": 13.404671479730204,
            "limit": 50.0
        }
    },
    "cost": 0.0,
    "difficulty": "Medium"
}
