{
    "nodes": {
        "0": {
            "id": "0",
            "injection": 45.145905736119715,
            "x": 238.47171845352761,
            "y": 326.4130419027416,
            "cost_increase": 44,
            "cost_decrease": 14
        },
        "1": {
            "id": "1",
            "injection": -0.2612324392070662,
            "x": 140.9436837474858,
            "y": 424.34607405554755,
            "cost_increase": 61,
            "cost_decrease": -16
        },
        "2": {
            "id": "2",
            "injection": -72.6914522133412,
            "x": 185.3194124760918,
            "y": 126.61259245666179,
            "cost_increase": 36,
            "cost_decrease": -16
        },
        "3": {
            "id": "3",
            "injection": 30.265813750774548,
            "x": 294.36395563505727,
            "y": 451.14390744807685,
            "cost_increase": 25,
            "cost_decrease": 30
        },
        "4": {
            "id": "4",
            "injection": 34.629470084092645,
            "x": 354.0925339662505,
            "y": 156.09168424572692,
            "cost_increase": 38,
            "cost_decrease": 18
        },
        "5": {
            "id": "5",
            "injection": -62.32394604662553,
            "x": 392.0315359609881,
            "y": 321.0963152380258,
            "cost_increase": 23,
            "cost_decrease": -16
        },
        "6": {
            "id": "6",
            "injection": -50.40838541792038,
            "x": 257.1562681046279,
            "y": 217.19267159664847,
            "cost_increase": 28,
            "cost_decrease": -3
        },
        "7": {
            "id": "7",
            "injection": 75.64382654610725,
            "x": 97.04319283730347,
            "y": 267.66589586347504,
            "cost_increase": 50,
            "cost_decrease": 37
        }
    },
    "lines": {
        "L0-1": {
            "id": "L0-1",
            "from_node": "0",
            "to_node": "1",
            "flow": -5.227909556169382,
            "limit": 50.0
        },
        "L0-3": {
            "id": "L0-3",
            "from_node": "0",
            "to_node": "3",
            "flow": -2.509093056576893,
            "limit": 50.0
        },
        "L0-5": {
            "id": "L0-5",
            "from_node": "0",
            "to_node": "5",
            "flow": 27.966444137213248,
            "limit": 50.0
        },
        "L0-6": {
            "id": "L0-6",
            "from_node": "0",
            "to_node": "6",
            "flow": 38.35233226279105,
            "limit": 50.0
        },
        "L0-7": {
            "id": "L0-7",
            "from_node": "0",
            "to_node": "7",
            "flow": -13.435868051138321,
            "limit": 50.0
        },
        "L1-3": {
            "id": "L1-3",
            "from_node": "1",
            "to_node": "3",
            "flow": 2.718816499592489,
            "limit": 50.0
        },
        "L1-7": {
            "id": "L1-7",
            "from_node": "1",
            "to_node": "7",
            "flow": -8.207958494968938,
            "limit": 50.0
        },
        "L2-4": {
            "id": "L2-4",
            "from_node": "2",
            "to_node": "4",
            "flow": -16.479652527270567,
            "limit": 50.0
        },
        "L2-6": {
            "id": "L2-6",
            "from_node": "2",
            "to_node": "6",
            "flow": -2.211799686070627,
            "limit": 50.0
        },
        "L2-7": {
            "id": "L2-7",
            "from_node": "2",
            "to_node": "7",
            "flow": -54.0,
            "limit": 50.0
        },
        "L3-5": {
            "id": "L3-5",
            "from_node": "3",
            "to_node": "5",
            "flow": 30.475537193790142,
            "limit": 50.0
        },
        "L4-5": {
            "id": "L4-5",
            "from_node": "4",
            "to_node": "5",
            "flow": 3.8819647156221357,
            "limit": 50.0
        },
        "L4-6": {
            "id": "L4-6",
            "from_node": "4",
            "to_node": "6",
            "flow": 14.26785284119994,
            "limit": 50.0
        }
    },
    "cost": 0.0,
    "difficulty": "Easy"
}
