{
    "nodes": {
        "0": {
            "id": "0",
            "injection": -38.36194786621748,
            "x": 159.90067284829024,
            "y": 277.48809111148245,
            "cost_increase": 62,
            "cost_decrease": -20
        },
        "1": {
            "id": "1",
            "injection": 14.494705008399091,
            "x": 256.93449644012827,
            "y": 317.3511388228207,
            "cost_increase": 61,
            "cost_decrease": 39
        },
        "2": {
            "id": "2",
            "injection": -84.8134838013415,
            "x": 204.84081893833795,
            "y": 141.44295010711306,
            "cost_increase": 85,
            "cost_decrease": -1
        },
        "3": {
            "id": "3",
            "injection": 46.17900951309447,
            "x": 263.5573260553194,
            "y": 226.6436684538942,
            "cost_increase": 94,
            "cost_decrease": -20
        },
        "4": {
            "id": "4",
            "injection": 111.0926112207631,
            "x": 240.46501593117145,
            "y": 16.9540035950623,
            "cost_increase": 81,
            "cost_decrease": -20
        },
        "5": {
            "id": "5",
            "injection": -49.35072762549396,
            "x": 70.66757946182817,
            "y": 128.5090823222009,
            "cost_increase": 45,
            "cost_decrease": 2
        },
        "6": {
            "id": "6",
            "injection": -56.59093973959324,
            "x": 147.0633401565094,
            "y": 188.89426222673575,
            "cost_increase": 64,
            "cost_decrease": -5
        },
        "7": {
            "id": "7",
            "injection": 165.67917696622916,
            "x": 379.08496269073095,
            "y": 218.2239313953201,
            "cost_increase": 27,
            "cost_decrease": -3
        },
        "8": {
            "id": "8",
            "injection": -71.54115852456886,
            "x": 247.1373443987017,
            "y": 111.58123316741472,
            "cost_increase": 35,
            "cost_decrease": -20
        },
        "9": {
            "id": "9",
            "injection": -15.270266255566995,
            "x": 295.3514629921409,
            "y": 139.5624297396969,
            "cost_increase": 53,
            "cost_decrease": -20
        },
        "10": {
            "id": "10",
            "injection": 46.48867917713683,
            "x": 298.91838448355867,
            "y": 401.7762439399353,
            "cost_increase": 29,
            "cost_decrease": 33
        },
        "11": {
            "id": "11",
            "injection": -68.00565807284065,
            "x": 106.54482081171888,
            "y": 352.10251886061064,
            "cost_increase": 42,
            "cost_decrease": 47
        },
        "10b": {
            "id": "10b",
            "injection": 0.0,
            "x": 298.91838448355867,
            "y": 401.7762439399353,
            "cost_increase": 53,
            "cost_decrease": -5
        },
        "3b": {
            "id": "3b",
            "injection": 0.0,
            "x": 263.5573260553194,
            "y": 226.6436684538942,
            "cost_increase": 58,
            "cost_decrease": 3
        }
    },
    "lines": {
        "L0-1": {
            "id": "L0-1",
            "from_node": "0",
            "to_node": "1",
            "flow": -37.23185695786967,
            "limit": 50.0
        },
        "L0-3": {
            "id": "L0-3",
            "from_node": "0",
            "to_node": "3",
            "flow": -15.900670217855087,
            "limit": 50.0
        },
        "L0-6": {
            "id": "L0-6",
            "from_node": "0",
            "to_node": "6",
            "flow": 12.919027701316303,
            "limit": 50.0
        },
        "L0-11": {
            "id": "L0-11",
            "from_node": "0",
            "to_node": "11",
            "flow": 1.8515516081910093,
            "limit": 50.0
        },
        "L1-3": {
            "id": "L1-3",
            "from_node": "1",
            "to_node": "3",
            "flow": 21.33118674001458,
            "limit": 50.0
        },
        "L1-7": {
            "id": "L1-7",
            "from_node": "1",
            "to_node": "7",
            "flow": -36.66306807840898,
            "limit": 50.0
        },
        "L1-10": {
            "id": "L1-10",
            "from_node": "1",
            "to_node": "10",
            "flow": -46.48867917713683,
            "limit": 50.0
        },
        "L1-11": {
            "id": "L1-11",
            "from_node": "1",
            "to_node": "11",
            "flow": 39.083408566060676,
            "limit": 50.0
        },
        "L2-3": {
            "id": "L2-3",
            "from_node": "2",
            "to_node": "3",
            "flow": -37.395299275256065,
            "limit": 50.0
        },
        "L2-4": {
            "id": "L2-4",
            "from_node": "2",
            "to_node": "4",
            "flow": -47.65365989689175,
            "limit": 50.0
        },
        "L2-8": {
            "id": "L2-8",
            "from_node": "2",
            "to_node": "8",
            "flow": 0.23547537080630931,
            "limit": 50.0
        },
        "L3-9": {
            "id": "L3-9",
            "from_node": "3",
            "to_node": "9",
            "flow": 14.214226759997898,
            "limit": 50.0
        },
        "L4-5": {
            "id": "L4-5",
            "from_node": "4",
            "to_node": "5",
            "flow": 38.81312287132761,
            "limit": 50.0
        },
        "L4-7": {
            "id": "L4-7",
            "from_node": "4",
            "to_node": "7",
            "flow": -47.73589419678788,
            "limit": 50.0
        },
        "L4-8": {
            "id": "L4-8",
            "from_node": "4",
            "to_node": "8",
            "flow": 47.88913526769806,
            "limit": 50.0
        },
        "L4-9": {
            "id": "L4-9",
            "from_node": "4",
            "to_node": "9",
            "flow": 24.47258738163358,
            "limit": 50.0
        },
        "L5-11": {
            "id": "L5-11",
            "from_node": "5",
            "to_node": "11",
            "flow": -10.802540423645826,
            "limit": 50.0
        },
        "L5-6": {
            "id": "L5-6",
            "from_node": "5",
            "to_node": "6",
            "flow": 0.2649356694794669,
            "limit": 50.0
        },
        "L8-9": {
            "id": "L8-9",
            "from_node": "8",
            "to_node": "9",
            "flow": -23.41654788606448,
            "limit": 50.0
        },
        "L7-10b": {
            "id": "L7-10b",
            "from_node": "7",
            "to_node": "10b",
            "flow": 37.87323832223483,
            "limit": 50.0
        },
        "L10b-11": {
            "id": "L10b-11",
            "from_node": "10b",
            "to_node": "11",
            "flow": 37.873238322234826,
            "limit": 50.0
        },
        "L3b-7": {
            "id": "L3b-7",
            "from_node": "3b",
            "to_node": "7",
            "flow": -43.40697636879748,
            "limit": 50.0
        },
        "L3b-6": {
            "id": "L3b-6",
            "from_node": "3b",
            "to_node": "6",
            "flow": 43.40697636879747,
            "limit": 50.0
        }
    },
    "cost": 0.0
}