{
    "nodes": {
        "0": {
            "id": "0",
            "injection": 11.61185585067503,
            "x": 303.68106712788205,
            "y": 273.3493569611097,
            "cost_increase": 65,
            "cost_decrease": -2
        },
        "1": {
            "id": "1",
            "injection": -12.146866677488347,
            "x": 82.76303710942743,
            "y": 209.4846022857333,
            "cost_increase": 86,
            "cost_decrease": 6
        },
        "2": {
            "id": "2",
            "injection": -107.72047547766945,
            "x": 350.25526591058394,
            "y": 191.01890740761158,
            "cost_increase": 52,
            "cost_decrease": 25
        },
        "3": {
            "id": "3",
            "injection": 47.89046988690212,
            "x": 208.6028920858017,
            "y": 147.28683312582808,
            "cost_increase": 51,
            "cost_decrease": -7
        },
        "4": {
            "id": "4",
            "injection": 31.601968556023078,
            "x": 117.88177646036104,
            "y": 286.23242048737865,
            "cost_increase": 71,
            "cost_decrease": -8
        },
        "5": {
            "id": "5",
            "injection": 36.4464070977012,
            "x": 530.2141143651622,
            "y": 188.35985269051076,
            "cost_increase": 58,
            "cost_decrease": -9
        },
        "6": {
            "id": "6",
            "injection": -6.222633334086384,
            "x": 225.00311441975634,
            "y": 332.553541094702,
            "cost_increase": 65,
            "cost_decrease": -1
        },
        "7": {
            "id": "7",
            "injection": -103.3949377589245,
            "x": 390.3685655885495,
            "y": 97.24795132072443,
            "cost_increase": 57,
            "cost_decrease": 5
        },
        "8": {
            "id": "8",
            "injection": -19.31868109666176,
            "x": -17.53634491603859,
            "y": 294.5074645183515,
            "cost_increase": 57,
            "cost_decrease": 18
        },
        "9": {
            "id": "9",
            "injection": 37.82173215462527,
            "x": 558.53249107915,
            "y": 344.21226656382873,
            "cost_increase": 60,
            "cost_decrease": -16
        },
        "10": {
            "id": "10",
            "injection": 24.5343476874183,
            "x": 22.994401415063255,
            "y": 136.40008736814966,
            "cost_increase": 92,
            "cost_decrease": 39
        },
        "11": {
            "id": "11",
            "injection": 38.878420426401284,
            "x": 433.42899388676625,
            "y": 298.02361832393603,
            "cost_increase": 40,
            "cost_decrease": 38
        },
        "12": {
            "id": "12",
            "injection": 41.55634076556203,
            "x": 435.80153479965566,
            "y": 447.21287407360705,
            "cost_increase": 79,
            "cost_decrease": 24
        },
        "13": {
            "id": "13",
            "injection": 58.85280499306945,
            "x": 107.19900748472205,
            "y": 418.72255400915674,
            "cost_increase": 83,
            "cost_decrease": 18
        },
        "14": {
            "id": "14",
            "injection": -80.39075307354736,
            "x": 268.92580023225764,
            "y": 470.1871797242214,
            "cost_increase": 32,
            "cost_decrease": -9
        }
    },
    "lines": {
        "L0-2": {
            "id": "L0-2",
            "from_node": "0",
            "to_node": "2",
            "flow": 31.962152601069057,
            "limit": 50.0
        },
        "L0-3": {
            "id": "L0-3",
            "from_node": "0",
            "to_node": "3",
            "flow": -3.138081931261691,
            "limit": 50.0
        },
        "L0-6": {
            "id": "L0-6",
            "from_node": "0",
            "to_node": "6",
            "flow": -1.3689274626348316,
            "limit": 50.0
        },
        "L0-11": {
            "id": "L0-11",
            "from_node": "0",
            "to_node": "11",
            "flow": -15.843287356497454,
            "limit": 50.0
        },
        "L1-8": {
            "id": "L1-8",
            "from_node": "1",
            "to_node": "8",
            "flow": -1.8772323957406325,
            "limit": 50.0
        },
        "L1-10": {
            "id": "L1-10",
            "from_node": "1",
            "to_node": "10",
            "flow": -6.7959472852865535,
            "limit": 50.0
        },
        "L1-3": {
            "id": "L1-3",
            "from_node": "1",
            "to_node": "3",
            "flow": 6.023738227299271,
            "limit": 50.0
        },
        "L1-4": {
            "id": "L1-4",
            "from_node": "1",
            "to_node": "4",
            "flow": -9.497425223760436,
            "limit": 50.0
        },
        "L2-3": {
            "id": "L2-3",
            "from_node": "2",
            "to_node": "3",
            "flow": -35.100234532330745,
            "limit": 50.0
        },
        "L2-7": {
            "id": "L2-7",
            "from_node": "2",
            "to_node": "7",
            "flow": 7.147351613296877,
            "limit": 50.0
        },
        "L2-11": {
            "id": "L2-11",
            "from_node": "2",
            "to_node": "11",
            "flow": -47.80543995756651,
            "limit": 50.0
        },
        "L3-4": {
            "id": "L3-4",
            "from_node": "3",
            "to_node": "4",
            "flow": -15.521163451059707,
            "limit": 50.0
        },
        "L3-6": {
            "id": "L3-6",
            "from_node": "3",
            "to_node": "6",
            "flow": 1.7691544686268594,
            "limit": 50.0
        },
        "L3-7": {
            "id": "L3-7",
            "from_node": "3",
            "to_node": "7",
            "flow": 42.24758614562762,
            "limit": 50.0
        },
        "L3-10": {
            "id": "L3-10",
            "from_node": "3",
            "to_node": "10",
            "flow": -12.819685512585824,
            "limit": 50.0
        },
        "L4-8": {
            "id": "L4-8",
            "from_node": "4",
            "to_node": "8",
            "flow": 7.620192828019803,
            "limit": 50.0
        },
        "L4-13": {
            "id": "L4-13",
            "from_node": "4",
            "to_node": "13",
            "flow": -1.036812946816859,
            "limit": 50.0
        },
        "L5-9": {
            "id": "L5-9",
            "from_node": "5",
            "to_node": "9",
            "flow": -16.60080133143539,
            "limit": 50.0
        },
        "L5-11": {
            "id": "L5-11",
            "from_node": "5",
            "to_node": "11",
            "flow": -0.9527915708634023,
            "limit": 50.0
        },
        "L5-7": {
            "id": "L5-7",
            "from_node": "5",
            "to_node": "7",
            "flow": 53.999999999999986,
            "limit": 50.0
        },
        "L6-13": {
            "id": "L6-13",
            "from_node": "6",
            "to_node": "13",
            "flow": -18.327130866503424,
            "limit": 50.0
        },
        "L6-14": {
            "id": "L6-14",
            "from_node": "6",
            "to_node": "14",
            "flow": 12.50472453840907,
            "limit": 50.0
        },
        "L8-10": {
            "id": "L8-10",
            "from_node": "8",
            "to_node": "10",
            "flow": -4.918714889545921,
            "limit": 50.0
        },
        "L8-13": {
            "id": "L8-13",
            "from_node": "8",
            "to_node": "13",
            "flow": -8.657005774836662,
            "limit": 50.0
        },
        "L9-11": {
            "id": "L9-11",
            "from_node": "9",
            "to_node": "11",
            "flow": 15.64800976057199,