{
    "nodes": {
        "0": {
            "id": "0",
            "injection": 45.97377132565423,
            "x": 570.0840517566068,
            "y": 178.16839912860058,
            "cost_increase": 22,
            "cost_decrease": 21
        },
        "1": {
            "id": "1",
            "injection": -7.379957789257101,
            "x": 279.44706107679394,
            "y": 315.4824831600928,
            "cost_increase": 90,
            "cost_decrease": 26
        },
        "2": {
            "id": "2",
            "injection": 72.67149061042014,
            "x": 141.55569930085926,
            "y": 444.8859412738104,
            "cost_increase": 59,
            "cost_decrease": 13
        },
        "3": {
            "id": "3",
            "injection": -55.87305308412982,
            "x": 416.7666613030068,
            "y": 175.33196685031743,
            "cost_increase": 30,
            "cost_decrease": 18
        },
        "4": {
            "id": "4",
            "injection": -26.37498497566448,
            "x": 286.0229491981056,
            "y": 53.54871190272875,
            "cost_increase": 39,
            "cost_decrease": -20
        },
        "5": {
            "id": "5",
            "injection": 12.88667911308001,
            "x": 124.42064788459663,
            "y": 281.3838682416422,
            "cost_increase": 69,
            "cost_decrease": -13
        },
        "6": {
            "id": "6",
            "injection": -41.41262723740824,
            "x": 144.97003184907882,
            "y": 356.18466601558896,
            "cost_increase": 89,
            "cost_decrease": 26
        },
        "7": {
            "id": "7",
            "injection": 4.507554988188949,
            "x": 488.79461502175695,
            "y": 58.7121792469808,
            "cost_increase": 39,
            "cost_decrease": -5
        },
        "8": {
            "id": "8",
            "injection": -24.660056561274224,
            "x": 166.20651063405805,
            "y": 137.70280309408176,
            "cost_increase": 79,
            "cost_decrease": 11
        },
        "9": {
            "id": "9",
            "injection": 15.339015126091178,
            "x": 432.08858708328785,
            "y": 394.31834727414935,
            "cost_increase": 81,
            "cost_decrease": -18
        },
        "10": {
            "id": "10",
            "injection": 3.5655166705561046,
            "x": 387.0204195089864,
            "y": 0.7185699569562408,
            "cost_increase": 50,
            "cost_decrease": 30
        },
        "11": {
            "id": "11",
            "injection": 94.71624074649559,
            "x": 11.316430783343948,
            "y": 366.0556716767444,
            "cost_increase": 46,
            "cost_decrease": 6
        },
        "12": {
            "id": "12",
            "injection": -81.21618175900056,
            "x": 33.16782816722591,
            "y": 206.99541885301954,
            "cost_increase": 80,
            "cost_decrease": 36
        },
        "13": {
            "id": "13",
            "injection": -48.63329702132685,
            "x": 560.8086673589557,
            "y": 320.4361393388542,
            "cost_increase": 26,
            "cost_decrease": -13
        },
        "14": {
            "id": "14",
            "injection": -42.34408108373804,
            "x": 313.43380334771535,
            "y": 173.5461818903319,
            "cost_increase": 26,
            "cost_decrease": 32
        },
        "15": {
            "id": "15",
            "injection": 78.23397093131312,
            "x": 428.55007316444664,
            "y": 286.98377844164816,
            "cost_increase": 62,
            "cost_decrease": 2
        }
    },
    "lines": {
        "L0-3": {
            "id": "L0-3",
            "from_node": "0",
            "to_node": "3",
            "flow": 19.143449482295242,
            "limit": 50.0
        },
        "L0-13": {
            "id": "L0-13",
            "from_node": "0",
            "to_node": "13",
            "flow": 10.220655368460502,
            "limit": 50.0
        },
        "L0-7": {
            "id": "L0-7",
            "from_node": "0",
            "to_node": "7",
            "flow": 16.609666474898496,
            "limit": 50.0
        },
        "L1-2": {
            "id": "L1-2",
            "from_node": "1",
            "to_node": "2",
            "flow": -37.851416248992734,
            "limit": 50.0
        },
        "L1-3": {
            "id": "L1-3",
            "from_node": "1",
            "to_node": "3",
            "flow": 16.54493581174145,
            "limit": 50.0
        },
        "L1-5": {
            "id": "L1-5",
            "from_node": "1",
            "to_node": "5",
            "flow": -7.901877608706582,
            "limit": 50.0
        },
        "L1-6": {
            "id": "L1-6",
            "from_node": "1",
            "to_node": "6",
            "flow": -9.044684951369828,
            "limit": 50.0
        },
        "L1-8": {
            "id": "L1-8",
            "from_node": "1",
            "to_node": "8",
            "flow": 25.009549479329515,
            "limit": 50.0
        },
        "L1-9": {
            "id": "L1-9",
            "from_node": "1",
            "to_node": "9",
            "flow": -7.721307921309352,
            "limit": 50.0
        },
        "L1-14": {
            "id": "L1-14",
            "from_node": "1",
            "to_node": "14",
            "flow": 29.03189398579402,
            "limit": 50.0
        },
        "L1-15": {
            "id": "L1-15",
            "from_node": "1",
            "to_node": "15",
            "flow": -15.447050335743583,
            "limit": 50.0
        },
        "L2-11": {
            "id": "L2-11",
            "from_node": "2",
            "to_node": "11",
            "flow": 6.013343063804495,
            "limit": 50.0
        },
        "L2-6": {
            "id": "L2-6",
            "from_node": "2",
            "to_node": "6",
            "flow": 28.80673129762291,
            "limit": 50.0
        },
        "L3-7": {
            "id": "L3-7",
            "from_node": "3",
            "to_node": "7",
            "flow": -2.533783007396746,
            "limit": 50.0
        },
        "L3-10": {
            "id": "L3-10",
            "from_node": "3",
            "to_node": "10",
            "flow": 1.8541431907360888,
            "limit": 50.0
        },
        "L3-14": {
            "id": "L3-14",
            "from_node": "3",
            "to_node": "14",
            "flow": 12.486958174052571,
            "limit": 50.0
        },
        "L3-15": {
            "id": "L3-15",
            "from_node": "3",
            "to_node": "15",
            "flow": -31.991986147485033,
            "limit": 50.0
        },
        "L4-7": {
            "id": "L4-7",
            "from_node": "4",
            "to_node": "7",
            "flow": -14.195512257557859,
            "limit": 50.0
        },
        "L4-8": {
            "id": "L4-8",
            "from_node": "4",
            "to_node": "8",
            "flow": -3.1971155825730477,
            "limit": 50.0
        },
        "L4-10": {
            "id": "L4-10",
            "from_node": "4",
            "to_node": "10",
            "flow": -9.807586059425024,
            "limit": 50.0
        },
        "L4-14": {
            "id": "L4-14",
            "from_node": "4",
            "to_node": "14",
            "flow": 0.8252289238914585,
            "limit": 50.0
        },
        "L5-6": {
            "id": "L5-6",
            "from_node": "5",
            "to_node": "6",
            "flow": -1.1428073426632448,
            "limit": 50.0
        },
        "L5-11": {
            "id": "L5-11",
            "from_node": "5",
            "to_node": "11",
            "flow": -23.93619557648166,
            "limit": 50.0
        },
        "L5-12": {
            "id": "L5-12",
            "from_node": "5",