{
    "nodes": {
        "0": {
            "id": "0",
            "injection": 65.86449067357022,
            "x": 294.8656396442409,
            "y": 45.91001855129495,
            "cost_increase": 59,
            "cost_decrease": 32
        },
        "1": {
            "id": "1",
            "injection": 32.99093328582185,
            "x": 189.79721419240067,
            "y": 482.5097544166937,
            "cost_increase": 48,
            "cost_decrease": 32
        },
        "2": {
            "id": "2",
            "injection": 1.7407294717156707,
            "x": 268.6506854023734,
            "y": 345.02919556729955,
            "cost_increase": 20,
            "cost_decrease": -3
        },
        "3": {
            "id": "3",
            "injection": -125.18288416575813,
            "x": 262.1142749649053,
            "y": 207.65971863875032,
            "cost_increase": 86,
            "cost_decrease": 17
        },
        "4": {
            "id": "4",
            "injection": 53.099263135927096,
            "x": 102.97354584776049,
            "y": 121.14366834911716,
            "cost_increase": 68,
            "cost_decrease": 22
        },
        "5": {
            "id": "5",
            "injection": 27.384225133348842,
            "x": 328.1691306896709,
            "y": 509.87953995602413,
            "cost_increase": 54,
            "cost_decrease": 20
        },
        "6": {
            "id": "6",
            "injection": -30.474984282958715,
            "x": 207.09818768222706,
            "y": 152.55997224459801,
            "cost_increase": 76,
            "cost_decrease": 19
        },
        "7": {
            "id": "7",
            "injection": 5.131925232917858,
            "x": 343.64368011649475,
            "y": 205.2109320231385,
            "cost_increase": 43,
            "cost_decrease": -8
        },
        "8": {
            "id": "8",
            "injection": -144.84942234500036,
            "x": 89.23761007695725,
            "y": 33.214079286747264,
            "cost_increase": 97,
            "cost_decrease": -6
        },
        "9": {
            "id": "9",
            "injection": 33.48709804212413,
            "x": 426.520125862384,
            "y": 203.80356829887916,
            "cost_increase": 26,
            "cost_decrease": -13
        },
        "10": {
            "id": "10",
            "injection": 17.77449769789442,
            "x": 382.292849074889,
            "y": 395.0059888725822,
            "cost_increase": 34,
            "cost_decrease": -12
        },
        "11": {
            "id": "11",
            "injection": 1.6437614060422556,
            "x": 450.52040068446183,
            "y": 107.91886406417879,
            "cost_increase": 33,
            "cost_decrease": -8
        },
        "12": {
            "id": "12",
            "injection": 50.85993100027301,
            "x": 88.08515771466878,
            "y": 376.53354707787395,
            "cost_increase": 35,
            "cost_decrease": 4
        },
        "13": {
            "id": "13",
            "injection": 61.10031133563087,
            "x": 187.736816781384,
            "y": 101.52446109124205,
            "cost_increase": 88,
            "cost_decrease": 26
        },
        "14": {
            "id": "14",
            "injection": -118.57770429119462,
            "x": 474.48745930405624,
            "y": 456.8639096243831,
            "cost_increase": 98,
            "cost_decrease": 38
        },
        "15": {
            "id": "15",
            "injection": -25.217716634060203,
            "x": 20.64974590689323,
            "y": 213.78347928963967,
            "cost_increase": 70,
            "cost_decrease": -8
        },
        "16": {
            "id": "16",
            "injection": 52.238757987651056,
            "x": 473.21916258241373,
            "y": 297.0116627216825,
            "cost_increase": 50,
            "cost_decrease": 9
        },
        "17": {
            "id": "17",
            "injection": 40.98678731605477,
            "x": 152.0452218712775,
            "y": 246.11279032506184,
            "cost_increase": 66,
            "cost_decrease": 22
        }
    },
    "lines": {
        "L0-3": {
            "id": "L0-3",
            "from_node": "0",
            "to_node": "3",
            "flow": 35.29998468270911,
            "limit": 50.0
        },
        "L0-6": {
            "id": "L0-6",
            "from_node": "0",
            "to_node": "6",
            "flow": 13.906015583218627,
            "limit": 50.0
        },
        "L0-7": {
            "id": "L0-7",
            "from_node": "0",
            "to_node": "7",
            "flow": -10.531966561585179,
            "limit": 50.0
        },
        "L0-8": {
            "id": "L0-8",
            "from_node": "0",
            "to_node": "8",
            "flow": 54.0,
            "limit": 50.0
        },
        "L0-11": {
            "id": "L0-11",
            "from_node": "0",
            "to_node": "11",
            "flow": -11.289009531629038,
            "limit": 50.0
        },
        "L0-13": {
            "id": "L0-13",
            "from_node": "0",
            "to_node": "13",
            "flow": -15.52053349914331,
            "limit": 50.0
        },
        "L1-2": {
            "id": "L1-2",
            "from_node": "1",
            "to_node": "2",
            "flow": 16.586303096733335,
            "limit": 50.0
        },
        "L1-12": {
            "id": "L1-12",
            "from_node": "1",
            "to_node": "12",
            "flow": 0.6963818259004242,
            "limit": 50.0
        },
        "L1-5": {
            "id": "L1-5",
            "from_node": "1",
            "to_node": "5",
            "flow": 15.708248363188098,
            "limit": 50.0
        },
        "L2-3": {
            "id": "L2-3",
            "from_node": "2",
            "to_node": "3",
            "flow": 38.558572567199406,
            "limit": 50.0
        },
        "L2-5": {
            "id": "L2-5",
            "from_node": "2",
            "to_node": "5",
            "flow": -0.8780547335452358,
            "limit": 50.0
        },
        "L2-7": {
            "id": "L2-7",
            "from_node": "2",
            "to_node": "7",
            "flow": -7.273378677094885,
            "limit": 50.0
        },
        "L2-10": {
            "id": "L2-10",
            "from_node": "2",
            "to_node": "10",
            "flow": 2.831226132723986,
            "limit": 50.0
        },
        "L2-12": {
            "id": "L2-12",
            "from_node": "2",
            "to_node": "12",
            "flow": -15.889921270832911,
            "limit": 50.0
        },
        "L2-16": {
            "id": "L2-16",
            "from_node": "2",
            "to_node": "16",
            "flow": -7.649626200841651,
            "limit": 50.0
        },
        "L2-17": {
            "id": "L2-17",
            "from_node": "2",
            "to_node": "17",
            "flow": 8.628214750840293,
            "limit": 50.0
        },
        "L3-6": {
            "id": "L3-6",
            "from_node": "3",
            "to_node": "6",
            "flow": -21.393969099490484,
            "limit": 50.0
        },
        "L3-17": {
            "id": "L3-17",
            "from_node": "3",
            "to_node": "17",
            "flow": -29.93035781635911,
            "limit": 50.0
        },
        "L4-8": {
            "id": "L4-8",
            "from_node": "4",
            "to_node": "8",
            "flow": 53.3673047450177,
            "limit": 50.0
        },
        "L4-13": {
            "id": "L4-13",
            "from_node": "4",
            "to_node": "13",
            "flow": -16.153228754125614,
            "limit": 50.0
        },
        "L4-15": {
            "id": "L4-15",
            "from_node": "4",
            "to_node": "15",
            "flow": 15.885187145035017,
            "limit": 50.0
        },