{
    "nodes": {
        "0": {
            "id": "0",
            "injection": -28.887878001541917,
            "x": 221.3609966954704,
            "y": 164.32083426986483,
            "cost_increase": 35,
            "cost_decrease": -3
        },
        "1": {
            "id": "1",
            "injection": -7.121911758237895,
            "x": 424.7364725255064,
            "y": 104.73311908315257,
            "cost_increase": 29,
            "cost_decrease": 24
        },
        "2": {
            "id": "2",
            "injection": 73.26433206481677,
            "x": 434.3127461516108,
            "y": 514.6799675103788,
            "cost_increase": 25,
            "cost_decrease": 30
        },
        "3": {
            "id": "3",
            "injection": -33.404451024461636,
            "x": 302.32041316065363,
            "y": 447.1044546004509,
            "cost_increase": 59,
            "cost_decrease": 31
        },
        "4": {
            "id": "4",
            "injection": -63.239014692667915,
            "x": 529.1438826436654,
            "y": 397.90672280952947,
            "cost_increase": 92,
            "cost_decrease": -12
        },
        "5": {
            "id": "5",
            "injection": -62.77691336936784,
            "x": 130.94752981736062,
            "y": 221.98339275046433,
            "cost_increase": 43,
            "cost_decrease": 16
        },
        "6": {
            "id": "6",
            "injection": 87.48571463568958,
            "x": 511.6636913457294,
            "y": 245.9676764114866,
            "cost_increase": 82,
            "cost_decrease": 25
        },
        "7": {
            "id": "7",
            "injection": -0.01399192419439351,
            "x": 311.29575476057204,
            "y": 177.14003035796262,
            "cost_increase": 35,
            "cost_decrease": 18
        },
        "8": {
            "id": "8",
            "injection": 3.876233176027103,
            "x": 187.0166052358201,
            "y": 489.2530476595157,
            "cost_increase": 77,
            "cost_decrease": 17
        },
        "9": {
            "id": "9",
            "injection": 109.2699422589289,
            "x": 193.95128943156067,
            "y": 329.0812226006418,
            "cost_increase": 43,
            "cost_decrease": 24
        },
        "10": {
            "id": "10",
            "injection": -40.44998930118031,
            "x": 270.5101513264761,
            "y": 30.538054977752214,
            "cost_increase": 98,
            "cost_decrease": 27
        },
        "11": {
            "id": "11",
            "injection": 17.8203030901043,
            "x": 389.903707196971,
            "y": 358.546034916135,
            "cost_increase": 92,
            "cost_decrease": 20
        },
        "12": {
            "id": "12",
            "injection": 143.44004177162552,
            "x": 104.6581431969032,
            "y": 138.85469630445758,
            "cost_increase": 22,
            "cost_decrease": 21
        },
        "13": {
            "id": "13",
            "injection": -65.89783621634923,
            "x": 158.01516274417608,
            "y": 102.31088748388892,
            "cost_increase": 20,
            "cost_decrease": 28
        },
        "14": {
            "id": "14",
            "injection": -21.948330427504075,
            "x": 73.81201237224127,
            "y": 30.699701924248682,
            "cost_increase": 81,
            "cost_decrease": 17
        },
        "15": {
            "id": "15",
            "injection": -53.5019719619714,
            "x": 295.5433102953356,
            "y": 580.1242976255179,
            "cost_increase": 49,
            "cost_decrease": 34
        },
        "16": {
            "id": "16",
            "injection": -3.7988478915181694,
            "x": 32.97962828226262,
            "y": 211.4190973121007,
            "cost_increase": 25,
            "cost_decrease": 17
        },
        "17": {
            "id": "17",
            "injection": -54.11543042819734,
            "x": 324.88879749650937,
            "y": 279.2801858774625,
            "cost_increase": 64,
            "cost_decrease": 26
        }
    },
    "lines": {
        "L0-5": {
            "id": "L0-5",
            "from_node": "0",
            "to_node": "5",
            "flow": -6.662122012025215,
            "limit": 50.0
        },
        "L0-9": {
            "id": "L0-9",
            "from_node": "0",
            "to_node": "9",
            "flow": -23.707424579726208,
            "limit": 50.0
        },
        "L0-10": {
            "id": "L0-10",
            "from_node": "0",
            "to_node": "10",
            "flow": 0.8187477095384389,
            "limit": 50.0
        },
        "L0-13": {
            "id": "L0-13",
            "from_node": "0",
            "to_node": "13",
            "flow": 0.6629208806710027,
            "limit": 50.0
        },
        "L1-10": {
            "id": "L1-10",
            "from_node": "1",
            "to_node": "10",
            "flow": 17.254898980003937,
            "limit": 50.0
        },
        "L1-6": {
            "id": "L1-6",
            "from_node": "1",
            "to_node": "6",
            "flow": -30.646109271153517,
            "limit": 50.0
        },
        "L1-7": {
            "id": "L1-7",
            "from_node": "1",
            "to_node": "7",
            "flow": 6.269298532911682,
            "limit": 50.0
        },
        "L2-3": {
            "id": "L2-3",
            "from_node": "2",
            "to_node": "3",
            "flow": 18.891321595419974,
            "limit": 50.0
        },
        "L2-11": {
            "id": "L2-11",
            "from_node": "2",
            "to_node": "11",
            "flow": 6.5771147462222785,
            "limit": 50.0
        },
        "L2-4": {
            "id": "L2-4",
            "from_node": "2",
            "to_node": "4",
            "flow": 17.873953651893313,
            "limit": 50.0
        },
        "L2-15": {
            "id": "L2-15",
            "from_node": "2",
            "to_node": "15",
            "flow": 29.921942071281194,
            "limit": 50.0
        },
        "L3-8": {
            "id": "L3-8",
            "from_node": "3",
            "to_node": "8",
            "flow": -1.5187889389677682,
            "limit": 50.0
        },
        "L3-9": {
            "id": "L3-9",
            "from_node": "3",
            "to_node": "9",
            "flow": -11.71075411673742,
            "limit": 50.0
        },
        "L3-11": {
            "id": "L3-11",
            "from_node": "3",
            "to_node": "11",
            "flow": -12.314206849197696,
            "limit": 50.0
        },
        "L3-15": {
            "id": "L3-15",
            "from_node": "3",
            "to_node": "15",
            "flow": 11.03062047586122,
            "limit": 50.0
        },
        "L4-11": {
            "id": "L4-11",
            "from_node": "4",
            "to_node": "11",
            "flow": -11.296838905671034,
            "limit": 50.0
        },
        "L4-6": {
            "id": "L4-6",
            "from_node": "4",
            "to_node": "6",
            "flow": -34.06822213510357,
            "limit": 50.0
        },
        "L5-9": {
            "id": "L5-9",
            "from_node": "5",
            "to_node": "9",
            "flow": -17.045302567700993,
            "limit": 50.0
        },
        "L5-12": {
            "id": "L5-12",
            "from_node": "5",
            "to_node": "12",
            "flow": -46.674957107303776,
            "limit": 50.0
        },
        "L5-16": {
            "id": "L5-16",
            "from_node": "5",
            "to_node": "16",
            "flow": -5.718775706388284,
            "limit": 50.0
        },
        "L6-11": {
            "id": "L6-11",
            "from_node": "6",
            "to_node": "11",
            "flow": 22.77138322943253,