{
    "nodes": {
        "0": {
            "id": "0",
            "injection": 11.275952425041822,
            "x": 360.70033014435154,
            "y": 130.27377001034276,
            "cost_increase": 91,
            "cost_decrease": 10
        },
        "1": {
            "id": "1",
            "injection": 64.9057802811727,
            "x": 325.4163191605902,
            "y": -10.259652568060368,
            "cost_increase": 61,
            "cost_decrease": 3
        },
        "2": {
            "id": "2",
            "injection": -46.399958212529135,
            "x": 396.69831822124115,
            "y": 365.4587631788954,
            "cost_increase": 54,
            "cost_decrease": -6
        },
        "3": {
            "id": "3",
            "injection": 22.66724611201731,
            "x": 251.63552242088804,
            "y": 271.77091835580893,
            "cost_increase": 68,
            "cost_decrease": 30
        },
        "4": {
            "id": "4",
            "injection": -2.3730710309523233,
            "x": 443.22339781660037,
            "y": 275.6581893405293,
            "cost_increase": 34,
            "cost_decrease": -18
        },
        "5": {
            "id": "5",
            "injection": -41.262569675176785,
            "x": 20.803481358845595,
            "y": 384.2512308466614,
            "cost_increase": 81,
            "cost_decrease": -20
        },
        "6": {
            "id": "6",
            "injection": -40.27997300317385,
            "x": 234.47605349500694,
            "y": 451.15775266271254,
            "cost_increase": 56,
            "cost_decrease": 10
        },
        "7": {
            "id": "7",
            "injection": 71.38825842056434,
            "x": 326.47356468303167,
            "y": 428.53413439581954,
            "cost_increase": 81,
            "cost_decrease": -18
        },
        "8": {
            "id": "8",
            "injection": 3.8060156506524407,
            "x": 64.3326977964284,
            "y": 253.3801188280181,
            "cost_increase": 43,
            "cost_decrease": 8
        },
        "9": {
            "id": "9",
            "injection": -12.77777254582752,
            "x": 498.98331756536646,
            "y": 155.4786722262341,
            "cost_increase": 93,
            "cost_decrease": 13
        },
        "10": {
            "id": "10",
            "injection": -55.68617254337236,
            "x": 128.7509921276524,
            "y": 319.1786334335531,
            "cost_increase": 95,
            "cost_decrease": 30
        },
        "11": {
            "id": "11",
            "injection": 91.16047440686523,
            "x": 460.59052389130966,
            "y": 17.768540840159574,
            "cost_increase": 32,
            "cost_decrease": 26
        },
        "12": {
            "id": "12",
            "injection": -24.82548901367304,
            "x": 243.05953318570243,
            "y": 104.17500765585484,
            "cost_increase": 99,
            "cost_decrease": -12
        },
        "13": {
            "id": "13",
            "injection": -41.59872127160886,
            "x": 132.43045313057982,
            "y": 437.3849770310327,
            "cost_increase": 63,
            "cost_decrease": 6
        }
    },
    "lines": {
        "L0-1": {
            "id": "L0-1",
            "from_node": "0",
            "to_node": "1",
            "flow": -28.607468553894638,
            "limit": 50.0
        },
        "L0-3": {
            "id": "L0-3",
            "from_node": "0",
            "to_node": "3",
            "flow": 55.41364132320336,
            "limit": 50.0
        },
        "L0-9": {
            "id": "L0-9",
            "from_node": "0",
            "to_node": "9",
            "flow": 5.386405036244424,
            "limit": 50.0
        },
        "L0-11": {
            "id": "L0-11",
            "from_node": "0",
            "to_node": "11",
            "flow": -38.12717930817181,
            "limit": 50.0
        },
        "L0-12": {
            "id": "L0-12",
            "from_node": "0",
            "to_node": "12",
            "flow": 17.210553927660584,
            "limit": 50.0
        },
        "L1-11": {
            "id": "L1-11",
            "from_node": "1",
            "to_node": "11",
            "flow": -9.519710754277174,
            "limit": 50.0
        },
        "L1-12": {
            "id": "L1-12",
            "from_node": "1",
            "to_node": "12",
            "flow": 45.81802248155522,
            "limit": 50.0
        },
        "L2-3": {
            "id": "L2-3",
            "from_node": "2",
            "to_node": "3",
            "flow": -5.93910689962923,
            "limit": 50.0
        },
        "L2-4": {
            "id": "L2-4",
            "from_node": "2",
            "to_node": "4",
            "flow": -19.844126351755023,
            "limit": 50.0
        },
        "L2-7": {
            "id": "L2-7",
            "from_node": "2",
            "to_node": "7",
            "flow": -20.616724961144904,
            "limit": 50.0
        },
        "L3-4": {
            "id": "L3-4",
            "from_node": "3",
            "to_node": "4",
            "flow": -13.905019452125792,
            "limit": 50.0
        },
        "L3-6": {
            "id": "L3-6",
            "from_node": "3",
            "to_node": "6",
            "flow": 21.41629733638809,
            "limit": 50.0
        },
        "L3-7": {
            "id": "L3-7",
            "from_node": "3",
            "to_node": "7",
            "flow": -14.677618061515673,
            "limit": 50.0
        },
        "L3-8": {
            "id": "L3-8",
            "from_node": "3",
            "to_node": "8",
            "flow": 31.995811996187605,
            "limit": 50.0
        },
        "L3-10": {
            "id": "L3-10",
            "from_node": "3",
            "to_node": "10",
            "flow": 46.8688590446938,
            "limit": 50.0
        },
        "L3-12": {
            "id": "L3-12",
            "from_node": "3",
            "to_node": "12",
            "flow": -38.203087395542774,
            "limit": 50.0
        },
        "L3-13": {
            "id": "L3-13",
            "from_node": "3",
            "to_node": "13",
            "flow": 38.64653706750614,
            "limit": 50.0
        },
        "L4-9": {
            "id": "L4-9",
            "from_node": "4",
            "to_node": "9",
            "flow": -36.12221683483314,
            "limit": 50.0
        },
        "L5-8": {
            "id": "L5-8",
            "from_node": "5",
            "to_node": "8",
            "flow": -20.92878059833386,
            "limit": 50.0
        },
        "L5-10": {
            "id": "L5-10",
            "from_node": "5",
            "to_node": "10",
            "flow": -6.055733549827664,
            "limit": 50.0
        },
        "L5-13": {
            "id": "L5-13",
            "from_node": "5",
            "to_node": "13",
            "flow": -14.278055527015326,
            "limit": 50.0
        },
        "L6-13": {
            "id": "L6-13",
            "from_node": "6",
            "to_node": "13",
            "flow": 17.230239731118047,
            "limit": 50.0
        },
        "L6-7": {
            "id": "L6-7",
            "from_node": "6",
            "to_node": "7",
            "flow": -36.093915397903764,
            "limit": 50.0
        },
        "L8-10": {
            "id": "L8-10",
            "from_node": "8",
            "to_node": "10",
            "flow": 14.873047048506194,
            "limit": 50.0
        },
        "L9-11": {
            "id": "L9-11",
            "from_node": "9",
            "to_node": "11",
            "flow": -43.51358434441624,
            "limit": 50.0
        }
    },
    "cost": 0.0,
    "difficulty": "Easy"
}
