{
    "nodes": {
        "0": {
            "id": "0",
            "injection": 31.278812920572303,
            "x": 302.3123513439465,
            "y": 301.64289315062643,
            "cost_increase": 63,
            "cost_decrease": -8
        },
        "1": {
            "id": "1",
            "injection": 134.3712704463039,
            "x": 339.1319471176121,
            "y": 240.47257966111724,
            "cost_increase": 56,
            "cost_decrease": -20
        },
        "2": {
            "id": "2",
            "injection": -43.0639946291377,
            "x": 255.412366382275,
            "y": 125.11072150683019,
            "cost_increase": 48,
            "cost_decrease": -3
        },
        "3": {
            "id": "3",
            "injection": -82.01051496804271,
            "x": 378.7452170078538,
            "y": 21.737054740554083,
            "cost_increase": 34,
            "cost_decrease": -17
        },
        "4": {
            "id": "4",
            "injection": -11.934859391783407,
            "x": 228.91741401573026,
            "y": 424.86818165156774,
            "cost_increase": 43,
            "cost_decrease": -20
        },
        "5": {
            "id": "5",
            "injection": -77.08244026561105,
            "x": 250.00517683733096,
            "y": 314.1781468532484,
            "cost_increase": 95,
            "cost_decrease": 47
        },
        "6": {
            "id": "6",
            "injection": -82.0787327923994,
            "x": 418.4838579685079,
            "y": 410.47951084811416,
            "cost_increase": 60,
            "cost_decrease": 10
        },
        "7": {
            "id": "7",
            "injection": 58.753036566123036,
            "x": 503.87483716803865,
            "y": 256.5353098853842,
            "cost_increase": 45,
            "cost_decrease": -12
        },
        "8": {
            "id": "8",
            "injection": 140.3391148412785,
            "x": 403.5931324660703,
            "y": 145.21695111453312,
            "cost_increase": 61,
            "cost_decrease": -3
        },
        "9": {
            "id": "9",
            "injection": -3.2706646528773673,
            "x": 515.1267499968642,
            "y": 85.65805347088711,
            "cost_increase": 20,
            "cost_decrease": -20
        },
        "10": {
            "id": "10",
            "injection": -24.549379347255986,
            "x": 331.13770628378296,
            "y": 362.1089302858776,
            "cost_increase": 40,
            "cost_decrease": -9
        },
        "11": {
            "id": "11",
            "injection": -40.751648727170114,
            "x": 166.80328415715198,
            "y": 260.4008094894669,
            "cost_increase": 38,
            "cost_decrease": -20
        },
        "11b": {
            "id": "11b",
            "injection": 0.0,
            "x": 166.80328415715198,
            "y": 260.4008094894669,
            "cost_increase": 41,
            "cost_decrease": 33
        },
        "2b": {
            "id": "2b",
            "injection": 0.0,
            "x": 255.412366382275,
            "y": 125.11072150683019,
            "cost_increase": 54,
            "cost_decrease": -20
        },
        "6b": {
            "id": "6b",
            "injection": 0.0,
            "x": 418.4838579685079,
            "y": 410.47951084811416,
            "cost_increase": 68,
            "cost_decrease": 20
        },
        "4b": {
            "id": "4b",
            "injection": 0.0,
            "x": 228.91741401573026,
            "y": 424.86818165156774,
            "cost_increase": 67,
            "cost_decrease": -20
        },
        "1b": {
            "id": "1b",
            "injection": 0.0,
            "x": 339.1319471176121,
            "y": 240.47257966111724,
            "cost_increase": 35,
            "cost_decrease": 1
        },
        "8b": {
            "id": "8b",
            "injection": 0.0,
            "x": 403.5931324660703,
            "y": 145.21695111453312,
            "cost_increase": 61,
            "cost_decrease": 6
        }
    },
    "lines": {
        "L0-2": {
            "id": "L0-2",
            "from_node": "0",
            "to_node": "2",
            "flow": -1.0666916335488374,
            "limit": 50.0
        },
        "L0-6": {
            "id": "L0-6",
            "from_node": "0",
            "to_node": "6",
            "flow": 42.98895073039001,
            "limit": 50.0
        },
        "L1-2": {
            "id": "L1-2",
            "from_node": "1",
            "to_node": "2",
            "flow": 44.13068626268654,
            "limit": 50.0
        },
        "L1-5": {
            "id": "L1-5",
            "from_node": "1",
            "to_node": "5",
            "flow": 47.152097464199954,
            "limit": 50.0
        },
        "L1-8": {
            "id": "L1-8",
            "from_node": "1",
            "to_node": "8",
            "flow": -49.959932940883625,
            "limit": 50.0
        },
        "L1-10": {
            "id": "L1-10",
            "from_node": "1",
            "to_node": "10",
            "flow": 49.096546564615984,
            "limit": 50.0
        },
        "L1-11": {
            "id": "L1-11",
            "from_node": "1",
            "to_node": "11",
            "flow": 43.95187309568504,
            "limit": 50.0
        },
        "L3-8": {
            "id": "L3-8",
            "from_node": "3",
            "to_node": "8",
            "flow": -43.0974242171094,
            "limit": 50.0
        },
        "L3-9": {
            "id": "L3-9",
            "from_node": "3",
            "to_node": "9",
            "flow": -29.957409152837734,
            "limit": 50.0
        },
        "L5-11": {
            "id": "L5-11",
            "from_node": "5",
            "to_node": "11",
            "flow": -3.200224368514915,
            "limit": 50.0
        },
        "L6-10": {
            "id": "L6-10",
            "from_node": "6",
            "to_node": "10",
            "flow": -39.0897820620094,
            "limit": 50.0
        },
        "L7-9": {
            "id": "L7-9",
            "from_node": "7",
            "to_node": "9",
            "flow": 20.08805874144342,
            "limit": 50.0
        },
        "L8-9": {
            "id": "L8-9",
            "from_node": "8",
            "to_node": "9",
            "flow": 13.140015064271665,
            "limit": 50.0
        },
        "L4-5": {
            "id": "L4-5",
            "from_node": "4",
            "to_node": "5",
            "flow": 26.730118432896177,
            "limit": 50.0
        },
        "L2b-11b": {
            "id": "L2b-11b",
            "from_node": "2b",
            "to_node": "11b",
            "flow": 25.186061020918203,
            "limit": 50.0
        },
        "L2b-3": {
            "id": "L2b-3",
            "from_node": "2b",
            "to_node": "3",
            "flow": 8.955681598095595,
            "limit": 50.0
        },
        "L2b-8": {
            "id": "L2b-8",
            "from_node": "2b",
            "to_node": "8",
            "flow": -34.141742619013804,
            "limit": 50.0
        },
        "L6b-7": {
            "id": "L6b-7",
            "from_node": "6b",
            "to_node": "7",
            "flow": -38.664977824679575,
            "limit": 50.0
        },
        "L4-6b": {
            "id": "L4-6b",
            "from_node": "4",
            "to_node": "6b",
            "flow": -38.66497782467958,
            "limit": 50.0
        },
        "L4b-11b": {
            "id": "L4b-11b",
            "from_node": "4b",
            "to_node": "11b",
            "flow": -25.186061020918196,
            "limit": 50.0
        },
        "L0-4b": {
            "id": "L0-4b",
            "from_node": "0",
            "to_node": "4b",
            "flow": -10.643446176268794,
            "limit": 50.0
        },
        "L4b-10": {
            "id": "L4b-10",