{
    "nodes": {
        "0": {
            "id": "0",
            "injection": 2.548026921315855,
            "x": 194.6242456125063,
            "y": 381.1087829172684,
            "cost_increase": 81,
            "cost_decrease": 16
        },
        "1": {
            "id": "1",
            "injection": 125.85224029262524,
            "x": 105.24733883734795,
            "y": 135.15499556501777,
            "cost_increase": 77,
            "cost_decrease": 31
        },
        "2": {
            "id": "2",
            "injection": -14.423919024716087,
            "x": 406.6039792314883,
            "y": 260.23236884359943,
            "cost_increase": 88,
            "cost_decrease": -16
        },
        "3": {
            "id": "3",
            "injection": -96.57384517445136,
            "x": 103.18553529818558,
            "y": 281.24729874992215,
            "cost_increase": 44,
            "cost_decrease": -19
        },
        "4": {
            "id": "4",
            "injection": 46.418994363084586,
            "x": 314.10792341445165,
            "y": -37.95472063081119,
            "cost_increase": 42,
            "cost_decrease": 3
        },
        "5": {
            "id": "5",
            "injection": -27.254877156237473,
            "x": 158.84432565227345,
            "y": 2.692527969169616,
            "cost_increase": 79,
            "cost_decrease": 20
        },
        "6": {
            "id": "6",
            "injection": -59.08511791898243,
            "x": 271.45453913338037,
            "y": 57.703918323949246,
            "cost_increase": 94,
            "cost_decrease": 11
        },
        "7": {
            "id": "7",
            "injection": -44.09535084161398,
            "x": 385.306314733204,
            "y": 115.66950666902146,
            "cost_increase": 21,
            "cost_decrease": 17
        },
        "8": {
            "id": "8",
            "injection": 2.787943772330715,
            "x": 330.0569828619673,
            "y": 373.4599198494461,
            "cost_increase": 38,
            "cost_decrease": -11
        },
        "9": {
            "id": "9",
            "injection": 63.825904766644946,
            "x": 254.92719908347235,
            "y": 233.40078660227576,
            "cost_increase": 90,
            "cost_decrease": -8
        }
    },
    "lines": {
        "L0-8": {
            "id": "L0-8",
            "from_node": "0",
            "to_node": "8",
            "flow": -2.4858089774185035,
            "limit": 50.0
        },
        "L0-9": {
            "id": "L0-9",
            "from_node": "0",
            "to_node": "9",
            "flow": -10.835391125660886,
            "limit": 50.0
        },
        "L0-3": {
            "id": "L0-3",
            "from_node": "0",
            "to_node": "3",
            "flow": 15.869227024395242,
            "limit": 50.0
        },
        "L1-3": {
            "id": "L1-3",
            "from_node": "1",
            "to_node": "3",
            "flow": 54.0,
            "limit": 50.0
        },
        "L1-5": {
            "id": "L1-5",
            "from_node": "1",
            "to_node": "5",
            "flow": 44.55685844268136,
            "limit": 50.0
        },
        "L1-9": {
            "id": "L1-9",
            "from_node": "1",
            "to_node": "9",
            "flow": 27.295381849943873,
            "limit": 50.0
        },
        "L2-8": {
            "id": "L2-8",
            "from_node": "2",
            "to_node": "8",
            "flow": -8.651716943154593,
            "limit": 50.0
        },
        "L2-9": {
            "id": "L2-9",
            "from_node": "2",
            "to_node": "9",
            "flow": -17.001299091396977,
            "limit": 50.0
        },
        "L2-7": {
            "id": "L2-7",
            "from_node": "2",
            "to_node": "7",
            "flow": 11.229097009835485,
            "limit": 50.0
        },
        "L3-9": {
            "id": "L3-9",
            "from_node": "3",
            "to_node": "9",
            "flow": -26.704618150056127,
            "limit": 50.0
        },
        "L4-5": {
            "id": "L4-5",
            "from_node": "4",
            "to_node": "5",
            "flow": 4.537023392036432,
            "limit": 50.0
        },
        "L4-6": {
            "id": "L4-6",
            "from_node": "4",
            "to_node": "6",
            "flow": 26.376028070516753,
            "limit": 50.0
        },
        "L4-7": {
            "id": "L4-7",
            "from_node": "4",
            "to_node": "7",
            "flow": 15.5059429005314,
            "limit": 50.0
        },
        "L5-6": {
            "id": "L5-6",
            "from_node": "5",
            "to_node": "6",
            "flow": 21.839004678480322,
            "limit": 50.0
        },
        "L6-7": {
            "id": "L6-7",
            "from_node": "6",
            "to_node": "7",
            "flow": -10.870085169985355,
            "limit": 50.0
        },
        "L7-9": {
            "id": "L7-9",
            "from_node": "7",
            "to_node": "9",
            "flow": -28.230396101232458,
            "limit": 50.0
        },
        "L8-9": {
            "id": "L8-9",
            "from_node": "8",
            "to_node": "9",
            "flow": -8.349582148242382,
            "limit": 50.0
        }
    },
    "cost": 0.0,
    "difficulty": "Easy"
}
