{
    "nodes": {
        "0": {
            "id": "0",
            "injection": 97.55219391400976,
            "x": 160.6949047871613,
            "y": 185.55246228886804,
            "cost_increase": 61,
            "cost_decrease": 9
        },
        "1": {
            "id": "1",
            "injection": -22.439622722560696,
            "x": 126.63071582606553,
            "y": 332.3623629913179,
            "cost_increase": 28,
            "cost_decrease": 18
        },
        "2": {
            "id": "2",
            "injection": 76.48039563168348,
            "x": 326.77024049756426,
            "y": 292.2053693257379,
            "cost_increase": 79,
            "cost_decrease": -15
        },
        "3": {
            "id": "3",
            "injection": 90.71706776818229,
            "x": 219.07202138027085,
            "y": 302.6828163701855,
            "cost_increase": 27,
            "cost_decrease": -15
        },
        "4": {
            "id": "4",
            "injection": -26.03877734407029,
            "x": 258.275692489358,
            "y": 45.53046547294759,
            "cost_increase": 21,
            "cost_decrease": 25
        },
        "5": {
            "id": "5",
            "injection": -22.484167556167485,
            "x": 302.5221554216299,
            "y": 137.87070394543724,
            "cost_increase": 35,
            "cost_decrease": -11
        },
        "6": {
            "id": "6",
            "injection": -83.10807936094041,
            "x": 218.6429785144138,
            "y": 429.4464680189846,
            "cost_increase": 26,
            "cost_decrease": 19
        },
        "7": {
            "id": "7",
            "injection": -70.96119257836821,
            "x": 404.3997020763939,
            "y": 152.96707673461418,
            "cost_increase": 84,
            "cost_decrease": 34
        },
        "8": {
            "id": "8",
            "injection": -38.65973280834085,
            "x": 399.7962901780253,
            "y": 24.10102054734936,
            "cost_increase": 80,
            "cost_decrease": -7
        },
        "9": {
            "id": "9",
            "injection": -17.286841202780153,
            "x": 18.70063273857798,
            "y": 294.2505329207364,
            "cost_increase": 53,
            "cost_decrease": 22
        },
        "10": {
            "id": "10",
            "injection": -60.68372620642867,
            "x": 61.1702448029694,
            "y": 442.29113155022276,
            "cost_increase": 56,
            "cost_decrease": 16
        },
        "11": {
            "id": "11",
            "injection": 76.91248246578127,
            "x": 272.310919028705,
            "y": 92.67440669340431,
            "cost_increase": 71,
            "cost_decrease": -20
        }
    },
    "lines": {
        "L0-1": {
            "id": "L0-1",
            "from_node": "0",
            "to_node": "1",
            "flow": 41.29270457961869,
            "limit": 50.0
        },
        "L0-2": {
            "id": "L0-2",
            "from_node": "0",
            "to_node": "2",
            "flow": -2.0064542218913584,
            "limit": 50.0
        },
        "L0-3": {
            "id": "L0-3",
            "from_node": "0",
            "to_node": "3",
            "flow": -17.02935014964877,
            "limit": 50.0
        },
        "L0-4": {
            "id": "L0-4",
            "from_node": "0",
            "to_node": "4",
            "flow": 33.11946709953784,
            "limit": 50.0
        },
        "L0-5": {
            "id": "L0-5",
            "from_node": "0",
            "to_node": "5",
            "flow": 13.553085826292028,
            "limit": 50.0
        },
        "L0-9": {
            "id": "L0-9",
            "from_node": "0",
            "to_node": "9",
            "flow": 39.91881745929639,
            "limit": 50.0
        },
        "L0-11": {
            "id": "L0-11",
            "from_node": "0",
            "to_node": "11",
            "flow": -11.296076679195162,
            "limit": 50.0
        },
        "L1-6": {
            "id": "L1-6",
            "from_node": "1",
            "to_node": "6",
            "flow": 0.3427669615086373,
            "limit": 50.0
        },
        "L1-9": {
            "id": "L1-9",
            "from_node": "1",
            "to_node": "9",
            "flow": -1.3738871203223013,
            "limit": 50.0
        },
        "L1-10": {
            "id": "L1-10",
            "from_node": "1",
            "to_node": "10",
            "flow": 19.884202015871665,
            "limit": 50.0
        },
        "L2-3": {
            "id": "L2-3",
            "from_node": "2",
            "to_node": "3",
            "flow": -15.022895927757412,
            "limit": 50.0
        },
        "L2-6": {
            "id": "L2-6",
            "from_node": "2",
            "to_node": "6",
            "flow": 43.64192576301869,
            "limit": 50.0
        },
        "L2-7": {
            "id": "L2-7",
            "from_node": "2",
            "to_node": "7",
            "flow": 45.854911574530846,
            "limit": 50.0
        },
        "L3-6": {
            "id": "L3-6",
            "from_node": "3",
            "to_node": "6",
            "flow": 58.6648216907761,
            "limit": 50.0
        },
        "L4-7": {
            "id": "L4-7",
            "from_node": "4",
            "to_node": "7",
            "flow": 10.728990253101642,
            "limit": 50.0
        },
        "L4-8": {
            "id": "L4-8",
            "from_node": "4",
            "to_node": "8",
            "flow": -3.6483004976340823,
            "limit": 50.0
        },
        "L5-8": {
            "id": "L5-8",
            "from_node": "5",
            "to_node": "8",
            "flow": 15.918080775611733,
            "limit": 50.0
        },
        "L5-11": {
            "id": "L5-11",
            "from_node": "5",
            "to_node": "11",
            "flow": -24.84916250548719,
            "limit": 50.0
        },
        "L6-10": {
            "id": "L6-10",
            "from_node": "6",
            "to_node": "10",
            "flow": 19.541435054363028,
            "limit": 50.0
        },
        "L7-8": {
            "id": "L7-8",
            "from_node": "7",
            "to_node": "8",
            "flow": -14.377290750735725,
            "limit": 50.0
        },
        "L8-11": {
            "id": "L8-11",
            "from_node": "8",
            "to_node": "11",
            "flow": -40.76724328109892,
            "limit": 50.0
        },
        "L9-10": {
            "id": "L9-10",
            "from_node": "9",
            "to_node": "10",
            "flow": 21.258089136193966,
            "limit": 50.0
        }
    },
    "cost": 0.0,
    "difficulty": "Hard"
}
