{
    "nodes": {
        "0": {
            "id": "0",
            "injection": 63.30331656507595,
            "x": 486.9342741473771,
            "y": 149.36136053437886,
            "cost_increase": 78,
            "cost_decrease": 22
        },
        "1": {
            "id": "1",
            "injection": -52.11791769978754,
            "x": 364.4219691288541,
            "y": 122.9102257605112,
            "cost_increase": 37,
            "cost_decrease": 18
        },
        "2": {
            "id": "2",
            "injection": 45.76067505385201,
            "x": 34.31146861152187,
            "y": 105.75181450290464,
            "cost_increase": 29,
            "cost_decrease": 28
        },
        "3": {
            "id": "3",
            "injection": -89.92503283731541,
            "x": 196.06833757773433,
            "y": 19.74162706711131,
            "cost_increase": 29,
            "cost_decrease": 35
        },
        "4": {
            "id": "4",
            "injection": 25.390656357930194,
            "x": 202.53595036594203,
            "y": 299.6752884276596,
            "cost_increase": 41,
            "cost_decrease": -1
        },
        "5": {
            "id": "5",
            "injection": -119.66123212411077,
            "x": 121.10561621917407,
            "y": 414.09410768875114,
            "cost_increase": 36,
            "cost_decrease": 36
        },
        "6": {
            "id": "6",
            "injection": -6.592828620817923,
            "x": 97.73107496051941,
            "y": 255.04144297310833,
            "cost_increase": 75,
            "cost_decrease": -9
        },
        "7": {
            "id": "7",
            "injection": 18.509011534117533,
            "x": -2.0889411472066213,
            "y": 283.9592044099774,
            "cost_increase": 60,
            "cost_decrease": 14
        },
        "8": {
            "id": "8",
            "injection": 13.878794730930158,
            "x": 267.46123573442617,
            "y": 165.29870358049214,
            "cost_increase": 76,
            "cost_decrease": 24
        },
        "9": {
            "id": "9",
            "injection": 36.77915802154823,
            "x": 374.59951971728947,
            "y": 8.212833826813771,
            "cost_increase": 50,
            "cost_decrease": -13
        },
        "10": {
            "id": "10",
            "injection": -103.52752466623285,
            "x": 324.8753687718828,
            "y": 283.983607303863,
            "cost_increase": 37,
            "cost_decrease": 32
        },
        "11": {
            "id": "11",
            "injection": 62.508464041180275,
            "x": 147.74602890380825,
            "y": 156.93262242409634,
            "cost_increase": 69,
            "cost_decrease": -9
        },
        "12": {
            "id": "12",
            "injection": 83.59838448342302,
            "x": 450.1887109348431,
            "y": 315.8993393373118,
            "cost_increase": 43,
            "cost_decrease": 26
        },
        "13": {
            "id": "13",
            "injection": 22.096075160207096,
            "x": 297.8320801004068,
            "y": 419.8368526976053,
            "cost_increase": 37,
            "cost_decrease": 27
        }
    },
    "lines": {
        "L0-1": {
            "id": "L0-1",
            "from_node": "0",
            "to_node": "1",
            "flow": 37.674529156388125,
            "limit": 50.0
        },
        "L0-9": {
            "id": "L0-9",
            "from_node": "0",
            "to_node": "9",
            "flow": 17.715187806957196,
            "limit": 50.0
        },
        "L0-12": {
            "id": "L0-12",
            "from_node": "0",
            "to_node": "12",
            "flow": 7.9135996017305965,
            "limit": 50.0
        },
        "L1-9": {
            "id": "L1-9",
            "from_node": "1",
            "to_node": "9",
            "flow": -19.95934134943093,
            "limit": 50.0
        },
        "L1-8": {
            "id": "L1-8",
            "from_node": "1",
            "to_node": "8",
            "flow": 5.515952806031514,
            "limit": 50.0
        },
        "L2-3": {
            "id": "L2-3",
            "from_node": "2",
            "to_node": "3",
            "flow": 24.475800757819982,
            "limit": 50.0
        },
        "L2-11": {
            "id": "L2-11",
            "from_node": "2",
            "to_node": "11",
            "flow": 2.621283481011101,
            "limit": 50.0
        },
        "L2-7": {
            "id": "L2-7",
            "from_node": "2",
            "to_node": "7",
            "flow": 18.663590815020925,
            "limit": 50.0
        },
        "L3-8": {
            "id": "L3-8",
            "from_node": "3",
            "to_node": "8",
            "flow": -9.059710323612052,
            "limit": 50.0
        },
        "L3-9": {
            "id": "L3-9",
            "from_node": "3",
            "to_node": "9",
            "flow": -34.535004479074495,
            "limit": 50.0
        },
        "L3-11": {
            "id": "L3-11",
            "from_node": "3",
            "to_node": "11",
            "flow": -21.85451727680888,
            "limit": 50.0
        },
        "L4-5": {
            "id": "L4-5",
            "from_node": "4",
            "to_node": "5",
            "flow": 38.77679372497243,
            "limit": 50.0
        },
        "L4-6": {
            "id": "L4-6",
            "from_node": "4",
            "to_node": "6",
            "flow": -3.9226436686789725,
            "limit": 50.0
        },
        "L4-8": {
            "id": "L4-8",
            "from_node": "4",
            "to_node": "8",
            "flow": -4.406726527235499,
            "limit": 50.0
        },
        "L4-10": {
            "id": "L4-10",
            "from_node": "4",
            "to_node": "10",
            "flow": 14.316391112075465,
            "limit": 50.0
        },
        "L4-11": {
            "id": "L4-11",
            "from_node": "4",
            "to_node": "11",
            "flow": -17.201533480432328,
            "limit": 50.0
        },
        "L4-13": {
            "id": "L4-13",
            "from_node": "4",
            "to_node": "13",
            "flow": -2.1716248027709355,
            "limit": 50.0
        },
        "L5-13": {
            "id": "L5-13",
            "from_node": "5",
            "to_node": "13",
            "flow": -40.948418527743364,
            "limit": 50.0
        },
        "L5-7": {
            "id": "L5-7",
            "from_node": "5",
            "to_node": "7",
            "flow": -39.93601987139493,
            "limit": 50.0
        },
        "L6-11": {
            "id": "L6-11",
            "from_node": "6",
            "to_node": "11",
            "flow": -13.278889811753356,
            "limit": 50.0
        },
        "L6-7": {
            "id": "L6-7",
            "from_node": "6",
            "to_node": "7",
            "flow": 2.763417522256468,
            "limit": 50.0
        },
        "L8-10": {
            "id": "L8-10",
            "from_node": "8",
            "to_node": "10",
            "flow": 18.723117639310964,
            "limit": 50.0
        },
        "L8-11": {
            "id": "L8-11",
            "from_node": "8",
            "to_node": "11",
            "flow": -12.79480695319683,
            "limit": 50.0
        },
        "L10-12": {
            "id": "L10-12",
            "from_node": "10",
            "to_node": "12",
            "flow": -54.00000000000001,
            "limit": 50.0
        },
        "L10-13": {
            "id": "L10-13",
            "from_node": "10",
            "to_node": "13",
            "flow": -16.4880159148464,
            "limit": 50.0
        },
        "L12-13": {
            "id": "L12-13",
            "from_node": "12",
            "to_node": "13",
            "flow": 37.51198408515361,
            "limit": 50.0
        }
    },