{
    "nodes": {
        "0": {
            "id": "0",
            "injection": 73.97180026802117,
            "x": 395.53382605644333,
            "y": 323.869999818067,
            "cost_increase": 71,
            "cost_decrease": 0
        },
        "1": {
            "id": "1",
            "injection": 80.16325059621778,
            "x": 26.75057953430603,
            "y": 489.2205680851837,
            "cost_increase": 65,
            "cost_decrease": 1
        },
        "2": {
            "id": "2",
            "injection": 72.1032259310402,
            "x": 364.13888151099366,
            "y": 497.31971909076964,
            "cost_increase": 46,
            "cost_decrease": 39
        },
        "3": {
            "id": "3",
            "injection": 10.863794957364671,
            "x": 98.71691665894399,
            "y": 193.07054351758347,
            "cost_increase": 50,
            "cost_decrease": -7
        },
        "4": {
            "id": "4",
            "injection": -50.10531575159436,
            "x": 108.51795073485663,
            "y": 401.7423874597083,
            "cost_increase": 39,
            "cost_decrease": -9
        },
        "5": {
            "id": "5",
            "injection": -84.90198289011175,
            "x": 239.2780437838593,
            "y": 355.3732378241956,
            "cost_increase": 100,
            "cost_decrease": 6
        },
        "6": {
            "id": "6",
            "injection": 11.727936552682896,
            "x": 319.13648775493795,
            "y": 406.4282291699016,
            "cost_increase": 22,
            "cost_decrease": 33
        },
        "7": {
            "id": "7",
            "injection": -86.77734712716034,
            "x": 196.14243319427695,
            "y": 523.7557903539748,
            "cost_increase": 61,
            "cost_decrease": 14
        },
        "8": {
            "id": "8",
            "injection": -7.707529479360858,
            "x": 273.7848523924592,
            "y": 203.76243490290955,
            "cost_increase": 75,
            "cost_decrease": 17
        },
        "9": {
            "id": "9",
            "injection": 65.101875975376,
            "x": 142.54056308376997,
            "y": 298.2519308698337,
            "cost_increase": 99,
            "cost_decrease": -18
        },
        "10": {
            "id": "10",
            "injection": -84.43970903247539,
            "x": -14.860358643518667,
            "y": 329.79378408740587,
            "cost_increase": 91,
            "cost_decrease": 0
        }
    },
    "lines": {
        "L0-2": {
            "id": "L0-2",
            "from_node": "0",
            "to_node": "2",
            "flow": -3.9141683519426707,
            "limit": 50.0
        },
        "L0-5": {
            "id": "L0-5",
            "from_node": "0",
            "to_node": "5",
            "flow": 41.22745845043331,
            "limit": 50.0
        },
        "L0-6": {
            "id": "L0-6",
            "from_node": "0",
            "to_node": "6",
            "flow": 8.528451181935914,
            "limit": 50.0
        },
        "L0-8": {
            "id": "L0-8",
            "from_node": "0",
            "to_node": "8",
            "flow": 28.130058987594516,
            "limit": 50.0
        },
        "L1-10": {
            "id": "L1-10",
            "from_node": "1",
            "to_node": "10",
            "flow": 37.05646974210157,
            "limit": 50.0
        },
        "L1-4": {
            "id": "L1-4",
            "from_node": "1",
            "to_node": "4",
            "flow": 21.92915462304467,
            "limit": 50.0
        },
        "L1-7": {
            "id": "L1-7",
            "from_node": "1",
            "to_node": "7",
            "flow": 21.17762623107154,
            "limit": 50.0
        },
        "L2-6": {
            "id": "L2-6",
            "from_node": "2",
            "to_node": "6",
            "flow": 12.442619533878585,
            "limit": 50.0
        },
        "L2-7": {
            "id": "L2-7",
            "from_node": "2",
            "to_node": "7",
            "flow": 55.746438045218945,
            "limit": 50.0
        },
        "L3-8": {
            "id": "L3-8",
            "from_node": "3",
            "to_node": "8",
            "flow": -7.325130045394872,
            "limit": 50.0
        },
        "L3-9": {
            "id": "L3-9",
            "from_node": "3",
            "to_node": "9",
            "flow": -14.066999168557356,
            "limit": 50.0
        },
        "L3-10": {
            "id": "L3-10",
            "from_node": "3",
            "to_node": "10",
            "flow": 32.25592417131691,
            "limit": 50.0
        },
        "L4-5": {
            "id": "L4-5",
            "from_node": "4",
            "to_node": "5",
            "flow": -11.356339634816095,
            "limit": 50.0
        },
        "L4-7": {
            "id": "L4-7",
            "from_node": "4",
            "to_node": "7",
            "flow": -0.7515283919731317,
            "limit": 50.0
        },
        "L4-9": {
            "id": "L4-9",
            "from_node": "4",
            "to_node": "9",
            "flow": -31.195608220817373,
            "limit": 50.0
        },
        "L4-10": {
            "id": "L4-10",
            "from_node": "4",
            "to_node": "10",
            "flow": 15.127315119056895,
            "limit": 50.0
        },
        "L5-6": {
            "id": "L5-6",
            "from_node": "5",
            "to_node": "6",
            "flow": -32.6990072684974,
            "limit": 50.0
        },
        "L5-7": {
            "id": "L5-7",
            "from_node": "5",
            "to_node": "7",
            "flow": 10.604811242842963,
            "limit": 50.0
        },
        "L5-8": {
            "id": "L5-8",
            "from_node": "5",
            "to_node": "8",
            "flow": -13.097399462838794,
            "limit": 50.0
        },
        "L5-9": {
            "id": "L5-9",
            "from_node": "5",
            "to_node": "9",
            "flow": -19.83926858600128,
            "limit": 50.0
        }
    },
    "cost": 0.0,
    "difficulty": "Easy"
}
