{
    "nodes": {
        "0": {
            "id": "0",
            "injection": 96.00459479640561,
            "x": 186.62779513291696,
            "y": 288.2206216193234,
            "cost_increase": 40,
            "cost_decrease": 19
        },
        "1": {
            "id": "1",
            "injection": 51.67076988333439,
            "x": 302.6113670736446,
            "y": 203.58168579235178,
            "cost_increase": 76,
            "cost_decrease": -7
        },
        "2": {
            "id": "2",
            "injection": -83.27415613752649,
            "x": 415.8258373136139,
            "y": 247.9756702992697,
            "cost_increase": 47,
            "cost_decrease": 39
        },
        "3": {
            "id": "3",
            "injection": -72.22552403190944,
            "x": 171.34987832168883,
            "y": 432.8473126265695,
            "cost_increase": 80,
            "cost_decrease": 31
        },
        "4": {
            "id": "4",
            "injection": 56.214358178561085,
            "x": 213.10579045868076,
            "y": 164.19784221411263,
            "cost_increase": 21,
            "cost_decrease": 34
        },
        "5": {
            "id": "5",
            "injection": -48.3541107856225,
            "x": 183.33410466261404,
            "y": 57.59905951964815,
            "cost_increase": 76,
            "cost_decrease": 29
        },
        "6": {
            "id": "6",
            "injection": 22.246986988234017,
            "x": 63.393417914727394,
            "y": 180.98920055568945,
            "cost_increase": 38,
            "cost_decrease": -20
        },
        "7": {
            "id": "7",
            "injection": 21.113397077444965,
            "x": 355.6913977221345,
            "y": 85.92133386769522,
            "cost_increase": 30,
            "cost_decrease": 31
        },
        "8": {
            "id": "8",
            "injection": -101.53154482841455,
            "x": 50.728063102610676,
            "y": 339.9017563836148,
            "cost_increase": 78,
            "cost_decrease": -20
        },
        "9": {
            "id": "9",
            "injection": 58.13522885949289,
            "x": 319.3991622307162,
            "y": 383.719781004426,
            "cost_increase": 34,
            "cost_decrease": 22
        }
    },
    "lines": {
        "L0-1": {
            "id": "L0-1",
            "from_node": "0",
            "to_node": "1",
            "flow": -8.019405391951658,
            "limit": 50.0
        },
        "L0-3": {
            "id": "L0-3",
            "from_node": "0",
            "to_node": "3",
            "flow": 43.654103035594375,
            "limit": 50.0
        },
        "L0-4": {
            "id": "L0-4",
            "from_node": "0",
            "to_node": "4",
            "flow": -15.181240058101821,
            "limit": 50.0
        },
        "L0-6": {
            "id": "L0-6",
            "from_node": "0",
            "to_node": "6",
            "flow": 16.81435213599109,
            "limit": 50.0
        },
        "L0-8": {
            "id": "L0-8",
            "from_node": "0",
            "to_node": "8",
            "flow": 54.00000000000001,
            "limit": 50.0
        },
        "L0-9": {
            "id": "L0-9",
            "from_node": "0",
            "to_node": "9",
            "flow": 4.736785074873667,
            "limit": 50.0
        },
        "L1-2": {
            "id": "L1-2",
            "from_node": "1",
            "to_node": "2",
            "flow": 36.71088644047117,
            "limit": 50.0
        },
        "L1-4": {
            "id": "L1-4",
            "from_node": "1",
            "to_node": "4",
            "flow": -7.161834666150163,
            "limit": 50.0
        },
        "L1-7": {
            "id": "L1-7",
            "from_node": "1",
            "to_node": "7",
            "flow": 14.102312717061718,
            "limit": 50.0
        },
        "L2-9": {
            "id": "L2-9",
            "from_node": "2",
            "to_node": "9",
            "flow": -23.95469597364585,
            "limit": 50.0
        },
        "L2-7": {
            "id": "L2-7",
            "from_node": "2",
            "to_node": "7",
            "flow": -22.608573723409457,
            "limit": 50.0
        },
        "L3-8": {
            "id": "L3-8",
            "from_node": "3",
            "to_node": "8",
            "flow": 10.345896964405632,
            "limit": 50.0
        },
        "L3-9": {
            "id": "L3-9",
            "from_node": "3",
            "to_node": "9",
            "flow": -38.91731796072071,
            "limit": 50.0
        },
        "L4-5": {
            "id": "L4-5",
            "from_node": "4",
            "to_node": "5",
            "flow": 33.8712834543091,
            "limit": 50.0
        },
        "L5-6": {
            "id": "L5-6",
            "from_node": "5",
            "to_node": "6",
            "flow": -1.8756912602161897,
            "limit": 50.0
        },
        "L5-7": {
            "id": "L5-7",
            "from_node": "5",
            "to_node": "7",
            "flow": -12.60713607109722,
            "limit": 50.0
        },
        "L6-8": {
            "id": "L6-8",
            "from_node": "6",
            "to_node": "8",
            "flow": 37.185647864008914,
            "limit": 50.0
        }
    },
    "cost": 0.0,
    "difficulty": "Easy"
}
