{
    "nodes": {
        "0": {
            "id": "0",
            "injection": 8.576500831857125,
            "x": 373.21731367391976,
            "y": 281.1457750295194,
            "cost_increase": 96,
            "cost_decrease": 22
        },
        "1": {
            "id": "1",
            "injection": -36.02018734313987,
            "x": 308.5008543975324,
            "y": 54.50537178740845,
            "cost_increase": 99,
            "cost_decrease": 13
        },
        "2": {
            "id": "2",
            "injection": -46.58748511032331,
            "x": 268.8827042399994,
            "y": 315.67181312868195,
            "cost_increase": 91,
            "cost_decrease": 16
        },
        "3": {
            "id": "3",
            "injection": -60.05976231027927,
            "x": -38.57027731882219,
            "y": 191.41499994344255,
            "cost_increase": 83,
            "cost_decrease": 18
        },
        "4": {
            "id": "4",
            "injection": 39.00558773762995,
            "x": 464.37049422859303,
            "y": 160.24416187523445,
            "cost_increase": 25,
            "cost_decrease": 4
        },
        "5": {
            "id": "5",
            "injection": -82.90143843613592,
            "x": 202.66205330821558,
            "y": 186.6957650814061,
            "cost_increase": 30,
            "cost_decrease": 31
        },
        "6": {
            "id": "6",
            "injection": -3.696222952071939,
            "x": -3.1775313907555134,
            "y": 45.292161528004925,
            "cost_increase": 66,
            "cost_decrease": 14
        },
        "7": {
            "id": "7",
            "injection": 24.950902667829148,
            "x": 408.56961344028434,
            "y": 377.2491661794763,
            "cost_increase": 21,
            "cost_decrease": 40
        },
        "8": {
            "id": "8",
            "injection": 33.35341309176994,
            "x": 67.98642558508725,
            "y": 316.7583380673667,
            "cost_increase": 69,
            "cost_decrease": 37
        },
        "9": {
            "id": "9",
            "injection": -91.66369557779485,
            "x": 519.3970333366112,
            "y": 353.3633369133363,
            "cost_increase": 81,
            "cost_decrease": -15
        },
        "10": {
            "id": "10",
            "injection": 87.42046404505771,
            "x": 404.74106267391824,
            "y": 495.70524674362144,
            "cost_increase": 42,
            "cost_decrease": -7
        },
        "11": {
            "id": "11",
            "injection": 7.6045319231576665,
            "x": 148.33913158672428,
            "y": 3.158409510897844,
            "cost_increase": 57,
            "cost_decrease": 8
        },
        "12": {
            "id": "12",
            "injection": 91.8079823652723,
            "x": 89.64531423932496,
            "y": 147.5894107976094,
            "cost_increase": 51,
            "cost_decrease": 24
        },
        "13": {
            "id": "13",
            "injection": 102.3041492966326,
            "x": 207.84481545576776,
            "y": 458.8959660068359,
            "cost_increase": 52,
            "cost_decrease": -7
        },
        "14": {
            "id": "14",
            "injection": -2.0176306970400386,
            "x": 338.78558250938005,
            "y": 186.54616220659867,
            "cost_increase": 95,
            "cost_decrease": 27
        },
        "15": {
            "id": "15",
            "injection": -53.90129453661746,
            "x": 174.84119478806824,
            "y": 294.20447118914007,
            "cost_increase": 22,
            "cost_decrease": 32
        },
        "16": {
            "id": "16",
            "injection": -18.17581499580382,
            "x": 302.708092342481,
            "y": 406.71581200511196,
            "cost_increase": 88,
            "cost_decrease": -7
        }
    },
    "lines": {
        "L0-2": {
            "id": "L0-2",
            "from_node": "0",
            "to_node": "2",
            "flow": 7.8699500089757795,
            "limit": 50.0
        },
        "L0-14": {
            "id": "L0-14",
            "from_node": "0",
            "to_node": "14",
            "flow": 10.326047768215423,
            "limit": 50.0
        },
        "L0-7": {
            "id": "L0-7",
            "from_node": "0",
            "to_node": "7",
            "flow": -9.61949694533405,
            "limit": 50.0
        },
        "L1-4": {
            "id": "L1-4",
            "from_node": "1",
            "to_node": "4",
            "flow": -16.64770823450995,
            "limit": 50.0
        },
        "L1-5": {
            "id": "L1-5",
            "from_node": "1",
            "to_node": "5",
            "flow": 4.466706503389791,
            "limit": 50.0
        },
        "L1-11": {
            "id": "L1-11",
            "from_node": "1",
            "to_node": "11",
            "flow": -16.19068009150799,
            "limit": 50.0
        },
        "L1-14": {
            "id": "L1-14",
            "from_node": "1",
            "to_node": "14",
            "flow": -7.648505520511735,
            "limit": 50.0
        },
        "L2-5": {
            "id": "L2-5",
            "from_node": "2",
            "to_node": "5",
            "flow": 14.571309783141169,
            "limit": 50.0
        },
        "L2-7": {
            "id": "L2-7",
            "from_node": "2",
            "to_node": "7",
            "flow": -17.48944695430983,
            "limit": 50.0
        },
        "L2-13": {
            "id": "L2-13",
            "from_node": "2",
            "to_node": "13",
            "flow": -43.458945331906015,
            "limit": 50.0
        },
        "L2-14": {
            "id": "L2-14",
            "from_node": "2",
            "to_node": "14",
            "flow": 2.4560977592396434,
            "limit": 50.0
        },
        "L2-15": {
            "id": "L2-15",
            "from_node": "2",
            "to_node": "15",
            "flow": 19.460975405958195,
            "limit": 50.0
        },
        "L2-16": {
            "id": "L2-16",
            "from_node": "2",
            "to_node": "16",
            "flow": -14.257525763470674,
            "limit": 50.0
        },
        "L3-8": {
            "id": "L3-8",
            "from_node": "3",
            "to_node": "8",
            "flow": -19.8269389073946,
            "limit": 50.0
        },
        "L3-12": {
            "id": "L3-12",
            "from_node": "3",
            "to_node": "12",
            "flow": -27.14283888586469,
            "limit": 50.0
        },
        "L3-6": {
            "id": "L3-6",
            "from_node": "3",
            "to_node": "6",
            "flow": -13.089984517019976,
            "limit": 50.0
        },
        "L4-9": {
            "id": "L4-9",
            "from_node": "4",
            "to_node": "9",
            "flow": 13.358676789121796,
            "limit": 50.0
        },
        "L4-14": {
            "id": "L4-14",
            "from_node": "4",
            "to_node": "14",
            "flow": 8.999202713998212,
            "limit": 50.0
        },
        "L5-8": {
            "id": "L5-8",
            "from_node": "5",
            "to_node": "8",
            "flow": -24.6609878850252,
            "limit": 50.0
        },
        "L5-12": {
            "id": "L5-12",
            "from_node": "5",
            "to_node": "12",
            "flow": -31.976887863495293,
            "limit": 50.0
        },
        "L5-14": {
            "id": "L5-14",
            "from_node": "5",
            "to_node": "14",
            "flow": -12.115212023901526,
            "limit": 50.0
        },
        "L5-15": {
            "id": "L5-15",
            "from_node": "5",
            "to_node": "15",
            "flow": 4.889665622817027,
            "limit": 50.0
        },