{
    "nodes": {
        "0": {
            "id": "0",
            "injection": 21.090086674795227,
            "x": 482.3895448671777,
            "y": 126.85576499894339,
            "cost_increase": 76,
            "cost_decrease": -6
        },
        "1": {
            "id": "1",
            "injection": -26.63007813184966,
            "x": 239.40778904381318,
            "y": 108.98909844795897,
            "cost_increase": 86,
            "cost_decrease": 23
        },
        "2": {
            "id": "2",
            "injection": 19.97315406698464,
            "x": 261.27645499327963,
            "y": 478.63717898930076,
            "cost_increase": 51,
            "cost_decrease": 27
        },
        "3": {
            "id": "3",
            "injection": -23.689298603841934,
            "x": 275.4258649836528,
            "y": 369.31637470659666,
            "cost_increase": 58,
            "cost_decrease": 18
        },
        "4": {
            "id": "4",
            "injection": -32.38398535273198,
            "x": 147.3351264912612,
            "y": 384.77973592795894,
            "cost_increase": 54,
            "cost_decrease": 4
        },
        "5": {
            "id": "5",
            "injection": -35.04029848100691,
            "x": 413.2316226887948,
            "y": 425.7936778928276,
            "cost_increase": 83,
            "cost_decrease": 1
        },
        "6": {
            "id": "6",
            "injection": -6.919526871733137,
            "x": 126.83796627202423,
            "y": 504.5360193870958,
            "cost_increase": 46,
            "cost_decrease": 13
        },
        "7": {
            "id": "7",
            "injection": 0.7416381766747576,
            "x": 368.2297611076657,
            "y": 41.301468729283435,
            "cost_increase": 75,
            "cost_decrease": -20
        },
        "8": {
            "id": "8",
            "injection": -8.59598222072499,
            "x": 48.862521601828234,
            "y": 375.93906354134674,
            "cost_increase": 54,
            "cost_decrease": -11
        },
        "9": {
            "id": "9",
            "injection": -26.412666735207143,
            "x": 191.4010419653423,
            "y": 267.0881784732886,
            "cost_increase": 36,
            "cost_decrease": 38
        },
        "10": {
            "id": "10",
            "injection": -11.339508032780458,
            "x": 477.7395565885903,
            "y": 277.97093078469896,
            "cost_increase": 53,
            "cost_decrease": 3
        },
        "11": {
            "id": "11",
            "injection": -12.153807884538095,
            "x": 348.8124921688093,
            "y": 321.2357961221565,
            "cost_increase": 68,
            "cost_decrease": 4
        },
        "12": {
            "id": "12",
            "injection": 141.36027339595967,
            "x": 347.84295527758076,
            "y": 183.63760214193942,
            "cost_increase": 88,
            "cost_decrease": 22
        }
    },
    "lines": {
        "L0-10": {
            "id": "L0-10",
            "from_node": "0",
            "to_node": "10",
            "flow": 25.52113693727815,
            "limit": 50.0
        },
        "L0-12": {
            "id": "L0-12",
            "from_node": "0",
            "to_node": "12",
            "flow": -8.757966592437613,
            "limit": 50.0
        },
        "L0-7": {
            "id": "L0-7",
            "from_node": "0",
            "to_node": "7",
            "flow": 4.326916329954665,
            "limit": 50.0
        },
        "L1-9": {
            "id": "L1-9",
            "from_node": "1",
            "to_node": "9",
            "flow": 22.76167964858602,
            "limit": 50.0
        },
        "L1-12": {
            "id": "L1-12",
            "from_node": "1",
            "to_node": "12",
            "flow": -31.238320351413982,
            "limit": 50.0
        },
        "L1-7": {
            "id": "L1-7",
            "from_node": "1",
            "to_node": "7",
            "flow": -18.1534374290217,
            "limit": 50.0
        },
        "L2-3": {
            "id": "L2-3",
            "from_node": "2",
            "to_node": "3",
            "flow": 6.701866520764241,
            "limit": 50.0
        },
        "L2-5": {
            "id": "L2-5",
            "from_node": "2",
            "to_node": "5",
            "flow": 3.9119009897244723,
            "limit": 50.0
        },
        "L2-6": {
            "id": "L2-6",
            "from_node": "2",
            "to_node": "6",
            "flow": 12.256299071652506,
            "limit": 50.0
        },
        "L2-9": {
            "id": "L2-9",
            "from_node": "2",
            "to_node": "9",
            "flow": -2.896912515156586,
            "limit": 50.0
        },
        "L3-9": {
            "id": "L3-9",
            "from_node": "3",
            "to_node": "9",
            "flow": -9.598779035920828,
            "limit": 50.0
        },
        "L3-11": {
            "id": "L3-11",
            "from_node": "3",
            "to_node": "11",
            "flow": -7.388653047156886,
            "limit": 50.0
        },
        "L4-8": {
            "id": "L4-8",
            "from_node": "4",
            "to_node": "8",
            "flow": -5.947000783001748,
            "limit": 50.0
        },
        "L4-9": {
            "id": "L4-9",
            "from_node": "4",
            "to_node": "9",
            "flow": -20.79509807826966,
            "limit": 50.0
        },
        "L4-6": {
            "id": "L4-6",
            "from_node": "4",
            "to_node": "6",
            "flow": -5.641886491460568,
            "limit": 50.0
        },
        "L5-11": {
            "id": "L5-11",
            "from_node": "5",
            "to_node": "11",
            "flow": -4.598687516117117,
            "limit": 50.0
        },
        "L5-10": {
            "id": "L5-10",
            "from_node": "5",
            "to_node": "10",
            "flow": -26.529709975165296,
            "limit": 50.0
        },
        "L6-8": {
            "id": "L6-8",
            "from_node": "6",
            "to_node": "8",
            "flow": -0.3051142915411802,
            "limit": 50.0
        },
        "L7-12": {
            "id": "L7-12",
            "from_node": "7",
            "to_node": "12",
            "flow": -13.084882922392278,
            "limit": 50.0
        },
        "L8-9": {
            "id": "L8-9",
            "from_node": "8",
            "to_node": "9",
            "flow": -14.848097295267912,
            "limit": 50.0
        },
        "L9-11": {
            "id": "L9-11",
            "from_node": "9",
            "to_node": "11",
            "flow": 2.2101259887639415,
            "limit": 50.0
        },
        "L9-12": {
            "id": "L9-12",
            "from_node": "9",
            "to_node": "12",
            "flow": -54.0,
            "limit": 50.0
        },
        "L10-11": {
            "id": "L10-11",
            "from_node": "10",
            "to_node": "11",
            "flow": 21.93102245904818,
            "limit": 50.0
        },
        "L10-12": {
            "id": "L10-12",
            "from_node": "10",
            "to_node": "12",
            "flow": -34.27910352971576,
            "limit": 50.0
        }
    },
    "cost": 0.0,
    "difficulty": "Easy"
}
