{
    "nodes": {
        "0": {
            "id": "0",
            "injection": -39.573218099452816,
            "x": 302.60742035358936,
            "y": 266.6623816765794,
            "cost_increase": 80,
            "cost_decrease": -1
        },
        "1": {
            "id": "1",
            "injection": 79.00731358766889,
            "x": 73.46663155642958,
            "y": 59.51963275908238,
            "cost_increase": 85,
            "cost_decrease": 33
        },
        "2": {
            "id": "2",
            "injection": -70.14260995042385,
            "x": 518.7902640850469,
            "y": 187.22788252441384,
            "cost_increase": 73,
            "cost_decrease": 34
        },
        "3": {
            "id": "3",
            "injection": 89.23583152448242,
            "x": 405.5135697054509,
            "y": 170.51459399870149,
            "cost_increase": 55,
            "cost_decrease": 5
        },
        "4": {
            "id": "4",
            "injection": 26.7655393440271,
            "x": 129.267464359987,
            "y": 140.85209730893865,
            "cost_increase": 88,
            "cost_decrease": -13
        },
        "5": {
            "id": "5",
            "injection": -46.46582314139026,
            "x": 214.2503803689405,
            "y": 172.45009992587387,
            "cost_increase": 34,
            "cost_decrease": -8
        },
        "6": {
            "id": "6",
            "injection": -75.6959239974186,
            "x": 321.22961078516727,
            "y": 175.60231669820755,
            "cost_increase": 43,
            "cost_decrease": 8
        },
        "7": {
            "id": "7",
            "injection": -48.707726296121564,
            "x": 406.3803135491373,
            "y": 325.30642397749665,
            "cost_increase": 31,
            "cost_decrease": -5
        },
        "8": {
            "id": "8",
            "injection": 42.391543959376826,
            "x": 71.53019809085018,
            "y": 240.10760484869508,
            "cost_increase": 86,
            "cost_decrease": 17
        },
        "9": {
            "id": "9",
            "injection": 44.93902810086679,
            "x": 213.4811888441747,
            "y": 341.06583866442395,
            "cost_increase": 22,
            "cost_decrease": -12
        },
        "10": {
            "id": "10",
            "injection": 98.59300952447003,
            "x": 423.7699688899844,
            "y": 40.75011891674331,
            "cost_increase": 87,
            "cost_decrease": -15
        },
        "11": {
            "id": "11",
            "injection": -100.34696455608497,
            "x": 237.58932860817072,
            "y": 9.891909222432451,
            "cost_increase": 62,
            "cost_decrease": 37
        }
    },
    "lines": {
        "L0-5": {
            "id": "L0-5",
            "from_node": "0",
            "to_node": "5",
            "flow": -13.848681598512513,
            "limit": 50.0
        },
        "L0-6": {
            "id": "L0-6",
            "from_node": "0",
            "to_node": "6",
            "flow": 8.621256622292455,
            "limit": 50.0
        },
        "L0-7": {
            "id": "L0-7",
            "from_node": "0",
            "to_node": "7",
            "flow": -5.78231676220448,
            "limit": 50.0
        },
        "L0-9": {
            "id": "L0-9",
            "from_node": "0",
            "to_node": "9",
            "flow": -28.5634763610283,
            "limit": 50.0
        },
        "L1-8": {
            "id": "L1-8",
            "from_node": "1",
            "to_node": "8",
            "flow": 13.190456544603364,
            "limit": 50.0
        },
        "L1-11": {
            "id": "L1-11",
            "from_node": "1",
            "to_node": "11",
            "flow": 54.0,
            "limit": 50.0
        },
        "L1-4": {
            "id": "L1-4",
            "from_node": "1",
            "to_node": "4",
            "flow": 11.81685704306551,
            "limit": 50.0
        },
        "L2-10": {
            "id": "L2-10",
            "from_node": "2",
            "to_node": "10",
            "flow": -42.95690955995555,
            "limit": 50.0
        },
        "L2-3": {
            "id": "L2-3",
            "from_node": "2",
            "to_node": "3",
            "flow": -28.693428080146276,
            "limit": 50.0
        },
        "L2-7": {
            "id": "L2-7",
            "from_node": "2",
            "to_node": "7",
            "flow": 1.5077276896779788,
            "limit": 50.0
        },
        "L3-6": {
            "id": "L3-6",
            "from_node": "3",
            "to_node": "6",
            "flow": 44.60472915432119,
            "limit": 50.0
        },
        "L3-7": {
            "id": "L3-7",
            "from_node": "3",
            "to_node": "7",
            "flow": 30.201155769824254,
            "limit": 50.0
        },
        "L3-10": {
            "id": "L3-10",
            "from_node": "3",
            "to_node": "10",
            "flow": -14.263481479809272,
            "limit": 50.0
        },
        "L4-8": {
            "id": "L4-8",
            "from_node": "4",
            "to_node": "8",
            "flow": 1.3735995015378535,
            "limit": 50.0
        },
        "L4-5": {
            "id": "L4-5",
            "from_node": "4",
            "to_node": "5",
            "flow": 37.20879688555476,
            "limit": 50.0
        },
        "L5-6": {
            "id": "L5-6",
            "from_node": "5",
            "to_node": "6",
            "flow": 22.46993822080497,
            "limit": 50.0
        },
        "L5-8": {
            "id": "L5-8",
            "from_node": "5",
            "to_node": "8",
            "flow": -35.83519738401691,
            "limit": 50.0
        },
        "L5-9": {
            "id": "L5-9",
            "from_node": "5",
            "to_node": "9",
            "flow": -14.714794762515787,
            "limit": 50.0
        },
        "L5-11": {
            "id": "L5-11",
            "from_node": "5",
            "to_node": "11",
            "flow": 4.974346071379729,
            "limit": 50.0
        },
        "L7-9": {
            "id": "L7-9",
            "from_node": "7",
            "to_node": "9",
            "flow": -22.78115959882382,
            "limit": 50.0
        },
        "L8-9": {
            "id": "L8-9",
            "from_node": "8",
            "to_node": "9",
            "flow": 21.12040262150112,
            "limit": 50.0
        },
        "L10-11": {
            "id": "L10-11",
            "from_node": "10",
            "to_node": "11",
            "flow": 41.37261848470522,
            "limit": 50.0
        }
    },
    "cost": 0.0,
    "difficulty": "Easy"
}
