{
    "nodes": {
        "0": {
            "id": "0",
            "injection": 51.74718037241435,
            "x": 64.25707018464101,
            "y": 227.9868535163146,
            "cost_increase": 25,
            "cost_decrease": 39
        },
        "1": {
            "id": "1",
            "injection": -15.051160411937866,
            "x": 273.4763270954986,
            "y": 499.8569916232069,
            "cost_increase": 69,
            "cost_decrease": 25
        },
        "2": {
            "id": "2",
            "injection": 4.931847605299404,
            "x": 370.53410300386184,
            "y": 202.69139166265595,
            "cost_increase": 49,
            "cost_decrease": -20
        },
        "3": {
            "id": "3",
            "injection": -54.017680586220614,
            "x": -23.85143201189029,
            "y": 168.7540744411181,
            "cost_increase": 82,
            "cost_decrease": -10
        },
        "4": {
            "id": "4",
            "injection": -32.222627277984365,
            "x": 512.9461849773191,
            "y": 219.6330333581475,
            "cost_increase": 36,
            "cost_decrease": -20
        },
        "5": {
            "id": "5",
            "injection": -113.30516981095228,
            "x": 21.15473734620394,
            "y": 354.27478966451514,
            "cost_increase": 61,
            "cost_decrease": -20
        },
        "6": {
            "id": "6",
            "injection": 14.03151248076334,
            "x": 260.6451236180667,
            "y": 164.45361003632328,
            "cost_increase": 23,
            "cost_decrease": -20
        },
        "7": {
            "id": "7",
            "injection": 59.074657154920004,
            "x": 203.9929469194296,
            "y": 392.83451897675525,
            "cost_increase": 49,
            "cost_decrease": -20
        },
        "8": {
            "id": "8",
            "injection": -47.87878587691751,
            "x": 379.8474680805353,
            "y": 361.4520247461265,
            "cost_increase": 55,
            "cost_decrease": -20
        },
        "9": {
            "id": "9",
            "injection": 45.57600389647018,
            "x": 115.36182485599446,
            "y": 495.8922548475289,
            "cost_increase": 83,
            "cost_decrease": -20
        },
        "10": {
            "id": "10",
            "injection": 72.9376069640284,
            "x": 407.0048852949441,
            "y": -86.80060324985288,
            "cost_increase": 35,
            "cost_decrease": 47
        },
        "11": {
            "id": "11",
            "injection": -48.98515805404762,
            "x": 431.7282970491504,
            "y": 34.05007034809285,
            "cost_increase": 72,
            "cost_decrease": -20
        },
        "12": {
            "id": "12",
            "injection": -79.58060491885833,
            "x": 140.64377364768785,
            "y": 312.6286734780436,
            "cost_increase": 20,
            "cost_decrease": -20
        },
        "13": {
            "id": "13",
            "injection": 57.283849355951965,
            "x": 91.2682520408269,
            "y": 24.74620952392384,
            "cost_increase": 100,
            "cost_decrease": 1
        },
        "14": {
            "id": "14",
            "injection": 26.507517352930748,
            "x": 152.26769865953895,
            "y": 164.54934874910586,
            "cost_increase": 58,
            "cost_decrease": -20
        },
        "15": {
            "id": "15",
            "injection": -65.76827085024264,
            "x": 424.9657103794757,
            "y": 135.89541861493046,
            "cost_increase": 35,
            "cost_decrease": -14
        },
        "16": {
            "id": "16",
            "injection": 42.47175168309752,
            "x": 240.25076952728983,
            "y": -65.15871226572425,
            "cost_increase": 74,
            "cost_decrease": 16
        },
        "17": {
            "id": "17",
            "injection": 71.63397778318722,
            "x": 279.31611845040317,
            "y": 65.9623445506998,
            "cost_increase": 20,
            "cost_decrease": 69
        },
        "18": {
            "id": "18",
            "injection": 10.072875306156416,
            "x": 246.72416248536052,
            "y": 260.30121729939583,
            "cost_increase": 32,
            "cost_decrease": -16
        },
        "19": {
            "id": "19",
            "injection": 0.5406778319416873,
            "x": 545.3000364479277,
            "y": 32.83101747138465,
            "cost_increase": 41,
            "cost_decrease": -19
        },
        "10b": {
            "id": "10b",
            "injection": 0.0,
            "x": 407.0048852949441,
            "y": -86.80060324985288,
            "cost_increase": 34,
            "cost_decrease": 0
        },
        "2b": {
            "id": "2b",
            "injection": 0.0,
            "x": 370.53410300386184,
            "y": 202.69139166265595,
            "cost_increase": 40,
            "cost_decrease": -15
        },
        "14b": {
            "id": "14b",
            "injection": 0.0,
            "x": 152.26769865953895,
            "y": 164.54934874910586,
            "cost_increase": 82,
            "cost_decrease": -20
        },
        "9b": {
            "id": "9b",
            "injection": 0.0,
            "x": 115.36182485599446,
            "y": 495.8922548475289,
            "cost_increase": 70,
            "cost_decrease": -15
        },
        "5b": {
            "id": "5b",
            "injection": 0.0,
            "x": 21.15473734620394,
            "y": 354.27478966451514,
            "cost_increase": 102,
            "cost_decrease": 57
        }
    },
    "lines": {
        "L0-3": {
            "id": "L0-3",
            "from_node": "0",
            "to_node": "3",
            "flow": 28.58024455026514,
            "limit": 50.0
        },
        "L0-14": {
            "id": "L0-14",
            "from_node": "0",
            "to_node": "14",
            "flow": -26.507517352930748,
            "limit": 50.0
        },
        "L1-8": {
            "id": "L1-8",
            "from_node": "1",
            "to_node": "8",
            "flow": 0.29645026498688765,
            "limit": 50.0
        },
        "L1-7": {
            "id": "L1-7",
            "from_node": "1",
            "to_node": "7",
            "flow": -10.231740451283173,
            "limit": 50.0
        },
        "L2-4": {
            "id": "L2-4",
            "from_node": "2",
            "to_node": "4",
            "flow": 18.845656189816253,
            "limit": 50.0
        },
        "L2-6": {
            "id": "L2-6",
            "from_node": "2",
            "to_node": "6",
            "flow": -37.31663521214029,
            "limit": 50.0
        },
        "L2-15": {
            "id": "L2-15",
            "from_node": "2",
            "to_node": "15",
            "flow": 36.05272177937995,
            "limit": 50.0
        },
        "L2-18": {
            "id": "L2-18",
            "from_node": "2",
            "to_node": "18",
            "flow": -12.649895151756525,
            "limit": 50.0
        },
        "L3-13": {
            "id": "L3-13",
            "from_node": "3",
            "to_node": "13",
            "flow": -46.531644660770155,
            "limit": 50.0
        },
        "L4-8": {
            "id": "L4-8",
            "from_node": "4",
            "to_node": "8",
            "flow": -18.599393417108352,
            "limit": 50.0
        },
        "L4-15": {
            "id": "L4-15",
            "from_node": "4",
            "to_node": "15",
            "flow": 17.207065589563697,
            "limit": 50.0
        },
        "L4-19": {
            "id": "L4-19",
            "from_node": "4",
            "to_node": "19",
            "flow": -11.984643260623528,
            "limit": 50.0
        },