{
    "nodes": {
        "0": {
            "id": "0",
            "injection": -132.91365220271206,
            "x": 62.823466587018395,
            "y": 362.19705776334183,
            "cost_increase": 77,
            "cost_decrease": 2
        },
        "1": {
            "id": "1",
            "injection": 50.22762238003114,
            "x": 260.8126772805563,
            "y": 174.90082029493155,
            "cost_increase": 50,
            "cost_decrease": -19
        },
        "2": {
            "id": "2",
            "injection": 13.94504434674386,
            "x": 150.93030061827085,
            "y": 208.9417296136388,
            "cost_increase": 32,
            "cost_decrease": 39
        },
        "3": {
            "id": "3",
            "injection": 16.878674702140152,
            "x": 344.9233042329744,
            "y": 248.30636405152842,
            "cost_increase": 89,
            "cost_decrease": -7
        },
        "4": {
            "id": "4",
            "injection": 38.16596278728124,
            "x": 186.02449697558336,
            "y": 479.13415249169435,
            "cost_increase": 24,
            "cost_decrease": 24
        },
        "5": {
            "id": "5",
            "injection": 60.24499927277381,
            "x": 314.5405547056229,
            "y": 377.85491372315465,
            "cost_increase": 22,
            "cost_decrease": 13
        },
        "6": {
            "id": "6",
            "injection": -25.920613340615173,
            "x": 188.422123062697,
            "y": 384.9855983489796,
            "cost_increase": 43,
            "cost_decrease": 16
        },
        "7": {
            "id": "7",
            "injection": -20.62803794564298,
            "x": 178.70210862977245,
            "y": 301.87340843795863,
            "cost_increase": 48,
            "cost_decrease": 18
        }
    },
    "lines": {
        "L0-2": {
            "id": "L0-2",
            "from_node": "0",
            "to_node": "2",
            "flow": -54.00000000000003,
            "limit": 50.0
        },
        "L0-4": {
            "id": "L0-4",
            "from_node": "0",
            "to_node": "4",
            "flow": -50.125318563894076,
            "limit": 50.0
        },
        "L0-6": {
            "id": "L0-6",
            "from_node": "0",
            "to_node": "6",
            "flow": -13.248259715524217,
            "limit": 50.0
        },
        "L0-7": {
            "id": "L0-7",
            "from_node": "0",
            "to_node": "7",
            "flow": -15.540073923293752,
            "limit": 50.0
        },
        "L1-2": {
            "id": "L1-2",
            "from_node": "1",
            "to_node": "2",
            "flow": 43.4260593247176,
            "limit": 50.0
        },
        "L1-3": {
            "id": "L1-3",
            "from_node": "1",
            "to_node": "3",
            "flow": 8.337236919472758,
            "limit": 50.0
        },
        "L1-5": {
            "id": "L1-5",
            "from_node": "1",
            "to_node": "5",
            "flow": -1.5356738641591647,
            "limit": 50.0
        },
        "L2-3": {
            "id": "L2-3",
            "from_node": "2",
            "to_node": "3",
            "flow": -35.08882240524484,
            "limit": 50.0
        },
        "L2-7": {
            "id": "L2-7",
            "from_node": "2",
            "to_node": "7",
            "flow": 38.459926076706275,
            "limit": 50.0
        },
        "L3-5": {
            "id": "L3-5",
            "from_node": "3",
            "to_node": "5",
            "flow": -9.872910783631923,
            "limit": 50.0
        },
        "L4-5": {
            "id": "L4-5",
            "from_node": "4",
            "to_node": "5",
            "flow": -48.836414624982716,
            "limit": 50.0
        },
        "L4-6": {
            "id": "L4-6",
            "from_node": "4",
            "to_node": "6",
            "flow": 36.877058848369856,
            "limit": 50.0
        },
        "L6-7": {
            "id": "L6-7",
            "from_node": "6",
            "to_node": "7",
            "flow": -2.2918142077695354,
            "limit": 50.0
        }
    },
    "cost": 0.0,
    "difficulty": "Medium"
}
