{
    "nodes": {
        "0": {
            "id": "0",
            "injection": 50.53852074544291,
            "x": 77.69138860790912,
            "y": 13.843975127247436,
            "cost_increase": 30,
            "cost_decrease": -16
        },
        "1": {
            "id": "1",
            "injection": -25.055359787882054,
            "x": 269.57848032862427,
            "y": 360.9344081755854,
            "cost_increase": 72,
            "cost_decrease": 14
        },
        "2": {
            "id": "2",
            "injection": 42.330789067836974,
            "x": 185.21695209206754,
            "y": -50.156132979317114,
            "cost_increase": 53,
            "cost_decrease": 8
        },
        "3": {
            "id": "3",
            "injection": -19.343848300786632,
            "x": 389.13848532125724,
            "y": 473.33211804653416,
            "cost_increase": 42,
            "cost_decrease": -3
        },
        "4": {
            "id": "4",
            "injection": -4.699938116116044,
            "x": 525.2327121845598,
            "y": 399.73643135685745,
            "cost_increase": 78,
            "cost_decrease": 25
        },
        "5": {
            "id": "5",
            "injection": 23.902995567328556,
            "x": 553.6538454769274,
            "y": 245.9109758901756,
            "cost_increase": 85,
            "cost_decrease": -7
        },
        "6": {
            "id": "6",
            "injection": -70.3299577637551,
            "x": 133.64718751941268,
            "y": 77.88161351978637,
            "cost_increase": 43,
            "cost_decrease": 39
        },
        "7": {
            "id": "7",
            "injection": -87.08488611017403,
            "x": 142.23151830702034,
            "y": 431.3255004805213,
            "cost_increase": 40,
            "cost_decrease": 28
        },
        "8": {
            "id": "8",
            "injection": 26.864489959628063,
            "x": 415.4397256643348,
            "y": 324.3411119188536,
            "cost_increase": 55,
            "cost_decrease": 12
        },
        "9": {
            "id": "9",
            "injection": -24.488051126414035,
            "x": 139.75046025357244,
            "y": 305.6662117608128,
            "cost_increase": 44,
            "cost_decrease": -19
        },
        "10": {
            "id": "10",
            "injection": 18.761396856434533,
            "x": 5.713071095094483,
            "y": -55.77878764153937,
            "cost_increase": 70,
            "cost_decrease": 24
        },
        "11": {
            "id": "11",
            "injection": 17.92722831565373,
            "x": 422.68077975570964,
            "y": 188.7158675195157,
            "cost_increase": 46,
            "cost_decrease": 23
        },
        "12": {
            "id": "12",
            "injection": 0.9634393536623668,
            "x": 1.2718187351633894,
            "y": 98.78530680645757,
            "cost_increase": 99,
            "cost_decrease": 26
        },
        "13": {
            "id": "13",
            "injection": 12.266418512846942,
            "x": 140.83894454982905,
            "y": 181.96251541390404,
            "cost_increase": 95,
            "cost_decrease": 34
        },
        "14": {
            "id": "14",
            "injection": 47.29704466953183,
            "x": 487.1711958969908,
            "y": 98.94864242505153,
            "cost_increase": 92,
            "cost_decrease": 29
        },
        "15": {
            "id": "15",
            "injection": 38.261116344238104,
            "x": 312.6275367889789,
            "y": 69.89684324688602,
            "cost_increase": 98,
            "cost_decrease": 37
        },
        "16": {
            "id": "16",
            "injection": 14.545182867259744,
            "x": 321.95660522498906,
            "y": 226.9366238509747,
            "cost_increase": 59,
            "cost_decrease": 3
        },
        "17": {
            "id": "17",
            "injection": -62.65658105473588,
            "x": 246.1202229331312,
            "y": 506.04614616735466,
            "cost_increase": 47,
            "cost_decrease": -6
        }
    },
    "lines": {
        "L0-2": {
            "id": "L0-2",
            "from_node": "0",
            "to_node": "2",
            "flow": 1.5662620888987506,
            "limit": 50.0
        },
        "L0-10": {
            "id": "L0-10",
            "from_node": "0",
            "to_node": "10",
            "flow": 0.0014790117954862165,
            "limit": 50.0
        },
        "L0-12": {
            "id": "L0-12",
            "from_node": "0",
            "to_node": "12",
            "flow": 17.199571802922243,
            "limit": 50.0
        },
        "L0-6": {
            "id": "L0-6",
            "from_node": "0",
            "to_node": "6",
            "flow": 31.77120784182639,
            "limit": 50.0
        },
        "L1-3": {
            "id": "L1-3",
            "from_node": "1",
            "to_node": "3",
            "flow": -6.7111747142564155,
            "limit": 50.0
        },
        "L1-7": {
            "id": "L1-7",
            "from_node": "1",
            "to_node": "7",
            "flow": 40.50349695544732,
            "limit": 50.0
        },
        "L1-8": {
            "id": "L1-8",
            "from_node": "1",
            "to_node": "8",
            "flow": -42.20052230839041,
            "limit": 50.0
        },
        "L1-9": {
            "id": "L1-9",
            "from_node": "1",
            "to_node": "9",
            "flow": 2.2759703241923575,
            "limit": 50.0
        },
        "L1-16": {
            "id": "L1-16",
            "from_node": "1",
            "to_node": "16",
            "flow": -51.07276447685052,
            "limit": 50.0
        },
        "L1-17": {
            "id": "L1-17",
            "from_node": "1",
            "to_node": "17",
            "flow": 32.1496344319756,
            "limit": 50.0
        },
        "L2-6": {
            "id": "L2-6",
            "from_node": "2",
            "to_node": "6",
            "flow": 30.20494575292764,
            "limit": 50.0
        },
        "L2-10": {
            "id": "L2-10",
            "from_node": "2",
            "to_node": "10",
            "flow": -1.5647830771032645,
            "limit": 50.0
        },
        "L2-15": {
            "id": "L2-15",
            "from_node": "2",
            "to_node": "15",
            "flow": 15.256888480911353,
            "limit": 50.0
        },
        "L3-8": {
            "id": "L3-8",
            "from_node": "3",
            "to_node": "8",
            "flow": -35.489347594133996,
            "limit": 50.0
        },
        "L3-4": {
            "id": "L3-4",
            "from_node": "3",
            "to_node": "4",
            "flow": -29.426484567141067,
            "limit": 50.0
        },
        "L3-17": {
            "id": "L3-17",
            "from_node": "3",
            "to_node": "17",
            "flow": 38.860809146232015,
            "limit": 50.0
        },
        "L4-8": {
            "id": "L4-8",
            "from_node": "4",
            "to_node": "8",
            "flow": -6.062863026992929,
            "limit": 50.0
        },
        "L4-5": {
            "id": "L4-5",
            "from_node": "4",
            "to_node": "5",
            "flow": -28.063559656264157,
            "limit": 50.0
        },
        "L5-8": {
            "id": "L5-8",
            "from_node": "5",
            "to_node": "8",
            "flow": 22.00069662927123,
            "limit": 50.0
        },
        "L5-11": {
            "id": "L5-11",
            "from_node": "5",
            "to_node": "11",
            "flow": -4.014607542886694,
            "limit": 50.0
        },
        "L5-14": {
            "id": "L5-14",
            "from_node": "5",
            "to_node": "14",
            "flow": -22.14665317532015,