{
    "nodes": {
        "0": {
            "id": "0",
            "injection": 89.80312982321486,
            "x": 490.94727742467774,
            "y": 274.92468593517077,
            "cost_increase": 92,
            "cost_decrease": 34
        },
        "1": {
            "id": "1",
            "injection": -71.56219420434164,
            "x": 374.6413086022444,
            "y": 277.5970888295995,
            "cost_increase": 83,
            "cost_decrease": 20
        },
        "2": {
            "id": "2",
            "injection": -28.116538621285137,
            "x": 212.91433008876572,
            "y": 370.4440343790321,
            "cost_increase": 93,
            "cost_decrease": -14
        },
        "3": {
            "id": "3",
            "injection": 55.37595226662431,
            "x": 383.4455181614693,
            "y": 409.4676887654548,
            "cost_increase": 37,
            "cost_decrease": 27
        },
        "4": {
            "id": "4",
            "injection": -122.0723123955024,
            "x": 207.91185839209766,
            "y": 192.86929080345945,
            "cost_increase": 64,
            "cost_decrease": -19
        },
        "5": {
            "id": "5",
            "injection": 88.46181169462513,
            "x": 278.7314392739811,
            "y": 279.5969453165791,
            "cost_increase": 40,
            "cost_decrease": 29
        },
        "6": {
            "id": "6",
            "injection": -11.889848563335121,
            "x": 377.51403216775964,
            "y": 144.1389104591762,
            "cost_increase": 80,
            "cost_decrease": 29
        }
    },
    "lines": {
        "L0-1": {
            "id": "L0-1",
            "from_node": "0",
            "to_node": "1",
            "flow": 37.29103439794622,
            "limit": 50.0
        },
        "L0-3": {
            "id": "L0-3",
            "from_node": "0",
            "to_node": "3",
            "flow": 9.755185117450006,
            "limit": 50.0
        },
        "L0-6": {
            "id": "L0-6",
            "from_node": "0",
            "to_node": "6",
            "flow": 42.75691030781865,
            "limit": 50.0
        },
        "L1-3": {
            "id": "L1-3",
            "from_node": "1",
            "to_node": "3",
            "flow": -27.535849280496215,
            "limit": 50.0
        },
        "L1-5": {
            "id": "L1-5",
            "from_node": "1",
            "to_node": "5",
            "flow": -12.201186435771621,
            "limit": 50.0
        },
        "L1-6": {
            "id": "L1-6",
            "from_node": "1",
            "to_node": "6",
            "flow": 5.46587590987243,
            "limit": 50.0
        },
        "L2-3": {
            "id": "L2-3",
            "from_node": "2",
            "to_node": "3",
            "flow": -37.5952881035781,
            "limit": 50.0
        },
        "L2-4": {
            "id": "L2-4",
            "from_node": "2",
            "to_node": "4",
            "flow": 31.739374741146484,
            "limit": 50.0
        },
        "L2-5": {
            "id": "L2-5",
            "from_node": "2",
            "to_node": "5",
            "flow": -22.260625258853505,
            "limit": 50.0
        },
        "L4-5": {
            "id": "L4-5",
            "from_node": "4",
            "to_node": "5",
            "flow": -53.999999999999986,
            "limit": 50.0
        },
        "L4-6": {
            "id": "L4-6",
            "from_node": "4",
            "to_node": "6",
            "flow": -36.33293765435594,
            "limit": 50.0
        }
    },
    "cost": 0.0,
    "difficulty": "Easy"
}
