{
    "nodes": {
        "0": {
            "id": "0",
            "injection": -20.026263803177866,
            "x": 48.61664154952487,
            "y": 214.66988783369155,
            "cost_increase": 84,
            "cost_decrease": 18
        },
        "1": {
            "id": "1",
            "injection": 83.66206116042062,
            "x": 442.0819101613789,
            "y": 97.99372243869448,
            "cost_increase": 43,
            "cost_decrease": 26
        },
        "2": {
            "id": "2",
            "injection": -6.8904794573966095,
            "x": 19.834860797264003,
            "y": 357.52799249305764,
            "cost_increase": 29,
            "cost_decrease": 30
        },
        "3": {
            "id": "3",
            "injection": -73.53172839465005,
            "x": 432.06827495197405,
            "y": 264.5698727236811,
            "cost_increase": 58,
            "cost_decrease": 38
        },
        "4": {
            "id": "4",
            "injection": -38.68757251889778,
            "x": 218.0516737897266,
            "y": 102.40871103800009,
            "cost_increase": 92,
            "cost_decrease": 26
        },
        "5": {
            "id": "5",
            "injection": 45.07496249172515,
            "x": 379.6769980260477,
            "y": 506.49348514493977,
            "cost_increase": 81,
            "cost_decrease": 0
        },
        "6": {
            "id": "6",
            "injection": -5.2381125197937966,
            "x": 324.32133612633527,
            "y": 158.53184564937035,
            "cost_increase": 49,
            "cost_decrease": 15
        },
        "7": {
            "id": "7",
            "injection": -66.22690997955651,
            "x": 175.53043413720837,
            "y": 355.8288495655536,
            "cost_increase": 79,
            "cost_decrease": -2
        },
        "8": {
            "id": "8",
            "injection": 47.243445810184674,
            "x": 311.2476892236893,
            "y": 277.56664892446656,
            "cost_increase": 61,
            "cost_decrease": -11
        },
        "9": {
            "id": "9",
            "injection": 64.06828908827126,
            "x": 121.9315751335678,
            "y": 51.66351854994369,
            "cost_increase": 51,
            "cost_decrease": 37
        },
        "10": {
            "id": "10",
            "injection": 106.95126427533192,
            "x": 284.9545241182709,
            "y": -3.494034031791033,
            "cost_increase": 39,
            "cost_decrease": -6
        },
        "11": {
            "id": "11",
            "injection": 14.98361023949678,
            "x": 84.98077395975396,
            "y": 480.1763069824953,
            "cost_increase": 36,
            "cost_decrease": 32
        },
        "12": {
            "id": "12",
            "injection": -61.40435217490887,
            "x": 550.8310665391725,
            "y": 233.42112979307203,
            "cost_increase": 29,
            "cost_decrease": 27
        },
        "13": {
            "id": "13",
            "injection": -30.01405037539261,
            "x": 216.65189828304662,
            "y": 224.67516985538236,
            "cost_increase": 84,
            "cost_decrease": -4
        },
        "14": {
            "id": "14",
            "injection": -2.7087366667036434,
            "x": 503.70336486261454,
            "y": 393.79882281602454,
            "cost_increase": 40,
            "cost_decrease": 39
        },
        "15": {
            "id": "15",
            "injection": -56.498095348911,
            "x": 349.20998892737714,
            "y": 381.72153686440004,
            "cost_increase": 54,
            "cost_decrease": 33
        },
        "16": {
            "id": "16",
            "injection": -0.7573318260416653,
            "x": 220.17469316328302,
            "y": 521.7942280661359,
            "cost_increase": 73,
            "cost_decrease": 32
        }
    },
    "lines": {
        "L0-9": {
            "id": "L0-9",
            "from_node": "0",
            "to_node": "9",
            "flow": -51.125737009137644,
            "limit": 50.0
        },
        "L0-2": {
            "id": "L0-2",
            "from_node": "0",
            "to_node": "2",
            "flow": 11.779957679290613,
            "limit": 50.0
        },
        "L0-7": {
            "id": "L0-7",
            "from_node": "0",
            "to_node": "7",
            "flow": 19.319515526669132,
            "limit": 50.0
        },
        "L1-3": {
            "id": "L1-3",
            "from_node": "1",
            "to_node": "3",
            "flow": 52.138095277151486,
            "limit": 50.0
        },
        "L1-6": {
            "id": "L1-6",
            "from_node": "1",
            "to_node": "6",
            "flow": 19.075099992752666,
            "limit": 50.0
        },
        "L1-10": {
            "id": "L1-10",
            "from_node": "1",
            "to_node": "10",
            "flow": -41.551134109483556,
            "limit": 50.0
        },
        "L1-12": {
            "id": "L1-12",
            "from_node": "1",
            "to_node": "12",
            "flow": 54.000000000000014,
            "limit": 50.0
        },
        "L2-11": {
            "id": "L2-11",
            "from_node": "2",
            "to_node": "11",
            "flow": -2.650079625484512,
            "limit": 50.0
        },
        "L2-7": {
            "id": "L2-7",
            "from_node": "2",
            "to_node": "7",
            "flow": 7.53955784737852,
            "limit": 50.0
        },
        "L3-8": {
            "id": "L3-8",
            "from_node": "3",
            "to_node": "8",
            "flow": -20.745227641645926,
            "limit": 50.0
        },
        "L3-12": {
            "id": "L3-12",
            "from_node": "3",
            "to_node": "12",
            "flow": 1.861904722848525,
            "limit": 50.0
        },
        "L3-14": {
            "id": "L3-14",
            "from_node": "3",
            "to_node": "14",
            "flow": -3.680542729211812,
            "limit": 50.0
        },
        "L3-15": {
            "id": "L3-15",
            "from_node": "3",
            "to_node": "15",
            "flow": 1.170232530510642,
            "limit": 50.0
        },
        "L4-9": {
            "id": "L4-9",
            "from_node": "4",
            "to_node": "9",
            "flow": -30.42841144137188,
            "limit": 50.0
        },
        "L4-10": {
            "id": "L4-10",
            "from_node": "4",
            "to_node": "10",
            "flow": -47.91427080361013,
            "limit": 50.0
        },
        "L4-13": {
            "id": "L4-13",
            "from_node": "4",
            "to_node": "13",
            "flow": 26.94314642745815,
            "limit": 50.0
        },
        "L4-6": {
            "id": "L4-6",
            "from_node": "4",
            "to_node": "6",
            "flow": 12.711963298626088,
            "limit": 50.0
        },
        "L5-16": {
            "id": "L5-16",
            "from_node": "5",
            "to_node": "16",
            "flow": 6.659183016606234,
            "limit": 50.0
        },
        "L5-14": {
            "id": "L5-14",
            "from_node": "5",
            "to_node": "14",
            "flow": 16.78250210769823,
            "limit": 50.0
        },
        "L5-15": {
            "id": "L5-15",
            "from_node": "5",
            "to_node": "15",
            "flow": 21.633277367420686,
            "limit": 50.0
        },
        "L6-8": {
            "id": "L6-8",
            "from_node": "6",
            "to_node": "8",
            "flow": 12.317767642752894,
            "limit": 50.0
        },
        "L6-13": {
            "id": "L6-13",
            "from_node": "6",
            "to_node": "13",
            "flow": 14.231183128832061,
            "limit": 50.0
        },