{
    "nodes": {
        "0": {
            "id": "0",
            "injection": -17.57243274718953,
            "x": 62.828980972885844,
            "y": 286.1420779042049,
            "cost_increase": 21,
            "cost_decrease": -1
        },
        "1": {
            "id": "1",
            "injection": -14.433194592894667,
            "x": 223.79550720152213,
            "y": 441.8581714513541,
            "cost_increase": 60,
            "cost_decrease": 26
        },
        "2": {
            "id": "2",
            "injection": 112.97017280667083,
            "x": 143.42365906457863,
            "y": 133.80517645931425,
            "cost_increase": 85,
            "cost_decrease": 17
        },
        "3": {
            "id": "3",
            "injection": -56.89211933341456,
            "x": 229.90185586449786,
            "y": 334.2351311975359,
            "cost_increase": 61,
            "cost_decrease": 30
        },
        "4": {
            "id": "4",
            "injection": -52.57260865320248,
            "x": 205.42586915375134,
            "y": 221.49742549753495,
            "cost_increase": 20,
            "cost_decrease": 32
        },
        "5": {
            "id": "5",
            "injection": 2.1451343456778265,
            "x": 302.91175011324145,
            "y": 180.11217032493875,
            "cost_increase": 40,
            "cost_decrease": 1
        },
        "6": {
            "id": "6",
            "injection": 118.42154567653597,
            "x": 401.13859209310243,
            "y": 161.92006907752813,
            "cost_increase": 33,
            "cost_decrease": -17
        },
        "7": {
            "id": "7",
            "injection": -18.884707601120606,
            "x": 123.0377276167677,
            "y": 57.37490862606889,
            "cost_increase": 76,
            "cost_decrease": -17
        },
        "8": {
            "id": "8",
            "injection": -27.53023089632981,
            "x": 282.0749539150879,
            "y": 41.52822658249979,
            "cost_increase": 77,
            "cost_decrease": -17
        },
        "9": {
            "id": "9",
            "injection": -1.9376336001734864,
            "x": 3.8044166753972464,
            "y": 103.7668470528063,
            "cost_increase": 100,
            "cost_decrease": -8
        },
        "10": {
            "id": "10",
            "injection": -28.352998112601746,
            "x": 123.94614805163008,
            "y": -30.950767274154774,
            "cost_increase": 61,
            "cost_decrease": 35
        },
        "11": {
            "id": "11",
            "injection": -45.85461971090533,
            "x": 107.60800804069757,
            "y": 384.8846589191935,
            "cost_increase": 73,
            "cost_decrease": 40
        },
        "12": {
            "id": "12",
            "injection": 103.0194618822943,
            "x": 95.90777330491404,
            "y": 201.70297368282837,
            "cost_increase": 46,
            "cost_decrease": 30
        },
        "13": {
            "id": "13",
            "injection": -72.52576946334669,
            "x": 323.6710987811255,
            "y": 314.874939753089,
            "cost_increase": 52,
            "cost_decrease": 22
        }
    },
    "lines": {
        "L0-9": {
            "id": "L0-9",
            "from_node": "0",
            "to_node": "9",
            "flow": -22.2030045925965,
            "limit": 50.0
        },
        "L0-11": {
            "id": "L0-11",
            "from_node": "0",
            "to_node": "11",
            "flow": 28.17753300903711,
            "limit": 50.0
        },
        "L0-12": {
            "id": "L0-12",
            "from_node": "0",
            "to_node": "12",
            "flow": -41.72059829392413,
            "limit": 50.0
        },
        "L0-13": {
            "id": "L0-13",
            "from_node": "0",
            "to_node": "13",
            "flow": 18.17363713029404,
            "limit": 50.0
        },
        "L1-11": {
            "id": "L1-11",
            "from_node": "1",
            "to_node": "11",
            "flow": -4.722114766139786,
            "limit": 50.0
        },
        "L1-3": {
            "id": "L1-3",
            "from_node": "1",
            "to_node": "3",
            "flow": 5.014930818127972,
            "limit": 50.0
        },
        "L1-13": {
            "id": "L1-13",
            "from_node": "1",
            "to_node": "13",
            "flow": -14.726010644882855,
            "limit": 50.0
        },
        "L2-4": {
            "id": "L2-4",
            "from_node": "2",
            "to_node": "4",
            "flow": 53.21658978286391,
            "limit": 50.0
        },
        "L2-7": {
            "id": "L2-7",
            "from_node": "2",
            "to_node": "7",
            "flow": 28.80066942665789,
            "limit": 50.0
        },
        "L2-9": {
            "id": "L2-9",
            "from_node": "2",
            "to_node": "9",
            "flow": 25.23525364923833,
            "limit": 50.0
        },
        "L2-12": {
            "id": "L2-12",
            "from_node": "2",
            "to_node": "12",
            "flow": 5.717659947910704,
            "limit": 50.0
        },
        "L3-4": {
            "id": "L3-4",
            "from_node": "3",
            "to_node": "4",
            "flow": -32.136247052275785,
            "limit": 50.0
        },
        "L3-13": {
            "id": "L3-13",
            "from_node": "3",
            "to_node": "13",
            "flow": -19.740941463010827,
            "limit": 50.0
        },
        "L4-5": {
            "id": "L4-5",
            "from_node": "4",
            "to_node": "5",
            "flow": -10.028473262416401,
            "limit": 50.0
        },
        "L4-8": {
            "id": "L4-8",
            "from_node": "4",
            "to_node": "8",
            "flow": -8.759369882517705,
            "limit": 50.0
        },
        "L4-11": {
            "id": "L4-11",
            "from_node": "4",
            "to_node": "11",
            "flow": 22.399201468008023,
            "limit": 50.0
        },
        "L4-12": {
            "id": "L4-12",
            "from_node": "4",
            "to_node": "12",
            "flow": -47.49892983495321,
            "limit": 50.0
        },
        "L4-13": {
            "id": "L4-13",
            "from_node": "4",
            "to_node": "13",
            "flow": 12.395305589264954,
            "limit": 50.0
        },
        "L5-8": {
            "id": "L5-8",
            "from_node": "5",
            "to_node": "8",
            "flow": 1.2691033798986964,
            "limit": 50.0
        },
        "L5-13": {
            "id": "L5-13",
            "from_node": "5",
            "to_node": "13",
            "flow": 22.423778851681355,
            "limit": 50.0
        },
        "L5-6": {
            "id": "L5-6",
            "from_node": "5",
            "to_node": "6",
            "flow": -31.57622114831863,
            "limit": 50.0
        },
        "L6-8": {
            "id": "L6-8",
            "from_node": "6",
            "to_node": "8",
            "flow": 32.845324528217326,
            "limit": 50.0
        },
        "L6-13": {
            "id": "L6-13",
            "from_node": "6",
            "to_node": "13",
            "flow": 53.999999999999986,
            "limit": 50.0
        },
        "L7-9": {
            "id": "L7-9",
            "from_node": "7",
            "to_node": "9",
            "flow": -3.5654157774195596,
            "limit": 50.0
        },
        "L7-10": {
            "id": "L7-10",
            "from_node": "7",
            "to_node": "10",
            "flow": 13.481377602956837,
            "limit": 50.0
        },
        "L8-10": {
            "id": "L8-10",
            "from_node": "8",
            "to_node": "10",
            "flow": -2.1751728707314846,
            "limit": 50.0
        },