{
    "nodes": {
        "0": {
            "id": "0",
            "injection": 25.208872037633633,
            "x": 288.3331576619889,
            "y": 288.3810075597574,
            "cost_increase": 91,
            "cost_decrease": -7
        },
        "1": {
            "id": "1",
            "injection": 24.660941466463964,
            "x": 374.4086478634927,
            "y": 153.66959799849417,
            "cost_increase": 20,
            "cost_decrease": 30
        },
        "2": {
            "id": "2",
            "injection": 44.56542901013497,
            "x": 254.09867814907466,
            "y": 221.40705669421735,
            "cost_increase": 47,
            "cost_decrease": 36
        },
        "3": {
            "id": "3",
            "injection": 3.474890759451153,
            "x": 400.7722614407429,
            "y": 308.02171533597675,
            "cost_increase": 33,
            "cost_decrease": 4
        },
        "4": {
            "id": "4",
            "injection": -92.93424141233584,
            "x": 123.52373106467392,
            "y": 177.79306647237598,
            "cost_increase": 64,
            "cost_decrease": 27
        },
        "5": {
            "id": "5",
            "injection": 40.7959314736626,
            "x": 157.7437680006752,
            "y": 333.13942952589053,
            "cost_increase": 36,
            "cost_decrease": -2
        },
        "6": {
            "id": "6",
            "injection": -85.33951827612228,
            "x": 240.25488828254544,
            "y": 83.21657575705088,
            "cost_increase": 54,
            "cost_decrease": 7
        },
        "7": {
            "id": "7",
            "injection": 39.5676949411118,
            "x": 304.66911666796136,
            "y": 412.8917838260692,
            "cost_increase": 59,
            "cost_decrease": 35
        }
    },
    "lines": {
        "L0-1": {
            "id": "L0-1",
            "from_node": "0",
            "to_node": "1",
            "flow": 19.572495599908294,
            "limit": 50.0
        },
        "L0-5": {
            "id": "L0-5",
            "from_node": "0",
            "to_node": "5",
            "flow": 11.093468613264553,
            "limit": 50.0
        },
        "L0-7": {
            "id": "L0-7",
            "from_node": "0",
            "to_node": "7",
            "flow": -5.457092175539234,
            "limit": 50.0
        },
        "L1-2": {
            "id": "L1-2",
            "from_node": "1",
            "to_node": "2",
            "flow": 6.095841138862433,
            "limit": 50.0
        },
        "L1-3": {
            "id": "L1-3",
            "from_node": "1",
            "to_node": "3",
            "flow": -7.469545798678748,
            "limit": 50.0
        },
        "L1-6": {
            "id": "L1-6",
            "from_node": "1",
            "to_node": "6",
            "flow": 45.60714172618859,
            "limit": 50.0
        },
        "L2-3": {
            "id": "L2-3",
            "from_node": "2",
            "to_node": "3",
            "flow": -13.56538693754118,
            "limit": 50.0
        },
        "L2-4": {
            "id": "L2-4",
            "from_node": "2",
            "to_node": "4",
            "flow": 39.2902246247186,
            "limit": 50.0
        },
        "L2-5": {
            "id": "L2-5",
            "from_node": "2",
            "to_node": "5",
            "flow": -14.574868125506173,
            "limit": 50.0
        },
        "L2-6": {
            "id": "L2-6",
            "from_node": "2",
            "to_node": "6",
            "flow": 39.511300587326154,
            "limit": 50.0
        },
        "L3-7": {
            "id": "L3-7",
            "from_node": "3",
            "to_node": "7",
            "flow": -17.56004197676878,
            "limit": 50.0
        },
        "L4-5": {
            "id": "L4-5",
            "from_node": "4",
            "to_node": "5",
            "flow": -53.86509275022477,
            "limit": 50.0
        },
        "L4-6": {
            "id": "L4-6",
            "from_node": "4",
            "to_node": "6",
            "flow": 0.22107596260755713,
            "limit": 50.0
        },
        "L5-7": {
            "id": "L5-7",
            "from_node": "5",
            "to_node": "7",
            "flow": -16.550560788803786,
            "limit": 50.0
        }
    },
    "cost": 0.0,
    "difficulty": "Easy"
}
