{
    "nodes": {
        "0": {
            "id": "0",
            "injection": -97.83915475148511,
            "x": 21.69324836206444,
            "y": 277.7191882246391,
            "cost_increase": 73,
            "cost_decrease": 40
        },
        "1": {
            "id": "1",
            "injection": 29.785816334900662,
            "x": 315.9218547069722,
            "y": 378.2940885081819,
            "cost_increase": 62,
            "cost_decrease": -5
        },
        "2": {
            "id": "2",
            "injection": 15.291400554152341,
            "x": 111.9229305939423,
            "y": 311.52199233316804,
            "cost_increase": 60,
            "cost_decrease": 33
        },
        "3": {
            "id": "3",
            "injection": 75.62132456453756,
            "x": 128.76391769658696,
            "y": 426.4760162446165,
            "cost_increase": 98,
            "cost_decrease": 20
        },
        "4": {
            "id": "4",
            "injection": 88.08364058102391,
            "x": 257.16117681611684,
            "y": 208.02001826803897,
            "cost_increase": 38,
            "cost_decrease": -5
        },
        "5": {
            "id": "5",
            "injection": 38.637805237543944,
            "x": 299.750616859227,
            "y": 88.22725116254355,
            "cost_increase": 80,
            "cost_decrease": 40
        },
        "6": {
            "id": "6",
            "injection": -31.37855399082261,
            "x": 394.52345625856697,
            "y": 221.29594993863114,
            "cost_increase": 90,
            "cost_decrease": 40
        },
        "7": {
            "id": "7",
            "injection": 32.462714396441875,
            "x": 242.28500816285145,
            "y": 321.301608314756,
            "cost_increase": 94,
            "cost_decrease": -17
        },
        "8": {
            "id": "8",
            "injection": -56.510177495043806,
            "x": 129.8205933922424,
            "y": 122.32743531990548,
            "cost_increase": 93,
            "cost_decrease": 9
        },
        "9": {
            "id": "9",
            "injection": -94.1548154312488,
            "x": 169.7925330871941,
            "y": 280.79666155423934,
            "cost_increase": 77,
            "cost_decrease": -1
        }
    },
    "lines": {
        "L0-8": {
            "id": "L0-8",
            "from_node": "0",
            "to_node": "8",
            "flow": -16.235496885224663,
            "limit": 50.0
        },
        "L0-2": {
            "id": "L0-2",
            "from_node": "0",
            "to_node": "2",
            "flow": -27.60365786626041,
            "limit": 50.0
        },
        "L0-3": {
            "id": "L0-3",
            "from_node": "0",
            "to_node": "3",
            "flow": -54.00000000000001,
            "limit": 50.0
        },
        "L1-3": {
            "id": "L1-3",
            "from_node": "1",
            "to_node": "3",
            "flow": 4.775017569202035,
            "limit": 50.0
        },
        "L1-4": {
            "id": "L1-4",
            "from_node": "1",
            "to_node": "4",
            "flow": 4.631936297613933,
            "limit": 50.0
        },
        "L1-6": {
            "id": "L1-6",
            "from_node": "1",
            "to_node": "6",
            "flow": 14.570640326169631,
            "limit": 50.0
        },
        "L1-7": {
            "id": "L1-7",
            "from_node": "1",
            "to_node": "7",
            "flow": 5.808222141915067,
            "limit": 50.0
        },
        "L2-3": {
            "id": "L2-3",
            "from_node": "2",
            "to_node": "3",
            "flow": -26.396342133739598,
            "limit": 50.0
        },
        "L2-9": {
            "id": "L2-9",
            "from_node": "2",
            "to_node": "9",
            "flow": 14.084084821631517,
            "limit": 50.0
        },
        "L4-5": {
            "id": "L4-5",
            "from_node": "4",
            "to_node": "5",
            "flow": 3.0694943924584024,
            "limit": 50.0
        },
        "L4-6": {
            "id": "L4-6",
            "from_node": "4",
            "to_node": "6",
            "flow": 9.938704028555698,
            "limit": 50.0
        },
        "L4-7": {
            "id": "L4-7",
            "from_node": "4",
            "to_node": "7",
            "flow": 1.176285844301134,
            "limit": 50.0
        },
        "L4-8": {
            "id": "L4-8",
            "from_node": "4",
            "to_node": "8",
            "flow": 37.907584386363446,
            "limit": 50.0
        },
        "L4-9": {
            "id": "L4-9",
            "from_node": "4",
            "to_node": "9",
            "flow": 40.62350822695922,
            "limit": 50.0
        },
        "L5-8": {
            "id": "L5-8",
            "from_node": "5",
            "to_node": "8",
            "flow": 34.838089993905044,
            "limit": 50.0
        },
        "L5-6": {
            "id": "L5-6",
            "from_node": "5",
            "to_node": "6",
            "flow": 6.869209636097295,
            "limit": 50.0
        },
        "L7-9": {
            "id": "L7-9",
            "from_node": "7",
            "to_node": "9",
            "flow": 39.44722238265808,
            "limit": 50.0
        }
    },
    "cost": 0.0,
    "difficulty": "Easy"
}
