{
    "nodes": {
        "0": {
            "id": "0",
            "injection": 28.549849865901123,
            "x": 295.2517556234497,
            "y": 198.87823440033227,
            "cost_increase": 56,
            "cost_decrease": -3
        },
        "1": {
            "id": "1",
            "injection": 16.443887930493414,
            "x": 384.71948197257484,
            "y": 296.268569365251,
            "cost_increase": 43,
            "cost_decrease": 30
        },
        "2": {
            "id": "2",
            "injection": 31.206478698061233,
            "x": 100.80825905592953,
            "y": 336.4065160324215,
            "cost_increase": 100,
            "cost_decrease": -17
        },
        "3": {
            "id": "3",
            "injection": 18.418153212210033,
            "x": 257.4332107076667,
            "y": 371.54113391428467,
            "cost_increase": 92,
            "cost_decrease": -9
        },
        "4": {
            "id": "4",
            "injection": 39.14704462212428,
            "x": 417.14628077620216,
            "y": 145.95683374790974,
            "cost_increase": 21,
            "cost_decrease": -6
        },
        "5": {
            "id": "5",
            "injection": 0.8617949226695024,
            "x": -35.49836505635602,
            "y": 237.48714393670943,
            "cost_increase": 72,
            "cost_decrease": -13
        },
        "6": {
            "id": "6",
            "injection": 46.05146277027472,
            "x": 43.81915568715792,
            "y": 283.6515810506943,
            "cost_increase": 79,
            "cost_decrease": 30
        },
        "7": {
            "id": "7",
            "injection": 38.79671132055862,
            "x": 130.23099630771688,
            "y": 452.88780685593173,
            "cost_increase": 59,
            "cost_decrease": 39
        },
        "8": {
            "id": "8",
            "injection": -135.86715714341383,
            "x": 147.62937875242505,
            "y": 193.73164112802758,
            "cost_increase": 98,
            "cost_decrease": 21
        },
        "9": {
            "id": "9",
            "injection": 45.33081095083007,
            "x": 283.04538306635493,
            "y": 81.88880160304646,
            "cost_increase": 47,
            "cost_decrease": 33
        },
        "10": {
            "id": "10",
            "injection": -128.9390371497091,
            "x": -19.454087142891396,
            "y": 396.08271915236855,
            "cost_increase": 41,
            "cost_decrease": 10
        }
    },
    "lines": {
        "L0-1": {
            "id": "L0-1",
            "from_node": "0",
            "to_node": "1",
            "flow": -3.482988391798578,
            "limit": 50.0
        },
        "L0-4": {
            "id": "L0-4",
            "from_node": "0",
            "to_node": "4",
            "flow": -15.318175395735157,
            "limit": 50.0
        },
        "L0-8": {
            "id": "L0-8",
            "from_node": "0",
            "to_node": "8",
            "flow": 50.67550682671739,
            "limit": 50.0
        },
        "L0-9": {
            "id": "L0-9",
            "from_node": "0",
            "to_node": "9",
            "flow": -3.324493173282608,
            "limit": 50.0
        },
        "L1-3": {
            "id": "L1-3",
            "from_node": "1",
            "to_node": "3",
            "flow": 24.796086542631414,
            "limit": 50.0
        },
        "L1-4": {
            "id": "L1-4",
            "from_node": "1",
            "to_node": "4",
            "flow": -11.835187003936579,
            "limit": 50.0
        },
        "L2-7": {
            "id": "L2-7",
            "from_node": "2",
            "to_node": "7",
            "flow": -9.23816032459549,
            "limit": 50.0
        },
        "L2-8": {
            "id": "L2-8",
            "from_node": "2",
            "to_node": "8",
            "flow": 6.27241727233217,
            "limit": 50.0
        },
        "L2-10": {
            "id": "L2-10",
            "from_node": "2",
            "to_node": "10",
            "flow": 34.17222175032455,
            "limit": 50.0
        },
        "L3-7": {
            "id": "L3-7",
            "from_node": "3",
            "to_node": "7",
            "flow": 13.851831078956891,
            "limit": 50.0
        },
        "L3-8": {
            "id": "L3-8",
            "from_node": "3",
            "to_node": "8",
            "flow": 29.362408675884552,
            "limit": 50.0
        },
        "L4-9": {
            "id": "L4-9",
            "from_node": "4",
            "to_node": "9",
            "flow": 11.993682222452549,
            "limit": 50.0
        },
        "L5-8": {
            "id": "L5-8",
            "from_node": "5",
            "to_node": "8",
            "flow": -7.870296296710791,
            "limit": 50.0
        },
        "L5-10": {
            "id": "L5-10",
            "from_node": "5",
            "to_node": "10",
            "flow": 20.029508181281592,
            "limit": 50.0
        },
        "L5-6": {
            "id": "L5-6",
            "from_node": "5",
            "to_node": "6",
            "flow": -11.297416961901313,
            "limit": 50.0
        },
        "L6-8": {
            "id": "L6-8",
            "from_node": "6",
            "to_node": "8",
            "flow": 3.4271206651905217,
            "limit": 50.0
        },
        "L6-10": {
            "id": "L6-10",
            "from_node": "6",
            "to_node": "10",
            "flow": 31.326925143182905,
            "limit": 50.0
        },
        "L7-10": {
            "id": "L7-10",
            "from_node": "7",
            "to_node": "10",
            "flow": 43.410382074920044,
            "limit": 50.0
        },
        "L8-9": {
            "id": "L8-9",
            "from_node": "8",
            "to_node": "9",
            "flow": -54.0,
            "limit": 50.0
        }
    },
    "cost": 0.0,
    "difficulty": "Easy"
}
