{
    "nodes": {
        "0": {
            "id": "0",
            "injection": -58.003557901861086,
            "x": 286.7957724204688,
            "y": 463.3781390902844,
            "cost_increase": 20,
            "cost_decrease": -12
        },
        "1": {
            "id": "1",
            "injection": -17.83644203119304,
            "x": 536.9497821417981,
            "y": 295.45206638530453,
            "cost_increase": 65,
            "cost_decrease": -14
        },
        "2": {
            "id": "2",
            "injection": 86.24205992970569,
            "x": 160.31653673866265,
            "y": -32.226270493174574,
            "cost_increase": 107,
            "cost_decrease": 28
        },
        "3": {
            "id": "3",
            "injection": -56.599884824590255,
            "x": 543.005070748686,
            "y": 141.5010898300035,
            "cost_increase": 24,
            "cost_decrease": 45
        },
        "4": {
            "id": "4",
            "injection": -74.16185779466936,
            "x": 408.64135666330617,
            "y": 39.100417310040186,
            "cost_increase": 71,
            "cost_decrease": -11
        },
        "5": {
            "id": "5",
            "injection": 59.64912380822307,
            "x": 314.4186922105375,
            "y": 550.8966296617882,
            "cost_increase": 75,
            "cost_decrease": -20
        },
        "6": {
            "id": "6",
            "injection": -43.451580587502505,
            "x": 374.0732351695793,
            "y": 371.18275805551434,
            "cost_increase": 75,
            "cost_decrease": 15
        },
        "7": {
            "id": "7",
            "injection": -84.2024101076603,
            "x": -5.8763068256897295,
            "y": 326.5772814569524,
            "cost_increase": 32,
            "cost_decrease": -20
        },
        "8": {
            "id": "8",
            "injection": 111.69034544459552,
            "x": 199.06914405240627,
            "y": 437.019548809327,
            "cost_increase": 81,
            "cost_decrease": -1
        },
        "9": {
            "id": "9",
            "injection": -24.215045691878135,
            "x": 290.00355639861846,
            "y": -35.737541989203564,
            "cost_increase": 20,
            "cost_decrease": -20
        },
        "10": {
            "id": "10",
            "injection": 102.09600282255302,
            "x": -8.43498838592365,
            "y": 176.19846957011458,
            "cost_increase": 72,
            "cost_decrease": -16
        },
        "11": {
            "id": "11",
            "injection": 4.814697387767749,
            "x": 450.6908847505991,
            "y": 236.10040418982962,
            "cost_increase": 27,
            "cost_decrease": -20
        },
        "12": {
            "id": "12",
            "injection": -63.75941856482387,
            "x": 322.0166101837693,
            "y": 213.26055128582863,
            "cost_increase": 82,
            "cost_decrease": -20
        },
        "13": {
            "id": "13",
            "injection": -63.670637283967,
            "x": 167.38869194284487,
            "y": 570.264465001591,
            "cost_increase": 23,
            "cost_decrease": -20
        },
        "14": {
            "id": "14",
            "injection": -34.651732047762614,
            "x": 226.7437635095704,
            "y": 111.47908597492005,
            "cost_increase": 20,
            "cost_decrease": -20
        },
        "15": {
            "id": "15",
            "injection": -79.10981687608884,
            "x": 115.8858973160216,
            "y": 239.05959105484635,
            "cost_increase": 74,
            "cost_decrease": -20
        },
        "16": {
            "id": "16",
            "injection": 28.408768174325015,
            "x": 50.74191436963105,
            "y": 458.2546313130564,
            "cost_increase": 70,
            "cost_decrease": -18
        },
        "17": {
            "id": "17",
            "injection": 51.53165100008013,
            "x": 243.12761128974986,
            "y": 271.680957495036,
            "cost_increase": 26,
            "cost_decrease": -20
        },
        "18": {
            "id": "18",
            "injection": 12.14551437950637,
            "x": 64.12335435626021,
            "y": 53.17930582058892,
            "cost_increase": 58,
            "cost_decrease": -10
        },
        "19": {
            "id": "19",
            "injection": 143.08422076524053,
            "x": 392.5000494286617,
            "y": 154.5720103257503,
            "cost_increase": 83,
            "cost_decrease": 43
        },
        "4b": {
            "id": "4b",
            "injection": 0.0,
            "x": 408.64135666330617,
            "y": 39.100417310040186,
            "cost_increase": 33,
            "cost_decrease": -20
        },
        "18b": {
            "id": "18b",
            "injection": 0.0,
            "x": 64.12335435626021,
            "y": 53.17930582058892,
            "cost_increase": 54,
            "cost_decrease": -5
        }
    },
    "lines": {
        "L0-8": {
            "id": "L0-8",
            "from_node": "0",
            "to_node": "8",
            "flow": -34.08480798294016,
            "limit": 50.0
        },
        "L0-5": {
            "id": "L0-5",
            "from_node": "0",
            "to_node": "5",
            "flow": -21.815414441128123,
            "limit": 50.0
        },
        "L0-6": {
            "id": "L0-6",
            "from_node": "0",
            "to_node": "6",
            "flow": -2.103335477792926,
            "limit": 50.0
        },
        "L1-11": {
            "id": "L1-11",
            "from_node": "1",
            "to_node": "11",
            "flow": -17.570454992228125,
            "limit": 50.0
        },
        "L1-3": {
            "id": "L1-3",
            "from_node": "1",
            "to_node": "3",
            "flow": 19.514714916181067,
            "limit": 50.0
        },
        "L1-6": {
            "id": "L1-6",
            "from_node": "1",
            "to_node": "6",
            "flow": -19.780701955145975,
            "limit": 50.0
        },
        "L2-9": {
            "id": "L2-9",
            "from_node": "2",
            "to_node": "9",
            "flow": 41.75110575479599,
            "limit": 50.0
        },
        "L2-14": {
            "id": "L2-14",
            "from_node": "2",
            "to_node": "14",
            "flow": 44.49095417490969,
            "limit": 50.0
        },
        "L3-11": {
            "id": "L3-11",
            "from_node": "3",
            "to_node": "11",
            "flow": -37.08516990840919,
            "limit": 50.0
        },
        "L4-9": {
            "id": "L4-9",
            "from_node": "4",
            "to_node": "9",
            "flow": -14.796211642804138,
            "limit": 50.0
        },
        "L4-14": {
            "id": "L4-14",
            "from_node": "4",
            "to_node": "14",
            "flow": -12.05636322269043,
            "limit": 50.0
        },
        "L4-19": {
            "id": "L4-19",
            "from_node": "4",
            "to_node": "19",
            "flow": -47.30928292917479,
            "limit": 50.0
        },
        "L5-13": {
            "id": "L5-13",
            "from_node": "5",
            "to_node": "13",
            "flow": 18.121630403759752,
            "limit": 50.0
        },
        "L5-6": {
            "id": "L5-6",
            "from_node": "5",
            "to_node": "6",
            "flow": 19.7120789633352,
            "limit": 50.0
        },
        "L6-8": {
            "id": "L6-8",
            "from_node": "6",
            "to_node": "8",
            "flow": -31.981472505147238,
            "limit": 50.0
        },
        "L6-11": {
            "id": "L6-11",
            "from_node": "6",
            "to_node": "11",
            "flow": 2.2102469629178523,