{
    "nodes": {
        "0": {
            "id": "0",
            "injection": 1.4191656861222877,
            "x": 389.5682565840977,
            "y": 377.4262087869183,
            "cost_increase": 85,
            "cost_decrease": -12
        },
        "1": {
            "id": "1",
            "injection": -51.31593213431515,
            "x": 221.95383018485197,
            "y": 205.69976100709235,
            "cost_increase": 71,
            "cost_decrease": -12
        },
        "2": {
            "id": "2",
            "injection": 43.399425262387744,
            "x": 52.98517459853504,
            "y": 205.57403459008276,
            "cost_increase": 57,
            "cost_decrease": 27
        },
        "3": {
            "id": "3",
            "injection": 23.75175491728761,
            "x": 275.80784420806674,
            "y": 320.5053959476289,
            "cost_increase": 87,
            "cost_decrease": 17
        },
        "4": {
            "id": "4",
            "injection": 11.190573578705964,
            "x": 239.19130974197165,
            "y": 464.9174729869549,
            "cost_increase": 37,
            "cost_decrease": -20
        },
        "5": {
            "id": "5",
            "injection": 39.208102066877046,
            "x": 373.065784274765,
            "y": 207.43230770636387,
            "cost_increase": 64,
            "cost_decrease": 13
        },
        "6": {
            "id": "6",
            "injection": 36.73451054774155,
            "x": 69.11299739448187,
            "y": 396.5298897641979,
            "cost_increase": 98,
            "cost_decrease": -3
        },
        "7": {
            "id": "7",
            "injection": 25.851141550260092,
            "x": 145.64690648235174,
            "y": 252.6024455395245,
            "cost_increase": 64,
            "cost_decrease": 32
        },
        "8": {
            "id": "8",
            "injection": -145.98121715783697,
            "x": 150.59933136158998,
            "y": 343.0304370858994,
            "cost_increase": 74,
            "cost_decrease": 20
        },
        "9": {
            "id": "9",
            "injection": 15.74247568276984,
            "x": 217.88086974005805,
            "y": 106.18841664041585,
            "cost_increase": 45,
            "cost_decrease": 33
        }
    },
    "lines": {
        "L0-3": {
            "id": "L0-3",
            "from_node": "0",
            "to_node": "3",
            "flow": 10.758851504804445,
            "limit": 50.0
        },
        "L0-4": {
            "id": "L0-4",
            "from_node": "0",
            "to_node": "4",
            "flow": 1.4213334795630828,
            "limit": 50.0
        },
        "L0-5": {
            "id": "L0-5",
            "from_node": "0",
            "to_node": "5",
            "flow": -10.761019298245266,
            "limit": 50.0
        },
        "L1-3": {
            "id": "L1-3",
            "from_node": "1",
            "to_node": "3",
            "flow": -13.53859938486107,
            "limit": 50.0
        },
        "L1-7": {
            "id": "L1-7",
            "from_node": "1",
            "to_node": "7",
            "flow": -9.646074527125354,
            "limit": 50.0
        },
        "L1-9": {
            "id": "L1-9",
            "from_node": "1",
            "to_node": "9",
            "flow": -28.13125822232871,
            "limit": 50.0
        },
        "L2-6": {
            "id": "L2-6",
            "from_node": "2",
            "to_node": "6",
            "flow": 13.991100419230774,
            "limit": 50.0
        },
        "L2-9": {
            "id": "L2-9",
            "from_node": "2",
            "to_node": "9",
            "flow": 5.461570573976809,
            "limit": 50.0
        },
        "L2-7": {
            "id": "L2-7",
            "from_node": "2",
            "to_node": "7",
            "flow": 23.94675426918017,
            "limit": 50.0
        },
        "L3-4": {
            "id": "L3-4",
            "from_node": "3",
            "to_node": "4",
            "flow": -9.337518025241362,
            "limit": 50.0
        },
        "L3-5": {
            "id": "L3-5",
            "from_node": "3",
            "to_node": "5",
            "flow": -21.519870803049713,
            "limit": 50.0
        },
        "L3-7": {
            "id": "L3-7",
            "from_node": "3",
            "to_node": "7",
            "flow": 3.892524857735717,
            "limit": 50.0
        },
        "L3-8": {
            "id": "L3-8",
            "from_node": "3",
            "to_node": "8",
            "flow": 47.93687100778634,
            "limit": 50.0
        },
        "L4-6": {
            "id": "L4-6",
            "from_node": "4",
            "to_node": "6",
            "flow": 3.274389033027687,
            "limit": 50.0
        },
        "L5-9": {
            "id": "L5-9",
            "from_node": "5",
            "to_node": "9",
            "flow": 6.927211965582071,
            "limit": 50.0
        },
        "L6-8": {
            "id": "L6-8",
            "from_node": "6",
            "to_node": "8",
            "flow": 54.000000000000014,
            "limit": 50.0
        },
        "L7-8": {
            "id": "L7-8",
            "from_node": "7",
            "to_node": "8",
            "flow": 44.04434615005062,
            "limit": 50.0
        }
    },
    "cost": 0.0,
    "difficulty": "Medium"
}
