{
    "nodes": {
        "0": {
            "id": "0",
            "injection": 19.170518636831236,
            "x": 272.06955386833505,
            "y": 379.53751293595997,
            "cost_increase": 47,
            "cost_decrease": -20
        },
        "1": {
            "id": "1",
            "injection": 11.420649859410897,
            "x": 352.25939729336346,
            "y": 218.91355348656785,
            "cost_increase": 28,
            "cost_decrease": -11
        },
        "2": {
            "id": "2",
            "injection": -156.57944397468563,
            "x": 250.37076598321102,
            "y": 274.70405458136395,
            "cost_increase": 79,
            "cost_decrease": -20
        },
        "3": {
            "id": "3",
            "injection": 45.07850686848175,
            "x": 201.05510551030957,
            "y": 215.34367659417174,
            "cost_increase": 30,
            "cost_decrease": 0
        },
        "4": {
            "id": "4",
            "injection": -5.996577864432602,
            "x": 196.8805867485318,
            "y": 124.28311367395824,
            "cost_increase": 55,
            "cost_decrease": -10
        },
        "5": {
            "id": "5",
            "injection": 86.90634647439435,
            "x": 112.71223868290545,
            "y": 292.0692984658756,
            "cost_increase": 20,
            "cost_decrease": 11
        },
        "3b": {
            "id": "3b",
            "injection": 0.0,
            "x": 201.05510551030957,
            "y": 215.34367659417174,
            "cost_increase": 80,
            "cost_decrease": -8
        },
        "4b": {
            "id": "4b",
            "injection": 0.0,
            "x": 196.8805867485318,
            "y": 124.28311367395824,
            "cost_increase": 94,
            "cost_decrease": -4
        }
    },
    "lines": {
        "L0-1": {
            "id": "L0-1",
            "from_node": "0",
            "to_node": "1",
            "flow": -6.3978735607017,
            "limit": 50.0
        },
        "L0-2": {
            "id": "L0-2",
            "from_node": "0",
            "to_node": "2",
            "flow": 37.70683174205666,
            "limit": 50.0
        },
        "L0-5": {
            "id": "L0-5",
            "from_node": "0",
            "to_node": "5",
            "flow": -12.138439544523747,
            "limit": 50.0
        },
        "L1-2": {
            "id": "L1-2",
            "from_node": "1",
            "to_node": "2",
            "flow": 44.104705302758354,
            "limit": 50.0
        },
        "L1-4": {
            "id": "L1-4",
            "from_node": "1",
            "to_node": "4",
            "flow": -39.08192900404916,
            "limit": 50.0
        },
        "L2-5": {
            "id": "L2-5",
            "from_node": "2",
            "to_node": "5",
            "flow": -49.845271286580406,
            "limit": 50.0
        },
        "L3-4": {
            "id": "L3-4",
            "from_node": "3",
            "to_node": "4",
            "flow": 45.07850686848175,
            "limit": 50.0
        },
        "L3b-5": {
            "id": "L3b-5",
            "from_node": "3b",
            "to_node": "5",
            "flow": -24.9226356432902,
            "limit": 50.0
        },
        "L2-3b": {
            "id": "L2-3b",
            "from_node": "2",
            "to_node": "3b",
            "flow": -24.922635643290203,
            "limit": 50.0
        },
        "L4b-5": {
            "id": "L4b-5",
            "from_node": "4b",
            "to_node": "5",
            "flow": -1.7763568394002505e-15,
            "limit": 50.0
        }
    },
    "cost": 0.0
}