{
    "nodes": {
        "0": {
            "id": "0",
            "injection": -56.99917362586096,
            "x": 197.55182059064157,
            "y": 265.74206130691994,
            "cost_increase": 21,
            "cost_decrease": 32
        },
        "1": {
            "id": "1",
            "injection": 7.878741746986959,
            "x": 355.56373337990215,
            "y": 282.2556339596281,
            "cost_increase": 81,
            "cost_decrease": -18
        },
        "2": {
            "id": "2",
            "injection": 16.160403223698335,
            "x": 82.97620259212859,
            "y": 199.7719586976657,
            "cost_increase": 44,
            "cost_decrease": -11
        },
        "3": {
            "id": "3",
            "injection": 85.35350691489371,
            "x": 217.01331568043904,
            "y": 137.44695228698708,
            "cost_increase": 41,
            "cost_decrease": 0
        },
        "4": {
            "id": "4",
            "injection": -6.135635181755478,
            "x": 317.25912706629566,
            "y": 97.99095032313546,
            "cost_increase": 84,
            "cost_decrease": 17
        },
        "5": {
            "id": "5",
            "injection": 66.55970280602862,
            "x": 32.052686947012695,
            "y": 80.21726038988332,
            "cost_increase": 42,
            "cost_decrease": 36
        },
        "6": {
            "id": "6",
            "injection": 30.821486451621567,
            "x": 193.92000165053537,
            "y": 384.33804857618156,
            "cost_increase": 88,
            "cost_decrease": 32
        },
        "7": {
            "id": "7",
            "injection": -48.24878344147302,
            "x": 405.1414288483425,
            "y": 94.02125666242641,
            "cost_increase": 78,
            "cost_decrease": -3
        },
        "8": {
            "id": "8",
            "injection": -126.74716002342734,
            "x": 139.87258260827628,
            "y": 88.94735348161963,
            "cost_increase": 46,
            "cost_decrease": 6
        },
        "9": {
            "id": "9",
            "injection": 39.82749682690826,
            "x": 144.93844193014812,
            "y": 171.91039404527908,
            "cost_increase": 20,
            "cost_decrease": -19
        },
        "10": {
            "id": "10",
            "injection": -30.77392442242672,
            "x": 33.7840621034043,
            "y": 292.19814188467814,
            "cost_increase": 48,
            "cost_decrease": -14
        },
        "11": {
            "id": "11",
            "injection": 75.2214646836145,
            "x": 282.60300344898275,
            "y": 171.46345156933484,
            "cost_increase": 63,
            "cost_decrease": 18
        },
        "12": {
            "id": "12",
            "injection": -52.91812595880841,
            "x": 229.74004694183654,
            "y": 2.6326765445919715,
            "cost_increase": 57,
            "cost_decrease": 4
        }
    },
    "lines": {
        "L0-1": {
            "id": "L0-1",
            "from_node": "0",
            "to_node": "1",
            "flow": -1.6799058848363497,
            "limit": 50.0
        },
        "L0-2": {
            "id": "L0-2",
            "from_node": "0",
            "to_node": "2",
            "flow": -5.994848023189002,
            "limit": 50.0
        },
        "L0-3": {
            "id": "L0-3",
            "from_node": "0",
            "to_node": "3",
            "flow": -22.71136366455571,
            "limit": 50.0
        },
        "L0-6": {
            "id": "L0-6",
            "from_node": "0",
            "to_node": "6",
            "flow": -10.050164617658943,
            "limit": 50.0
        },
        "L0-9": {
            "id": "L0-9",
            "from_node": "0",
            "to_node": "9",
            "flow": -4.844569504884323,
            "limit": 50.0
        },
        "L0-10": {
            "id": "L0-10",
            "from_node": "0",
            "to_node": "10",
            "flow": 2.3508984834810844,
            "limit": 50.0
        },
        "L0-11": {
            "id": "L0-11",
            "from_node": "0",
            "to_node": "11",
            "flow": -14.069220414217712,
            "limit": 50.0
        },
        "L1-6": {
            "id": "L1-6",
            "from_node": "1",
            "to_node": "6",
            "flow": -8.370258732822593,
            "limit": 50.0
        },
        "L1-7": {
            "id": "L1-7",
            "from_node": "1",
            "to_node": "7",
            "flow": 26.958409124354567,
            "limit": 50.0
        },
        "L1-11": {
            "id": "L1-11",
            "from_node": "1",
            "to_node": "11",
            "flow": -12.389314529381362,
            "limit": 50.0
        },
        "L2-5": {
            "id": "L2-5",
            "from_node": "2",
            "to_node": "5",
            "flow": 0.6695301755345646,
            "limit": 50.0
        },
        "L2-9": {
            "id": "L2-9",
            "from_node": "2",
            "to_node": "9",
            "flow": 1.1502785183046793,
            "limit": 50.0
        },
        "L2-10": {
            "id": "L2-10",
            "from_node": "2",
            "to_node": "10",
            "flow": 8.345746506670086,
            "limit": 50.0
        },
        "L3-8": {
            "id": "L3-8",
            "from_node": "3",
            "to_node": "8",
            "flow": 54.00000000000001,
            "limit": 50.0
        },
        "L3-11": {
            "id": "L3-11",
            "from_node": "3",
            "to_node": "11",
            "flow": 8.642143250337996,
            "limit": 50.0
        },
        "L4-11": {
            "id": "L4-11",
            "from_node": "4",
            "to_node": "11",
            "flow": -25.722107956461205,
            "limit": 50.0
        },
        "L4-12": {
            "id": "L4-12",
            "from_node": "4",
            "to_node": "12",
            "flow": 5.960857077431003,
            "limit": 50.0
        },
        "L4-7": {
            "id": "L4-7",
            "from_node": "4",
            "to_node": "7",
            "flow": 13.625615697274723,
            "limit": 50.0
        },
        "L5-8": {
            "id": "L5-8",
            "from_node": "5",
            "to_node": "8",
            "flow": 36.613954183098734,
            "limit": 50.0
        },
        "L5-10": {
            "id": "L5-10",
            "from_node": "5",
            "to_node": "10",
            "flow": 7.676216331135522,
            "limit": 50.0
        },
        "L5-12": {
            "id": "L5-12",
            "from_node": "5",
            "to_node": "12",
            "flow": 22.93906246732893,
            "limit": 50.0
        },
        "L6-10": {
            "id": "L6-10",
            "from_node": "6",
            "to_node": "10",
            "flow": 12.401063101140029,
            "limit": 50.0
        },
        "L7-12": {
            "id": "L7-12",
            "from_node": "7",
            "to_node": "12",
            "flow": -7.66475861984372,
            "limit": 50.0
        },
        "L8-9": {
            "id": "L8-9",
            "from_node": "8",
            "to_node": "9",
            "flow": -36.13320584032862,
            "limit": 50.0
        },
        "L11-12": {
            "id": "L11-12",
            "from_node": "11",
            "to_node": "12",
            "flow": 31.68296503389221,
            "limit": 50.0
        }
    },
    "cost": 0.0,
    "difficulty": "Easy"
}
