{
    "nodes": {
        "0": {
            "id": "0",
            "injection": 50.80715529299858,
            "x": 302.1330075673465,
            "y": 128.73738462601258,
            "cost_increase": 55,
            "cost_decrease": -7
        },
        "1": {
            "id": "1",
            "injection": 60.989444471173194,
            "x": 376.57889745009174,
            "y": 200.7374565807948,
            "cost_increase": 65,
            "cost_decrease": -18
        },
        "2": {
            "id": "2",
            "injection": -54.40840583000144,
            "x": 244.39020116872715,
            "y": 429.4706229543113,
            "cost_increase": 66,
            "cost_decrease": 0
        },
        "3": {
            "id": "3",
            "injection": 47.445363495515416,
            "x": 196.46436507329352,
            "y": 235.6466480750111,
            "cost_increase": 83,
            "cost_decrease": 29
        },
        "4": {
            "id": "4",
            "injection": -81.71482621398027,
            "x": 357.44336926015313,
            "y": 320.5292995656891,
            "cost_increase": 44,
            "cost_decrease": 2
        },
        "5": {
            "id": "5",
            "injection": 40.59525453688512,
            "x": 92.25935780899793,
            "y": 358.1980083799798,
            "cost_increase": 92,
            "cost_decrease": 38
        },
        "6": {
            "id": "6",
            "injection": -78.69259231929837,
            "x": 209.314161777834,
            "y": 335.28065297051745,
            "cost_increase": 82,
            "cost_decrease": 22
        },
        "7": {
            "id": "7",
            "injection": 9.223384551928255,
            "x": 188.02407783474203,
            "y": 116.15416923870907,
            "cost_increase": 46,
            "cost_decrease": -17
        },
        "8": {
            "id": "8",
            "injection": 5.755222014779547,
            "x": 70.94513653700677,
            "y": 203.82976248355558,
            "cost_increase": 48,
            "cost_decrease": -15
        }
    },
    "lines": {
        "L0-1": {
            "id": "L0-1",
            "from_node": "0",
            "to_node": "1",
            "flow": -5.518453325011545,
            "limit": 50.0
        },
        "L0-3": {
            "id": "L0-3",
            "from_node": "0",
            "to_node": "3",
            "flow": 11.891524121871505,
            "limit": 50.0
        },
        "L0-4": {
            "id": "L0-4",
            "from_node": "0",
            "to_node": "4",
            "flow": 45.99297862291071,
            "limit": 50.0
        },
        "L0-7": {
            "id": "L0-7",
            "from_node": "0",
            "to_node": "7",
            "flow": -1.5588941267721488,
            "limit": 50.0
        },
        "L1-4": {
            "id": "L1-4",
            "from_node": "1",
            "to_node": "4",
            "flow": 51.511431947922254,
            "limit": 50.0
        },
        "L1-7": {
            "id": "L1-7",
            "from_node": "1",
            "to_node": "7",
            "flow": 3.959559198239396,
            "limit": 50.0
        },
        "L2-4": {
            "id": "L2-4",
            "from_node": "2",
            "to_node": "4",
            "flow": -15.789584356852707,
            "limit": 50.0
        },
        "L2-5": {
            "id": "L2-5",
            "from_node": "2",
            "to_node": "5",
            "flow": -36.164504470213174,
            "limit": 50.0
        },
        "L2-6": {
            "id": "L2-6",
            "from_node": "2",
            "to_node": "6",
            "flow": -2.454317002935582,
            "limit": 50.0
        },
        "L3-5": {
            "id": "L3-5",
            "from_node": "3",
            "to_node": "5",
            "flow": 13.72653438767874,
            "limit": 50.0
        },
        "L3-6": {
            "id": "L3-6",
            "from_node": "3",
            "to_node": "6",
            "flow": 47.43672185495633,
            "limit": 50.0
        },
        "L3-8": {
            "id": "L3-8",
            "from_node": "3",
            "to_node": "8",
            "flow": -1.8263686252481541,
            "limit": 50.0
        },
        "L5-8": {
            "id": "L5-8",
            "from_node": "5",
            "to_node": "8",
            "flow": -15.552903012926894,
            "limit": 50.0
        },
        "L5-6": {
            "id": "L5-6",
            "from_node": "5",
            "to_node": "6",
            "flow": 33.71018746727759,
            "limit": 50.0
        },
        "L7-8": {
            "id": "L7-8",
            "from_node": "7",
            "to_node": "8",
            "flow": 11.6240496233955,
            "limit": 50.0
        }
    },
    "cost": 0.0,
    "difficulty": "Easy"
}
