{
    "nodes": {
        "0": {
            "id": "0",
            "injection": -42.022936285515144,
            "x": 425.38127339391957,
            "y": 127.38225501828424,
            "cost_increase": 55,
            "cost_decrease": 18
        },
        "1": {
            "id": "1",
            "injection": -109.56338817576265,
            "x": 281.25218021558885,
            "y": 314.2934657555859,
            "cost_increase": 69,
            "cost_decrease": 29
        },
        "2": {
            "id": "2",
            "injection": -97.42756460697107,
            "x": 476.1458471055722,
            "y": 281.1240631468058,
            "cost_increase": 33,
            "cost_decrease": -19
        },
        "3": {
            "id": "3",
            "injection": -37.385178506199416,
            "x": 216.6327990887447,
            "y": 248.76876545563147,
            "cost_increase": 54,
            "cost_decrease": -20
        },
        "4": {
            "id": "4",
            "injection": 72.85179673422991,
            "x": 351.4333404431428,
            "y": 393.76966234903557,
            "cost_increase": 69,
            "cost_decrease": 26
        },
        "5": {
            "id": "5",
            "injection": 84.26752268990346,
            "x": 128.42028431456853,
            "y": 190.55107383619264,
            "cost_increase": 35,
            "cost_decrease": -4
        },
        "6": {
            "id": "6",
            "injection": 19.1147697049854,
            "x": 257.9904568397322,
            "y": 105.21965273467691,
            "cost_increase": 65,
            "cost_decrease": 18
        },
        "7": {
            "id": "7",
            "injection": 14.234861031140156,
            "x": 352.5809131922486,
            "y": 235.7842682536125,
            "cost_increase": 81,
            "cost_decrease": 20
        },
        "8": {
            "id": "8",
            "injection": 95.93011741418937,
            "x": 167.45663037918786,
            "y": 369.0663500357032,
            "cost_increase": 96,
            "cost_decrease": -3
        }
    },
    "lines": {
        "L0-2": {
            "id": "L0-2",
            "from_node": "0",
            "to_node": "2",
            "flow": 13.773300171483434,
            "limit": 50.0
        },
        "L0-6": {
            "id": "L0-6",
            "from_node": "0",
            "to_node": "6",
            "flow": -37.068659555469225,
            "limit": 50.0
        },
        "L0-7": {
            "id": "L0-7",
            "from_node": "0",
            "to_node": "7",
            "flow": -18.727576901529343,
            "limit": 50.0
        },
        "L1-3": {
            "id": "L1-3",
            "from_node": "1",
            "to_node": "3",
            "flow": -27.040438634616187,
            "limit": 50.0
        },
        "L1-4": {
            "id": "L1-4",
            "from_node": "1",
            "to_node": "4",
            "flow": -28.522949541146474,
            "limit": 50.0
        },
        "L1-8": {
            "id": "L1-8",
            "from_node": "1",
            "to_node": "8",
            "flow": -54.0,
            "limit": 50.0
        },
        "L2-4": {
            "id": "L2-4",
            "from_node": "2",
            "to_node": "4",
            "flow": -51.15338736247486,
            "limit": 50.0
        },
        "L2-7": {
            "id": "L2-7",
            "from_node": "2",
            "to_node": "7",
            "flow": -32.500877073012774,
            "limit": 50.0
        },
        "L3-8": {
            "id": "L3-8",
            "from_node": "3",
            "to_node": "8",
            "flow": -26.959561365383813,
            "limit": 50.0
        },
        "L3-5": {
            "id": "L3-5",
            "from_node": "3",
            "to_node": "5",
            "flow": -37.466055775431784,
            "limit": 50.0
        },
        "L4-8": {
            "id": "L4-8",
            "from_node": "4",
            "to_node": "8",
            "flow": -25.477050458853526,
            "limit": 50.0
        },
        "L4-7": {
            "id": "L4-7",
            "from_node": "4",
            "to_node": "7",
            "flow": 18.652510289462082,
            "limit": 50.0
        },
        "L5-8": {
            "id": "L5-8",
            "from_node": "5",
            "to_node": "8",
            "flow": 10.50649441004797,
            "limit": 50.0
        },
        "L5-6": {
            "id": "L5-6",
            "from_node": "5",
            "to_node": "6",
            "flow": 36.2949725044237,
            "limit": 50.0
        },
        "L6-7": {
            "id": "L6-7",
            "from_node": "6",
            "to_node": "7",
            "flow": 18.341082653939882,
            "limit": 50.0
        }
    },
    "cost": 0.0,
    "difficulty": "Easy"
}
