{
    "nodes": {
        "0": {
            "id": "0",
            "injection": 72.88527361267676,
            "x": 348.3846652526995,
            "y": 120.83790810480848,
            "cost_increase": 35,
            "cost_decrease": 20
        },
        "1": {
            "id": "1",
            "injection": 90.00206448347056,
            "x": 65.3194849579918,
            "y": 219.1578600713004,
            "cost_increase": 72,
            "cost_decrease": 37
        },
        "2": {
            "id": "2",
            "injection": 4.229392495619493,
            "x": 99.60849797339988,
            "y": 462.52080558569196,
            "cost_increase": 65,
            "cost_decrease": 38
        },
        "3": {
            "id": "3",
            "injection": -46.9436118564919,
            "x": 144.68228750002635,
            "y": 314.6052146748729,
            "cost_increase": 67,
            "cost_decrease": 28
        },
        "4": {
            "id": "4",
            "injection": -85.46490712910675,
            "x": 429.58866935770664,
            "y": 341.8016193964512,
            "cost_increase": 66,
            "cost_decrease": 29
        },
        "5": {
            "id": "5",
            "injection": 55.65907504583258,
            "x": 238.22993996255536,
            "y": 278.2902865778801,
            "cost_increase": 31,
            "cost_decrease": 32
        },
        "6": {
            "id": "6",
            "injection": 76.15935582767735,
            "x": 287.1321383280905,
            "y": 414.7286079336478,
            "cost_increase": 53,
            "cost_decrease": -9
        },
        "7": {
            "id": "7",
            "injection": -49.19137947452719,
            "x": 329.7813203760598,
            "y": 242.59013877541932,
            "cost_increase": 27,
            "cost_decrease": -2
        },
        "8": {
            "id": "8",
            "injection": 17.802146186175193,
            "x": 478.2347592254959,
            "y": 195.1537760378762,
            "cost_increase": 99,
            "cost_decrease": 29
        },
        "9": {
            "id": "9",
            "injection": -78.76328393853399,
            "x": 83.7969959060253,
            "y": 366.23610127000063,
            "cost_increase": 91,
            "cost_decrease": 15
        },
        "10": {
            "id": "10",
            "injection": -59.71490342071948,
            "x": -30.544844192020783,
            "y": 335.4895345369425,
            "cost_increase": 89,
            "cost_decrease": 0
        },
        "11": {
            "id": "11",
            "injection": 100.62501106628261,
            "x": 145.35066347288023,
            "y": 225.9217737812066,
            "cost_increase": 100,
            "cost_decrease": 11
        },
        "12": {
            "id": "12",
            "injection": -98.70416968101571,
            "x": -4.407250488478811,
            "y": 158.07940788185124,
            "cost_increase": 55,
            "cost_decrease": -8
        },
        "13": {
            "id": "13",
            "injection": -10.850373770718807,
            "x": 456.767246104945,
            "y": 39.747826826355755,
            "cost_increase": 57,
            "cost_decrease": -7
        },
        "14": {
            "id": "14",
            "injection": -43.00012966791353,
            "x": 184.23067675590792,
            "y": 106.19935890002871,
            "cost_increase": 76,
            "cost_decrease": 18
        },
        "15": {
            "id": "15",
            "injection": 55.27044022129288,
            "x": 315.8700298390854,
            "y": -0.35058467725584497,
            "cost_increase": 49,
            "cost_decrease": 30
        }
    },
    "lines": {
        "L0-7": {
            "id": "L0-7",
            "from_node": "0",
            "to_node": "7",
            "flow": 29.8324139288107,
            "limit": 50.0
        },
        "L0-8": {
            "id": "L0-8",
            "from_node": "0",
            "to_node": "8",
            "flow": 17.49484526312863,
            "limit": 50.0
        },
        "L0-13": {
            "id": "L0-13",
            "from_node": "0",
            "to_node": "13",
            "flow": 6.972370861236178,
            "limit": 50.0
        },
        "L0-14": {
            "id": "L0-14",
            "from_node": "0",
            "to_node": "14",
            "flow": 26.013750009639967,
            "limit": 50.0
        },
        "L0-15": {
            "id": "L0-15",
            "from_node": "0",
            "to_node": "15",
            "flow": -7.428106450138911,
            "limit": 50.0
        },
        "L1-10": {
            "id": "L1-10",
            "from_node": "1",
            "to_node": "10",
            "flow": 54.0,
            "limit": 50.0
        },
        "L1-11": {
            "id": "L1-11",
            "from_node": "1",
            "to_node": "11",
            "flow": -19.076394391381044,
            "limit": 50.0
        },
        "L1-12": {
            "id": "L1-12",
            "from_node": "1",
            "to_node": "12",
            "flow": 51.94565713896682,
            "limit": 50.0
        },
        "L1-14": {
            "id": "L1-14",
            "from_node": "1",
            "to_node": "14",
            "flow": 3.1328017358847866,
            "limit": 50.0
        },
        "L2-9": {
            "id": "L2-9",
            "from_node": "2",
            "to_node": "9",
            "flow": 28.655859592402976,
            "limit": 50.0
        },
        "L2-10": {
            "id": "L2-10",
            "from_node": "2",
            "to_node": "10",
            "flow": 16.158210076044625,
            "limit": 50.0
        },
        "L2-6": {
            "id": "L2-6",
            "from_node": "2",
            "to_node": "6",
            "flow": -40.58467717282809,
            "limit": 50.0
        },
        "L3-9": {
            "id": "L3-9",
            "from_node": "3",
            "to_node": "9",
            "flow": 37.60977482977265,
            "limit": 50.0
        },
        "L3-11": {
            "id": "L3-11",
            "from_node": "3",
            "to_node": "11",
            "flow": -47.96426907796675,
            "limit": 50.0
        },
        "L3-5": {
            "id": "L3-5",
            "from_node": "3",
            "to_node": "5",
            "flow": -36.58911760829777,
            "limit": 50.0
        },
        "L4-8": {
            "id": "L4-8",
            "from_node": "4",
            "to_node": "8",
            "flow": -33.481897185514214,
            "limit": 50.0
        },
        "L4-6": {
            "id": "L4-6",
            "from_node": "4",
            "to_node": "6",
            "flow": -30.838681423760377,
            "limit": 50.0
        },
        "L4-7": {
            "id": "L4-7",
            "from_node": "4",
            "to_node": "7",
            "flow": -21.144328519832147,
            "limit": 50.0
        },
        "L5-6": {
            "id": "L5-6",
            "from_node": "5",
            "to_node": "6",
            "flow": 4.958355672839355,
            "limit": 50.0
        },
        "L5-7": {
            "id": "L5-7",
            "from_node": "5",
            "to_node": "7",
            "flow": 14.652708576767585,
            "limit": 50.0
        },
        "L5-11": {
            "id": "L5-11",
            "from_node": "5",
            "to_node": "11",
            "flow": -11.375151469668978,
            "limit": 50.0
        },
        "L5-14": {
            "id": "L5-14",
            "from_node": "5",
            "to_node": "14",
            "flow": 10.834044657596854,
            "limit": 50.0
        },
        "L6-7": {
            "id": "L6-7",
            "from_node": "6",
            "to_node": "7",
            "flow": 9.69435290392823,
            "limit": 50.0
        },
        "L7-8": {
            "id": "L7-8",
            "from_node": "7",
            "to_node": "8",