{
    "nodes": {
        "0": {
            "id": "0",
            "injection": 72.89605921730717,
            "x": 270.3155134891549,
            "y": 327.3621044392182,
            "cost_increase": 26,
            "cost_decrease": -20
        },
        "1": {
            "id": "1",
            "injection": -28.069447613289068,
            "x": 237.52411912044465,
            "y": 200.76095704286195,
            "cost_increase": 38,
            "cost_decrease": -20
        },
        "2": {
            "id": "2",
            "injection": -87.45430621066859,
            "x": 101.69110616566257,
            "y": 243.21598453748916,
            "cost_increase": 28,
            "cost_decrease": -20
        },
        "3": {
            "id": "3",
            "injection": -81.82329652146115,
            "x": 346.51092006502745,
            "y": 119.60112053979974,
            "cost_increase": 20,
            "cost_decrease": 10
        },
        "4": {
            "id": "4",
            "injection": 91.63139722169105,
            "x": 423.7341729829261,
            "y": 256.4210005374554,
            "cost_increase": 24,
            "cost_decrease": 1
        },
        "5": {
            "id": "5",
            "injection": -64.7369856446837,
            "x": 325.8448895442124,
            "y": 246.1629788750586,
            "cost_increase": 22,
            "cost_decrease": -20
        },
        "6": {
            "id": "6",
            "injection": -62.285602490709,
            "x": 208.29518552074916,
            "y": 117.22571043507739,
            "cost_increase": 61,
            "cost_decrease": -20
        },
        "7": {
            "id": "7",
            "injection": 83.5088608197564,
            "x": 50.878776047460775,
            "y": 60.99224880065906,
            "cost_increase": 80,
            "cost_decrease": -20
        },
        "8": {
            "id": "8",
            "injection": -35.032412388808865,
            "x": 120.58444237916395,
            "y": 125.87401130554515,
            "cost_increase": 69,
            "cost_decrease": -12
        },
        "9": {
            "id": "9",
            "injection": 111.36573361086569,
            "x": 207.87779503450346,
            "y": -1.044327702043136,
            "cost_increase": 44,
            "cost_decrease": -20
        },
        "1b": {
            "id": "1b",
            "injection": 0.0,
            "x": 237.52411912044465,
            "y": 200.76095704286195,
            "cost_increase": 20,
            "cost_decrease": 42
        },
        "2b": {
            "id": "2b",
            "injection": 0.0,
            "x": 101.69110616566257,
            "y": 243.21598453748916,
            "cost_increase": 95,
            "cost_decrease": -20
        },
        "6b": {
            "id": "6b",
            "injection": 0.0,
            "x": 208.29518552074916,
            "y": 117.22571043507739,
            "cost_increase": 30,
            "cost_decrease": -20
        },
        "0b": {
            "id": "0b",
            "injection": 0.0,
            "x": 270.3155134891549,
            "y": 327.3621044392182,
            "cost_increase": 78,
            "cost_decrease": -20
        },
        "3b": {
            "id": "3b",
            "injection": 0.0,
            "x": 346.51092006502745,
            "y": 119.60112053979974,
            "cost_increase": 20,
            "cost_decrease": -20
        }
    },
    "lines": {
        "L0-2": {
            "id": "L0-2",
            "from_node": "0",
            "to_node": "2",
            "flow": 35.01122441493765,
            "limit": 50.0
        },
        "L0-4": {
            "id": "L0-4",
            "from_node": "0",
            "to_node": "4",
            "flow": -10.69825733689543,
            "limit": 50.0
        },
        "L0-5": {
            "id": "L0-5",
            "from_node": "0",
            "to_node": "5",
            "flow": 36.92486027489755,
            "limit": 50.0
        },
        "L1-5": {
            "id": "L1-5",
            "from_node": "1",
            "to_node": "5",
            "flow": -19.810992242006847,
            "limit": 50.0
        },
        "L2-7": {
            "id": "L2-7",
            "from_node": "2",
            "to_node": "7",
            "flow": -49.392343783851,
            "limit": 50.0
        },
        "L2-8": {
            "id": "L2-8",
            "from_node": "2",
            "to_node": "8",
            "flow": -3.0507380118799503,
            "limit": 50.0
        },
        "L3-4": {
            "id": "L3-4",
            "from_node": "3",
            "to_node": "4",
            "flow": -33.310022273002645,
            "limit": 50.0
        },
        "L3-6": {
            "id": "L3-6",
            "from_node": "3",
            "to_node": "6",
            "flow": 0.7046987926276849,
            "limit": 50.0
        },
        "L3-9": {
            "id": "L3-9",
            "from_node": "3",
            "to_node": "9",
            "flow": -49.21797304108618,
            "limit": 50.0
        },
        "L4-5": {
            "id": "L4-5",
            "from_node": "4",
            "to_node": "5",
            "flow": 47.62311761179298,
            "limit": 50.0
        },
        "L7-8": {
            "id": "L7-8",
            "from_node": "7",
            "to_node": "8",
            "flow": 46.34160577197105,
            "limit": 50.0
        },
        "L7-9": {
            "id": "L7-9",
            "from_node": "7",
            "to_node": "9",
            "flow": -12.225088736065626,
            "limit": 50.0
        },
        "L6-9": {
            "id": "L6-9",
            "from_node": "6",
            "to_node": "9",
            "flow": -49.92267183371387,
            "limit": 50.0
        },
        "L1b-6": {
            "id": "L1b-6",
            "from_node": "1b",
            "to_node": "6",
            "flow": 11.65823186436745,
            "limit": 50.0
        },
        "L0-1b": {
            "id": "L0-1b",
            "from_node": "0",
            "to_node": "1b",
            "flow": 11.65823186436745,
            "limit": 50.0
        },
        "L1-2b": {
            "id": "L1-2b",
            "from_node": "1",
            "to_node": "2b",
            "flow": -8.258455371282231,
            "limit": 50.0
        },
        "L2b-6b": {
            "id": "L2b-6b",
            "from_node": "2b",
            "to_node": "6b",
            "flow": -8.258455371282231,
            "limit": 50.0
        },
        "L6b-8": {
            "id": "L6b-8",
            "from_node": "6b",
            "to_node": "8",
            "flow": -8.258455371282231,
            "limit": 50.0
        },
        "L0b-3": {
            "id": "L0b-3",
            "from_node": "0b",
            "to_node": "3",
            "flow": 3.552713678800501e-15,
            "limit": 50.0
        },
        "L1-3b": {
            "id": "L1-3b",
            "from_node": "1",
            "to_node": "3b",
            "flow": -1.4210854715202004e-14,
            "limit": 50.0
        }
    },
    "cost": 0.0
}