{
    "nodes": {
        "0": {
            "id": "0",
            "injection": 84.61651079083867,
            "x": 362.3889972832846,
            "y": 420.1648420070935,
            "cost_increase": 85,
            "cost_decrease": -5
        },
        "1": {
            "id": "1",
            "injection": -31.40891692291406,
            "x": 199.05732564621476,
            "y": 108.98709818255246,
            "cost_increase": 86,
            "cost_decrease": 10
        },
        "2": {
            "id": "2",
            "injection": -14.318052208641392,
            "x": 238.88446009691685,
            "y": 283.0553446942117,
            "cost_increase": 89,
            "cost_decrease": 22
        },
        "3": {
            "id": "3",
            "injection": 38.822029688403454,
            "x": 101.91379049437687,
            "y": 113.75530108789853,
            "cost_increase": 49,
            "cost_decrease": -10
        },
        "4": {
            "id": "4",
            "injection": 25.746807805718014,
            "x": 200.06510664882688,
            "y": 211.33149236793506,
            "cost_increase": 31,
            "cost_decrease": 1
        },
        "5": {
            "id": "5",
            "injection": -42.55676382030358,
            "x": 529.0672129900378,
            "y": 305.49716835742674,
            "cost_increase": 56,
            "cost_decrease": -18
        },
        "6": {
            "id": "6",
            "injection": 77.78790265721383,
            "x": 449.9833105026322,
            "y": 188.4707265355729,
            "cost_increase": 42,
            "cost_decrease": 12
        },
        "7": {
            "id": "7",
            "injection": -46.253582878087194,
            "x": 516.9615827600229,
            "y": 93.58070319552132,
            "cost_increase": 60,
            "cost_decrease": -7
        },
        "8": {
            "id": "8",
            "injection": -45.15238977860559,
            "x": 337.95355875387196,
            "y": 164.70107580697737,
            "cost_increase": 48,
            "cost_decrease": 36
        },
        "9": {
            "id": "9",
            "injection": 56.03965059889541,
            "x": 380.3375929730177,
            "y": 162.03701135976976,
            "cost_increase": 22,
            "cost_decrease": -14
        },
        "10": {
            "id": "10",
            "injection": 65.36847503808727,
            "x": 398.6021988859799,
            "y": 303.89451194575787,
            "cost_increase": 91,
            "cost_decrease": -10
        },
        "11": {
            "id": "11",
            "injection": -25.544655875373877,
            "x": 283.13497566574614,
            "y": 288.1979226657141,
            "cost_increase": 76,
            "cost_decrease": 18
        },
        "12": {
            "id": "12",
            "injection": 88.92850910488525,
            "x": 234.748709872157,
            "y": 165.7567884438515,
            "cost_increase": 98,
            "cost_decrease": 7
        },
        "13": {
            "id": "13",
            "injection": -10.66132721101988,
            "x": 299.4156887095843,
            "y": 28.20528919762771,
            "cost_increase": 63,
            "cost_decrease": 37
        },
        "14": {
            "id": "14",
            "injection": -109.83826165484903,
            "x": 126.2019871763834,
            "y": 212.14166056790552,
            "cost_increase": 80,
            "cost_decrease": 32
        },
        "15": {
            "id": "15",
            "injection": 86.71036366350836,
            "x": 301.4532147013304,
            "y": 200.6123358713842,
            "cost_increase": 58,
            "cost_decrease": 31
        },
        "16": {
            "id": "16",
            "injection": -82.98916599446655,
            "x": 408.9374584693178,
            "y": 99.30937859298604,
            "cost_increase": 49,
            "cost_decrease": 30
        },
        "17": {
            "id": "17",
            "injection": -115.29713300328912,
            "x": 155.18230966789528,
            "y": 333.7106086511263,
            "cost_increase": 97,
            "cost_decrease": 35
        }
    },
    "lines": {
        "L0-17": {
            "id": "L0-17",
            "from_node": "0",
            "to_node": "17",
            "flow": 53.99999999999999,
            "limit": 50.0
        },
        "L0-10": {
            "id": "L0-10",
            "from_node": "0",
            "to_node": "10",
            "flow": 4.438837541819723,
            "limit": 50.0
        },
        "L0-5": {
            "id": "L0-5",
            "from_node": "0",
            "to_node": "5",
            "flow": 26.177673249018856,
            "limit": 50.0
        },
        "L1-12": {
            "id": "L1-12",
            "from_node": "1",
            "to_node": "12",
            "flow": -29.831978748350654,
            "limit": 50.0
        },
        "L1-13": {
            "id": "L1-13",
            "from_node": "1",
            "to_node": "13",
            "flow": -15.248564858007303,
            "limit": 50.0
        },
        "L1-14": {
            "id": "L1-14",
            "from_node": "1",
            "to_node": "14",
            "flow": 13.671626683443883,
            "limit": 50.0
        },
        "L2-10": {
            "id": "L2-10",
            "from_node": "2",
            "to_node": "10",
            "flow": -13.570387732622322,
            "limit": 50.0
        },
        "L2-12": {
            "id": "L2-12",
            "from_node": "2",
            "to_node": "12",
            "flow": -11.315195235552583,
            "limit": 50.0
        },
        "L2-14": {
            "id": "L2-14",
            "from_node": "2",
            "to_node": "14",
            "flow": 32.18841019624195,
            "limit": 50.0
        },
        "L2-15": {
            "id": "L2-15",
            "from_node": "2",
            "to_node": "15",
            "flow": -21.620879436708446,
            "limit": 50.0
        },
        "L3-4": {
            "id": "L3-4",
            "from_node": "3",
            "to_node": "4",
            "flow": 2.515998670432829,
            "limit": 50.0
        },
        "L3-13": {
            "id": "L3-13",
            "from_node": "3",
            "to_node": "13",
            "flow": -8.445572198082576,
            "limit": 50.0
        },
        "L3-14": {
            "id": "L3-14",
            "from_node": "3",
            "to_node": "14",
            "flow": 20.47461934336861,
            "limit": 50.0
        },
        "L3-17": {
            "id": "L3-17",
            "from_node": "3",
            "to_node": "17",
            "flow": 24.276983872684603,
            "limit": 50.0
        },
        "L4-11": {
            "id": "L4-11",
            "from_node": "4",
            "to_node": "11",
            "flow": 6.501821273899054,
            "limit": 50.0
        },
        "L4-17": {
            "id": "L4-17",
            "from_node": "4",
            "to_node": "17",
            "flow": 21.760985202251774,
            "limit": 50.0
        },
        "L5-10": {
            "id": "L5-10",
            "from_node": "5",
            "to_node": "10",
            "flow": -21.738835707199133,
            "limit": 50.0
        },
        "L5-7": {
            "id": "L5-7",
            "from_node": "5",
            "to_node": "7",
            "flow": 5.359745135914416,
            "limit": 50.0
        },
        "L6-7": {
            "id": "L6-7",
            "from_node": "6",
            "to_node": "7",
            "flow": 33.88008669669992,
            "limit": 50.0
        },
        "L6-10": {
            "id": "L6-10",
            "from_node": "6",
            "to_node": "10",
            "flow": 6.781505853586372,
            "limit": 50.0
        },
        "L6-16": {
            "id": "L6-16",
            "from_node": "6",
            "to_node": "16",
            "flow": 37.12631010692754,