{
    "nodes": {
        "0": {
            "id": "0",
            "injection": 50.77185770681822,
            "x": 9.631910519990832,
            "y": 339.5871820019517,
            "cost_increase": 35,
            "cost_decrease": 7
        },
        "1": {
            "id": "1",
            "injection": 2.45320912195297,
            "x": 22.103839377938453,
            "y": 212.33693796725777,
            "cost_increase": 67,
            "cost_decrease": -9
        },
        "2": {
            "id": "2",
            "injection": -36.886070345601446,
            "x": 216.68608854963122,
            "y": 211.16084841830926,
            "cost_increase": 21,
            "cost_decrease": 8
        },
        "3": {
            "id": "3",
            "injection": 14.005490305245658,
            "x": 142.05320938565347,
            "y": 298.2727502338642,
            "cost_increase": 61,
            "cost_decrease": 13
        },
        "4": {
            "id": "4",
            "injection": 98.32511557235597,
            "x": 125.11719150599565,
            "y": 390.25807742101637,
            "cost_increase": 33,
            "cost_decrease": 26
        },
        "5": {
            "id": "5",
            "injection": -79.60305066518904,
            "x": 115.9334856270743,
            "y": 168.04108078444406,
            "cost_increase": 39,
            "cost_decrease": -5
        },
        "6": {
            "id": "6",
            "injection": -49.066551695582326,
            "x": 250.51909287402762,
            "y": 353.1225684653419,
            "cost_increase": 92,
            "cost_decrease": 30
        }
    },
    "lines": {
        "L0-1": {
            "id": "L0-1",
            "from_node": "0",
            "to_node": "1",
            "flow": 31.070681677811947,
            "limit": 50.0
        },
        "L0-3": {
            "id": "L0-3",
            "from_node": "0",
            "to_node": "3",
            "flow": 22.921513862876353,
            "limit": 50.0
        },
        "L0-4": {
            "id": "L0-4",
            "from_node": "0",
            "to_node": "4",
            "flow": -3.2203378338700666,
            "limit": 50.0
        },
        "L1-2": {
            "id": "L1-2",
            "from_node": "1",
            "to_node": "2",
            "flow": 13.81491031144693,
            "limit": 50.0
        },
        "L1-5": {
            "id": "L1-5",
            "from_node": "1",
            "to_node": "5",
            "flow": 19.70898048831799,
            "limit": 50.0
        },
        "L2-3": {
            "id": "L2-3",
            "from_node": "2",
            "to_node": "3",
            "flow": -21.964078126382525,
            "limit": 50.0
        },
        "L2-5": {
            "id": "L2-5",
            "from_node": "2",
            "to_node": "5",
            "flow": 5.894070176871061,
            "limit": 50.0
        },
        "L2-6": {
            "id": "L2-6",
            "from_node": "2",
            "to_node": "6",
            "flow": -7.001152084643046,
            "limit": 50.0
        },
        "L3-6": {
            "id": "L3-6",
            "from_node": "3",
            "to_node": "6",
            "flow": 14.962926041739479,
            "limit": 50.0
        },
        "L4-5": {
            "id": "L4-5",
            "from_node": "4",
            "to_node": "5",
            "flow": 54.00000000000001,
            "limit": 50.0
        },
        "L4-6": {
            "id": "L4-6",
            "from_node": "4",
            "to_node": "6",
            "flow": 41.1047777384859,
            "limit": 50.0
        }
    },
    "cost": 0.0,
    "difficulty": "Medium"
}
