{
    "nodes": {
        "0": {
            "id": "0",
            "injection": 97.6082154479661,
            "x": 51.50044638420479,
            "y": 297.73263437231714,
            "cost_increase": 96,
            "cost_decrease": 25
        },
        "1": {
            "id": "1",
            "injection": 89.57863408721198,
            "x": 321.9585741464532,
            "y": 268.12752621982986,
            "cost_increase": 74,
            "cost_decrease": -18
        },
        "2": {
            "id": "2",
            "injection": 12.830553986363803,
            "x": 406.200030572003,
            "y": 393.70287284870534,
            "cost_increase": 63,
            "cost_decrease": 11
        },
        "3": {
            "id": "3",
            "injection": 80.42311622065291,
            "x": 173.4960726631889,
            "y": 113.93073793213055,
            "cost_increase": 36,
            "cost_decrease": -3
        },
        "4": {
            "id": "4",
            "injection": -24.841467398085754,
            "x": 378.9315667879882,
            "y": 168.0908635735044,
            "cost_increase": 29,
            "cost_decrease": 31
        },
        "5": {
            "id": "5",
            "injection": 4.9066959786692195,
            "x": 148.35423907027723,
            "y": 249.0855866276877,
            "cost_increase": 30,
            "cost_decrease": -9
        },
        "6": {
            "id": "6",
            "injection": -46.30241701999536,
            "x": 327.68245049255654,
            "y": 354.87766599815245,
            "cost_increase": 86,
            "cost_decrease": -2
        },
        "7": {
            "id": "7",
            "injection": -21.720273988664342,
            "x": 246.5897647220756,
            "y": 185.69115310873877,
            "cost_increase": 46,
            "cost_decrease": 2
        },
        "8": {
            "id": "8",
            "injection": -56.59790981546307,
            "x": 137.57818656298485,
            "y": 353.84834442760496,
            "cost_increase": 34,
            "cost_decrease": 34
        },
        "9": {
            "id": "9",
            "injection": -14.293486783050863,
            "x": 199.22851271676637,
            "y": 478.92930832198675,
            "cost_increase": 80,
            "cost_decrease": 12
        },
        "10": {
            "id": "10",
            "injection": -50.61086607452051,
            "x": 252.128321564677,
            "y": 402.1887266715328,
            "cost_increase": 59,
            "cost_decrease": 25
        },
        "11": {
            "id": "11",
            "injection": -58.77014813090149,
            "x": 184.65931988781765,
            "y": 309.21381071876567,
            "cost_increase": 48,
            "cost_decrease": -9
        },
        "12": {
            "id": "12",
            "injection": -12.21064651018265,
            "x": 245.82865254161854,
            "y": 283.61792661137804,
            "cost_increase": 99,
            "cost_decrease": 24
        }
    },
    "lines": {
        "L0-3": {
            "id": "L0-3",
            "from_node": "0",
            "to_node": "3",
            "flow": -12.242616003717865,
            "limit": 50.0
        },
        "L0-5": {
            "id": "L0-5",
            "from_node": "0",
            "to_node": "5",
            "flow": 25.592768187211643,
            "limit": 50.0
        },
        "L0-8": {
            "id": "L0-8",
            "from_node": "0",
            "to_node": "8",
            "flow": 53.99999999999999,
            "limit": 50.0
        },
        "L0-9": {
            "id": "L0-9",
            "from_node": "0",
            "to_node": "9",
            "flow": 30.258063264472298,
            "limit": 50.0
        },
        "L1-2": {
            "id": "L1-2",
            "from_node": "1",
            "to_node": "2",
            "flow": 13.913865020242035,
            "limit": 50.0
        },
        "L1-4": {
            "id": "L1-4",
            "from_node": "1",
            "to_node": "4",
            "flow": 4.845519863608068,
            "limit": 50.0
        },
        "L1-6": {
            "id": "L1-6",
            "from_node": "1",
            "to_node": "6",
            "flow": 30.70984327543849,
            "limit": 50.0
        },
        "L1-7": {
            "id": "L1-7",
            "from_node": "1",
            "to_node": "7",
            "flow": 8.196158141845313,
            "limit": 50.0
        },
        "L1-10": {
            "id": "L1-10",
            "from_node": "1",
            "to_node": "10",
            "flow": 31.913247786078085,
            "limit": 50.0
        },
        "L2-4": {
            "id": "L2-4",
            "from_node": "2",
            "to_node": "4",
            "flow": -9.068345156633967,
            "limit": 50.0
        },
        "L2-6": {
            "id": "L2-6",
            "from_node": "2",
            "to_node": "6",
            "flow": 16.795978255196456,
            "limit": 50.0
        },
        "L2-9": {
            "id": "L2-9",
            "from_node": "2",
            "to_node": "9",
            "flow": 1.0174031422072964,
            "limit": 50.0
        },
        "L2-10": {
            "id": "L2-10",
            "from_node": "2",
            "to_node": "10",
            "flow": 17.99938276583605,
            "limit": 50.0
        },
        "L3-4": {
            "id": "L3-4",
            "from_node": "3",
            "to_node": "4",
            "flow": 32.4149309693489,
            "limit": 50.0
        },
        "L3-7": {
            "id": "L3-7",
            "from_node": "3",
            "to_node": "7",
            "flow": 35.76556924758614,
            "limit": 50.0
        },
        "L4-7": {
            "id": "L4-7",
            "from_node": "4",
            "to_node": "7",
            "flow": 3.350638278237245,
            "limit": 50.0
        },
        "L5-7": {
            "id": "L5-7",
            "from_node": "5",
            "to_node": "7",
            "flow": -2.0698149433433635,
            "limit": 50.0
        },
        "L5-11": {
            "id": "L5-11",
            "from_node": "5",
            "to_node": "11",
            "flow": 32.569279109224226,
            "limit": 50.0
        },
        "L6-10": {
            "id": "L6-10",
            "from_node": "6",
            "to_node": "10",
            "flow": 1.2034045106395936,
            "limit": 50.0
        },
        "L7-12": {
            "id": "L7-12",
            "from_node": "7",
            "to_node": "12",
            "flow": 23.522276735661002,
            "limit": 50.0
        },
        "L8-10": {
            "id": "L8-10",
            "from_node": "8",
            "to_node": "10",
            "flow": -6.759957111898942,
            "limit": 50.0
        },
        "L8-11": {
            "id": "L8-11",
            "from_node": "8",
            "to_node": "11",
            "flow": 4.162047296435873,
            "limit": 50.0
        },
        "L9-10": {
            "id": "L9-10",
            "from_node": "9",
            "to_node": "10",
            "flow": 16.981979623628753,
            "limit": 50.0
        },
        "L10-11": {
            "id": "L10-11",
            "from_node": "10",
            "to_node": "11",
            "flow": 10.922004408334814,
            "limit": 50.0
        },
        "L10-12": {
            "id": "L10-12",
            "from_node": "10",
            "to_node": "12",
            "flow": -0.19481290857176958,
            "limit": 50.0
        },
        "L11-12": {
            "id": "L11-12",
            "from_node": "11",
            "to_node": "12",
            "flow": -11.116817316906584,
            "limit": 50.0
        }
    },
    "cost": 0.0,
    "difficulty": "Easy"
}
