{
    "nodes": {
        "0": {
            "id": "0",
            "injection": -141.31327548573108,
            "x": 341.3717575396595,
            "y": 438.88029389875976,
            "cost_increase": 100,
            "cost_decrease": 3
        },
        "1": {
            "id": "1",
            "injection": 24.14110253091019,
            "x": 361.3375206326021,
            "y": 189.85701124062075,
            "cost_increase": 61,
            "cost_decrease": -13
        },
        "2": {
            "id": "2",
            "injection": 26.341332515650443,
            "x": 412.25092222449774,
            "y": 319.3065323213398,
            "cost_increase": 22,
            "cost_decrease": 22
        },
        "3": {
            "id": "3",
            "injection": 25.388750105593655,
            "x": 102.45394949432047,
            "y": 363.41028756981257,
            "cost_increase": 47,
            "cost_decrease": 27
        },
        "4": {
            "id": "4",
            "injection": 3.634290848614231,
            "x": 203.62489914924956,
            "y": 458.57428335895594,
            "cost_increase": 59,
            "cost_decrease": 3
        },
        "5": {
            "id": "5",
            "injection": 34.328942297492816,
            "x": 114.94685308736273,
            "y": 224.17190787824688,
            "cost_increase": 54,
            "cost_decrease": -7
        },
        "6": {
            "id": "6",
            "injection": -12.19418307731993,
            "x": 229.94736389381384,
            "y": 148.27903893423814,
            "cost_increase": 92,
            "cost_decrease": 18
        },
        "7": {
            "id": "7",
            "injection": 39.6730402647897,
            "x": 252.254119874618,
            "y": 305.90590188535026,
            "cost_increase": 76,
            "cost_decrease": 4
        }
    },
    "lines": {
        "L0-2": {
            "id": "L0-2",
            "from_node": "0",
            "to_node": "2",
            "flow": -47.074978133621606,
            "limit": 50.0
        },
        "L0-4": {
            "id": "L0-4",
            "from_node": "0",
            "to_node": "4",
            "flow": -40.23829735210948,
            "limit": 50.0
        },
        "L0-7": {
            "id": "L0-7",
            "from_node": "0",
            "to_node": "7",
            "flow": -54.0,
            "limit": 50.0
        },
        "L1-2": {
            "id": "L1-2",
            "from_node": "1",
            "to_node": "2",
            "flow": 13.808623751592762,
            "limit": 50.0
        },
        "L1-6": {
            "id": "L1-6",
            "from_node": "1",
            "to_node": "6",
            "flow": 3.448876894103087,
            "limit": 50.0
        },
        "L1-7": {
            "id": "L1-7",
            "from_node": "1",
            "to_node": "7",
            "flow": 6.883601885214368,
            "limit": 50.0
        },
        "L2-7": {
            "id": "L2-7",
            "from_node": "2",
            "to_node": "7",
            "flow": -6.925021866378394,
            "limit": 50.0
        },
        "L3-4": {
            "id": "L3-4",
            "from_node": "3",
            "to_node": "4",
            "flow": 22.842303855604705,
            "limit": 50.0
        },
        "L3-5": {
            "id": "L3-5",
            "from_node": "3",
            "to_node": "5",
            "flow": -6.534154957725249,
            "limit": 50.0
        },
        "L3-7": {
            "id": "L3-7",
            "from_node": "3",
            "to_node": "7",
            "flow": 9.080601207714182,
            "limit": 50.0
        },
        "L4-7": {
            "id": "L4-7",
            "from_node": "4",
            "to_node": "7",
            "flow": -13.761702647890523,
            "limit": 50.0
        },
        "L5-6": {
            "id": "L5-6",
            "from_node": "5",
            "to_node": "6",
            "flow": 12.18003117432815,
            "limit": 50.0
        },
        "L5-7": {
            "id": "L5-7",
            "from_node": "5",
            "to_node": "7",
            "flow": 15.614756165439431,
            "limit": 50.0
        },
        "L6-7": {
            "id": "L6-7",
            "from_node": "6",
            "to_node": "7",
            "flow": 3.434724991111281,
            "limit": 50.0
        }
    },
    "cost": 0.0,
    "difficulty": "Medium"
}
