{
    "nodes": {
        "0": {
            "id": "0",
            "injection": -6.484134476442492,
            "x": 251.54983175469832,
            "y": 279.6191068960453,
            "cost_increase": 70,
            "cost_decrease": -9
        },
        "1": {
            "id": "1",
            "injection": 12.234021250156655,
            "x": 69.08449014262943,
            "y": 384.36767248986564,
            "cost_increase": 42,
            "cost_decrease": -20
        },
        "2": {
            "id": "2",
            "injection": -33.9893373728882,
            "x": 355.0152300878657,
            "y": 62.52505918488978,
            "cost_increase": 28,
            "cost_decrease": -15
        },
        "3": {
            "id": "3",
            "injection": 76.78348024375558,
            "x": 387.23247873956234,
            "y": 241.14025849105164,
            "cost_increase": 34,
            "cost_decrease": -20
        },
        "4": {
            "id": "4",
            "injection": -12.766272680529454,
            "x": 250.33640065105612,
            "y": 137.46001322406468,
            "cost_increase": 52,
            "cost_decrease": -20
        },
        "5": {
            "id": "5",
            "injection": 50.85776704769633,
            "x": 339.07117629019285,
            "y": 396.7891926779656,
            "cost_increase": 29,
            "cost_decrease": -20
        },
        "6": {
            "id": "6",
            "injection": 0.08280508339181433,
            "x": 432.9753117143241,
            "y": 123.86057527885674,
            "cost_increase": 47,
            "cost_decrease": -20
        },
        "7": {
            "id": "7",
            "injection": -92.72828522679842,
            "x": 201.37588645546685,
            "y": 483.13977357190095,
            "cost_increase": 41,
            "cost_decrease": -12
        },
        "8": {
            "id": "8",
            "injection": 51.34439530781786,
            "x": 112.94777580470524,
            "y": 229.66647405270444,
            "cost_increase": 65,
            "cost_decrease": -8
        },
        "9": {
            "id": "9",
            "injection": -45.33443917615967,
            "x": 183.4309676777663,
            "y": 370.2284500944519,
            "cost_increase": 53,
            "cost_decrease": -20
        },
        "5b": {
            "id": "5b",
            "injection": 0.0,
            "x": 339.07117629019285,
            "y": 396.7891926779656,
            "cost_increase": 82,
            "cost_decrease": -20
        },
        "8b": {
            "id": "8b",
            "injection": 0.0,
            "x": 112.94777580470524,
            "y": 229.66647405270444,
            "cost_increase": 63,
            "cost_decrease": -20
        }
    },
    "lines": {
        "L1-8": {
            "id": "L1-8",
            "from_node": "1",
            "to_node": "8",
            "flow": -40.08315756757398,
            "limit": 50.0
        },
        "L1-9": {
            "id": "L1-9",
            "from_node": "1",
            "to_node": "9",
            "flow": 20.42170078878572,
            "limit": 50.0
        },
        "L1-7": {
            "id": "L1-7",
            "from_node": "1",
            "to_node": "7",
            "flow": 31.895478028944908,
            "limit": 50.0
        },
        "L2-3": {
            "id": "L2-3",
            "from_node": "2",
            "to_node": "3",
            "flow": -20.56450239781321,
            "limit": 50.0
        },
        "L2-4": {
            "id": "L2-4",
            "from_node": "2",
            "to_node": "4",
            "flow": -4.9067993610049845,
            "limit": 50.0
        },
        "L2-6": {
            "id": "L2-6",
            "from_node": "2",
            "to_node": "6",
            "flow": -8.518035614070005,
            "limit": 50.0
        },
        "L3-4": {
            "id": "L3-4",
            "from_node": "3",
            "to_node": "4",
            "flow": 15.657703036808227,
            "limit": 50.0
        },
        "L3-6": {
            "id": "L3-6",
            "from_node": "3",
            "to_node": "6",
            "flow": 12.046466783743206,
            "limit": 50.0
        },
        "L4-6": {
            "id": "L4-6",
            "from_node": "4",
            "to_node": "6",
            "flow": -3.6112362530650213,
            "limit": 50.0
        },
        "L5-7": {
            "id": "L5-7",
            "from_node": "5",
            "to_node": "7",
            "flow": 49.35902995769432,
            "limit": 50.0
        },
        "L7-9": {
            "id": "L7-9",
            "from_node": "7",
            "to_node": "9",
            "flow": -11.473777240159187,
            "limit": 50.0
        },
        "L0-9": {
            "id": "L0-9",
            "from_node": "0",
            "to_node": "9",
            "flow": 36.38651562753313,
            "limit": 50.0
        },
        "L0-3": {
            "id": "L0-3",
            "from_node": "0",
            "to_node": "3",
            "flow": -28.514808025390913,
            "limit": 50.0
        },
        "L0-4": {
            "id": "L0-4",
            "from_node": "0",
            "to_node": "4",
            "flow": -12.857104988582686,
            "limit": 50.0
        },
        "L0-5": {
            "id": "L0-5",
            "from_node": "0",
            "to_node": "5",
            "flow": -1.498737090002006,
            "limit": 50.0
        },
        "L4-8": {
            "id": "L4-8",
            "from_node": "4",
            "to_node": "8",
            "flow": -11.261237740243883,
            "limit": 50.0
        },
        "L3-5b": {
            "id": "L3-5b",
            "from_node": "3",
            "to_node": "5b",
            "flow": 0.0,
            "limit": 50.0
        },
        "L0-8b": {
            "id": "L0-8b",
            "from_node": "0",
            "to_node": "8b",
            "flow": 0.0,
            "limit": 50.0
        }
    },
    "cost": 0.0
}