{
    "nodes": {
        "0": {
            "id": "0",
            "injection": -84.81348502770297,
            "x": 532.0487303933888,
            "y": 291.397741636981,
            "cost_increase": 62,
            "cost_decrease": 27
        },
        "1": {
            "id": "1",
            "injection": 51.76184618797526,
            "x": 67.90617489314901,
            "y": 430.21146898223043,
            "cost_increase": 54,
            "cost_decrease": 3
        },
        "2": {
            "id": "2",
            "injection": -99.1146837733955,
            "x": 247.7062352409973,
            "y": 322.69760960455574,
            "cost_increase": 88,
            "cost_decrease": -3
        },
        "3": {
            "id": "3",
            "injection": -46.4630068016574,
            "x": 443.3365839178595,
            "y": 462.7194365751744,
            "cost_increase": 49,
            "cost_decrease": -13
        },
        "4": {
            "id": "4",
            "injection": 16.27308497589685,
            "x": 179.47045576854512,
            "y": 376.2167052717274,
            "cost_increase": 43,
            "cost_decrease": 2
        },
        "5": {
            "id": "5",
            "injection": 61.761510596795524,
            "x": 287.8656385452696,
            "y": 29.487954482083023,
            "cost_increase": 76,
            "cost_decrease": -10
        },
        "6": {
            "id": "6",
            "injection": 54.611437415747,
            "x": -30.269387595458287,
            "y": 298.8969193562269,
            "cost_increase": 35,
            "cost_decrease": -16
        },
        "7": {
            "id": "7",
            "injection": -5.967082521743933,
            "x": 343.7397189611382,
            "y": 228.7612928847548,
            "cost_increase": 86,
            "cost_decrease": 8
        },
        "8": {
            "id": "8",
            "injection": 7.689966106754645,
            "x": 438.4908815558826,
            "y": 344.60150607223386,
            "cost_increase": 78,
            "cost_decrease": -19
        },
        "9": {
            "id": "9",
            "injection": -38.351796377772416,
            "x": 11.552466019679247,
            "y": 137.78724339044766,
            "cost_increase": 82,
            "cost_decrease": 0
        },
        "10": {
            "id": "10",
            "injection": 57.416878378600806,
            "x": 251.78037896355903,
            "y": 484.0714399182691,
            "cost_increase": 72,
            "cost_decrease": 31
        },
        "11": {
            "id": "11",
            "injection": -66.65772135798638,
            "x": 223.26459452428122,
            "y": 211.87370992991302,
            "cost_increase": 31,
            "cost_decrease": 18
        },
        "12": {
            "id": "12",
            "injection": 23.471890983929914,
            "x": 101.36875245660858,
            "y": 273.73801407826363,
            "cost_increase": 82,
            "cost_decrease": -9
        },
        "13": {
            "id": "13",
            "injection": 52.48572559921976,
            "x": 441.2832972138562,
            "y": 135.65496529819598,
            "cost_increase": 99,
            "cost_decrease": -19
        },
        "14": {
            "id": "14",
            "injection": 25.3722121975004,
            "x": 347.7119324655505,
            "y": 365.24436806809456,
            "cost_increase": 82,
            "cost_decrease": 11
        },
        "15": {
            "id": "15",
            "injection": 52.880102982294595,
            "x": 120.13437691035293,
            "y": 11.385651402971893,
            "cost_increase": 42,
            "cost_decrease": 23
        },
        "16": {
            "id": "16",
            "injection": -62.356879564456214,
            "x": 162.48840900564764,
            "y": 129.4868168951171,
            "cost_increase": 97,
            "cost_decrease": 1
        }
    },
    "lines": {
        "L0-8": {
            "id": "L0-8",
            "from_node": "0",
            "to_node": "8",
            "flow": -17.599329217905964,
            "limit": 50.0
        },
        "L0-3": {
            "id": "L0-3",
            "from_node": "0",
            "to_node": "3",
            "flow": -13.24853214278582,
            "limit": 50.0
        },
        "L0-13": {
            "id": "L0-13",
            "from_node": "0",
            "to_node": "13",
            "flow": -53.96562366701119,
            "limit": 50.0
        },
        "L1-10": {
            "id": "L1-10",
            "from_node": "1",
            "to_node": "10",
            "flow": 28.028816960536993,
            "limit": 50.0
        },
        "L1-12": {
            "id": "L1-12",
            "from_node": "1",
            "to_node": "12",
            "flow": 25.336867236364363,
            "limit": 50.0
        },
        "L1-6": {
            "id": "L1-6",
            "from_node": "1",
            "to_node": "6",
            "flow": -1.603838008926104,
            "limit": 50.0
        },
        "L2-4": {
            "id": "L2-4",
            "from_node": "2",
            "to_node": "4",
            "flow": -24.76105904236798,
            "limit": 50.0
        },
        "L2-7": {
            "id": "L2-7",
            "from_node": "2",
            "to_node": "7",
            "flow": -8.400565637577525,
            "limit": 50.0
        },
        "L2-10": {
            "id": "L2-10",
            "from_node": "2",
            "to_node": "10",
            "flow": -27.659071213517226,
            "limit": 50.0
        },
        "L2-11": {
            "id": "L2-11",
            "from_node": "2",
            "to_node": "11",
            "flow": 1.5772769247344591,
            "limit": 50.0
        },
        "L2-12": {
            "id": "L2-12",
            "from_node": "2",
            "to_node": "12",
            "flow": -30.351020937689857,
            "limit": 50.0
        },
        "L2-14": {
            "id": "L2-14",
            "from_node": "2",
            "to_node": "14",
            "flow": -9.520243866977367,
            "limit": 50.0
        },
        "L3-8": {
            "id": "L3-8",
            "from_node": "3",
            "to_node": "8",
            "flow": -4.350797075120145,
            "limit": 50.0
        },
        "L3-10": {
            "id": "L3-10",
            "from_node": "3",
            "to_node": "10",
            "flow": -36.74978460793147,
            "limit": 50.0
        },
        "L3-14": {
            "id": "L3-14",
            "from_node": "3",
            "to_node": "14",
            "flow": -18.610957261391608,
            "limit": 50.0
        },
        "L4-10": {
            "id": "L4-10",
            "from_node": "4",
            "to_node": "10",
            "flow": -2.8980121711492473,
            "limit": 50.0
        },
        "L4-12": {
            "id": "L4-12",
            "from_node": "4",
            "to_node": "12",
            "flow": -5.589961895321878,
            "limit": 50.0
        },
        "L5-16": {
            "id": "L5-16",
            "from_node": "5",
            "to_node": "16",
            "flow": 34.73506160605497,
            "limit": 50.0
        },
        "L5-13": {
            "id": "L5-13",
            "from_node": "5",
            "to_node": "13",
            "flow": 24.705710560024997,
            "limit": 50.0
        },
        "L5-15": {
            "id": "L5-15",
            "from_node": "5",
            "to_node": "15",
            "flow": 2.3207384307155365,
            "limit": 50.0
        },
        "L6-12": {
            "id": "L6-12",
            "from_node": "6",
            "to_node": "12",
            "flow": 26.940705245290467,
            "limit": 50.0
        },
        "L6-9": {
            "id": "L6-9",
            "from_node": "6",
            "to_node": "9",
            "flow": 26.06689416153045,
            "limit": 50.0
        },