{
    "nodes": {
        "0": {
            "id": "0",
            "injection": -105.74869496239606,
            "x": 494.13893275935976,
            "y": 467.8792360804784,
            "cost_increase": 32,
            "cost_decrease": 4
        },
        "1": {
            "id": "1",
            "injection": -52.17234771780041,
            "x": 205.02951109102895,
            "y": 453.1232185374053,
            "cost_increase": 58,
            "cost_decrease": 42
        },
        "2": {
            "id": "2",
            "injection": 3.065207470826054,
            "x": 453.6939353656129,
            "y": 23.96426406857359,
            "cost_increase": 32,
            "cost_decrease": -20
        },
        "3": {
            "id": "3",
            "injection": -106.78362091684431,
            "x": 401.4039847170718,
            "y": 235.19011991287573,
            "cost_increase": 82,
            "cost_decrease": -20
        },
        "4": {
            "id": "4",
            "injection": 50.81383681890728,
            "x": 340.473660084146,
            "y": 526.2661383036566,
            "cost_increase": 45,
            "cost_decrease": -20
        },
        "5": {
            "id": "5",
            "injection": 42.95882277637524,
            "x": 606.7483707147838,
            "y": 172.93445629686377,
            "cost_increase": 84,
            "cost_decrease": 5
        },
        "6": {
            "id": "6",
            "injection": 9.599082057969886,
            "x": 366.0007489305035,
            "y": 407.38465066290667,
            "cost_increase": 44,
            "cost_decrease": 14
        },
        "7": {
            "id": "7",
            "injection": 20.41990144238166,
            "x": 514.2216405838118,
            "y": 119.37512527785526,
            "cost_increase": 81,
            "cost_decrease": -13
        },
        "8": {
            "id": "8",
            "injection": 48.90027945392577,
            "x": 580.8508108490072,
            "y": 19.555356407476783,
            "cost_increase": 27,
            "cost_decrease": 37
        },
        "9": {
            "id": "9",
            "injection": 41.15460613173098,
            "x": 276.29842094607034,
            "y": 296.367573157061,
            "cost_increase": 63,
            "cost_decrease": -20
        },
        "10": {
            "id": "10",
            "injection": 25.55768001239121,
            "x": 571.9184759545603,
            "y": 340.43424112996456,
            "cost_increase": 35,
            "cost_decrease": 4
        },
        "11": {
            "id": "11",
            "injection": -70.77286243574596,
            "x": 258.7359262134729,
            "y": 83.33192453926942,
            "cost_increase": 52,
            "cost_decrease": -9
        },
        "12": {
            "id": "12",
            "injection": 37.19417553535836,
            "x": 76.67006722284158,
            "y": 192.02785758515282,
            "cost_increase": 55,
            "cost_decrease": -20
        },
        "13": {
            "id": "13",
            "injection": 61.643480637583636,
            "x": 116.8501304789715,
            "y": 338.0118759696216,
            "cost_increase": 57,
            "cost_decrease": 21
        },
        "14": {
            "id": "14",
            "injection": -101.27500716068037,
            "x": 197.45353918197674,
            "y": 203.64559096142398,
            "cost_increase": 46,
            "cost_decrease": -11
        },
        "15": {
            "id": "15",
            "injection": 18.879176559619886,
            "x": 148.07306614760512,
            "y": 110.24205151741627,
            "cost_increase": 20,
            "cost_decrease": 2
        },
        "16": {
            "id": "16",
            "injection": 28.529359742401958,
            "x": 323.6505800565744,
            "y": 158.86820788608054,
            "cost_increase": 36,
            "cost_decrease": 60
        },
        "17": {
            "id": "17",
            "injection": -63.83255560644055,
            "x": 424.6391392763438,
            "y": 149.78750453388906,
            "cost_increase": 20,
            "cost_decrease": 11
        },
        "18": {
            "id": "18",
            "injection": 50.084909121372576,
            "x": 441.8950277881811,
            "y": 308.1108687742611,
            "cost_increase": 66,
            "cost_decrease": -20
        },
        "19": {
            "id": "19",
            "injection": 61.784571039063195,
            "x": 96.84427307049395,
            "y": 43.86878951499793,
            "cost_increase": 36,
            "cost_decrease": -20
        },
        "7b": {
            "id": "7b",
            "injection": 0.0,
            "x": 514.2216405838118,
            "y": 119.37512527785526,
            "cost_increase": 20,
            "cost_decrease": 18
        },
        "9b": {
            "id": "9b",
            "injection": 0.0,
            "x": 276.29842094607034,
            "y": 296.367573157061,
            "cost_increase": 57,
            "cost_decrease": 10
        },
        "12b": {
            "id": "12b",
            "injection": 0.0,
            "x": 76.67006722284158,
            "y": 192.02785758515282,
            "cost_increase": 75,
            "cost_decrease": 18
        }
    },
    "lines": {
        "L0-10": {
            "id": "L0-10",
            "from_node": "0",
            "to_node": "10",
            "flow": -44.10734315459222,
            "limit": 50.0
        },
        "L0-4": {
            "id": "L0-4",
            "from_node": "0",
            "to_node": "4",
            "flow": -34.91241161438031,
            "limit": 50.0
        },
        "L0-6": {
            "id": "L0-6",
            "from_node": "0",
            "to_node": "6",
            "flow": -26.728940193423494,
            "limit": 50.0
        },
        "L1-4": {
            "id": "L1-4",
            "from_node": "1",
            "to_node": "4",
            "flow": -7.717953783570156,
            "limit": 50.0
        },
        "L1-9": {
            "id": "L1-9",
            "from_node": "1",
            "to_node": "9",
            "flow": -8.480869077110132,
            "limit": 50.0
        },
        "L1-13": {
            "id": "L1-13",
            "from_node": "1",
            "to_node": "13",
            "flow": -35.97352485712014,
            "limit": 50.0
        },
        "L2-5": {
            "id": "L2-5",
            "from_node": "2",
            "to_node": "5",
            "flow": -5.568587287013628,
            "limit": 50.0
        },
        "L2-8": {
            "id": "L2-8",
            "from_node": "2",
            "to_node": "8",
            "flow": -27.234433370469702,
            "limit": 50.0
        },
        "L3-9": {
            "id": "L3-9",
            "from_node": "3",
            "to_node": "9",
            "flow": -48.498303528108316,
            "limit": 50.0
        },
        "L3-18": {
            "id": "L3-18",
            "from_node": "3",
            "to_node": "18",
            "flow": -43.27644327448552,
            "limit": 50.0
        },
        "L4-6": {
            "id": "L4-6",
            "from_node": "4",
            "to_node": "6",
            "flow": 8.183471420956817,
            "limit": 50.0
        },
        "L5-8": {
            "id": "L5-8",
            "from_node": "5",
            "to_node": "8",
            "flow": -21.665846083456074,
            "limit": 50.0
        },
        "L5-10": {
            "id": "L5-10",
            "from_node": "5",
            "to_node": "10",
            "flow": 32.20353964249576,
            "limit": 50.0
        },
        "L11-14": {
            "id": "L11-14",
            "from_node": "11",
            "to_node": "14",
            "flow": 45.3452854218311,
            "limit": 50.0
        },
        "L12-13": {
            "id": "L12-13",
            "from_node": "12",
            "to_node": "13",