{
    "nodes": {
        "0": {
            "id": "0",
            "injection": 39.013781435196606,
            "x": 177.77714370913074,
            "y": 74.92917262358166,
            "cost_increase": 20,
            "cost_decrease": 27
        },
        "1": {
            "id": "1",
            "injection": 60.19906736047779,
            "x": 441.8980465689513,
            "y": 214.95812847961508,
            "cost_increase": 59,
            "cost_decrease": -20
        },
        "2": {
            "id": "2",
            "injection": -92.70381153428112,
            "x": 364.06000591980785,
            "y": 145.22945888518413,
            "cost_increase": 48,
            "cost_decrease": 31
        },
        "3": {
            "id": "3",
            "injection": 39.84854316099807,
            "x": 293.3964633268799,
            "y": 288.01728575816014,
            "cost_increase": 39,
            "cost_decrease": 25
        },
        "4": {
            "id": "4",
            "injection": -63.60311446888396,
            "x": 192.1875001081764,
            "y": 269.409420621583,
            "cost_increase": 20,
            "cost_decrease": -15
        },
        "5": {
            "id": "5",
            "injection": 68.23793173875225,
            "x": 167.77846457347457,
            "y": 388.70287199054894,
            "cost_increase": 59,
            "cost_decrease": 40
        },
        "6": {
            "id": "6",
            "injection": 59.85588754225887,
            "x": 279.4729672847467,
            "y": 173.27257138756707,
            "cost_increase": 42,
            "cost_decrease": 19
        },
        "7": {
            "id": "7",
            "injection": -37.41938231200194,
            "x": 81.4859219599088,
            "y": 229.28058398143196,
            "cost_increase": 37,
            "cost_decrease": -20
        },
        "8": {
            "id": "8",
            "injection": -141.65647458217506,
            "x": 355.0970524575604,
            "y": 375.53695199736876,
            "cost_increase": 25,
            "cost_decrease": 35
        },
        "9": {
            "id": "9",
            "injection": 68.22757165965851,
            "x": 353.50177519061083,
            "y": 44.556772531657735,
            "cost_increase": 37,
            "cost_decrease": -20
        },
        "9b": {
            "id": "9b",
            "injection": 0.0,
            "x": 353.50177519061083,
            "y": 44.556772531657735,
            "cost_increase": 22,
            "cost_decrease": 7
        },
        "6b": {
            "id": "6b",
            "injection": 0.0,
            "x": 279.4729672847467,
            "y": 173.27257138756707,
            "cost_increase": 29,
            "cost_decrease": 12
        }
    },
    "lines": {
        "L0-9": {
            "id": "L0-9",
            "from_node": "0",
            "to_node": "9",
            "flow": -5.831141677320213,
            "limit": 50.0
        },
        "L0-6": {
            "id": "L0-6",
            "from_node": "0",
            "to_node": "6",
            "flow": 9.201279150649567,
            "limit": 50.0
        },
        "L0-7": {
            "id": "L0-7",
            "from_node": "0",
            "to_node": "7",
            "flow": 35.643643961867255,
            "limit": 50.0
        },
        "L2-9": {
            "id": "L2-9",
            "from_node": "2",
            "to_node": "9",
            "flow": -47.3640091543685,
            "limit": 50.0
        },
        "L2-6": {
            "id": "L2-6",
            "from_node": "2",
            "to_node": "6",
            "flow": -32.33158832639872,
            "limit": 50.0
        },
        "L3-4": {
            "id": "L3-4",
            "from_node": "3",
            "to_node": "4",
            "flow": 12.546157387814436,
            "limit": 50.0
        },
        "L3-6": {
            "id": "L3-6",
            "from_node": "3",
            "to_node": "6",
            "flow": -19.60592090333254,
            "limit": 50.0
        },
        "L3-8": {
            "id": "L3-8",
            "from_node": "3",
            "to_node": "8",
            "flow": 46.908306676516176,
            "limit": 50.0
        },
        "L4-5": {
            "id": "L4-5",
            "from_node": "4",
            "to_node": "5",
            "flow": -13.195165309993264,
            "limit": 50.0
        },
        "L4-6": {
            "id": "L4-6",
            "from_node": "4",
            "to_node": "6",
            "flow": -32.15207829114697,
            "limit": 50.0
        },
        "L4-7": {
            "id": "L4-7",
            "from_node": "4",
            "to_node": "7",
            "flow": -5.709713479929285,
            "limit": 50.0
        },
        "L5-8": {
            "id": "L5-8",
            "from_node": "5",
            "to_node": "8",
            "flow": 47.557314598695,
            "limit": 50.0
        },
        "L5-7": {
            "id": "L5-7",
            "from_node": "5",
            "to_node": "7",
            "flow": 7.48545183006398,
            "limit": 50.0
        },
        "L6-9": {
            "id": "L6-9",
            "from_node": "6",
            "to_node": "9",
            "flow": -15.03242082796978,
            "limit": 50.0
        },
        "L1-2": {
            "id": "L1-2",
            "from_node": "1",
            "to_node": "2",
            "flow": 13.008214053513903,
            "limit": 50.0
        },
        "L1-8": {
            "id": "L1-8",
            "from_node": "1",
            "to_node": "8",
            "flow": 47.19085330696389,
            "limit": 50.0
        },
        "L1-9b": {
            "id": "L1-9b",
            "from_node": "1",
            "to_node": "9b",
            "flow": -3.552713678800501e-15,
            "limit": 50.0
        },
        "L1-6b": {
            "id": "L1-6b",
            "from_node": "1",
            "to_node": "6b",
            "flow": -3.552713678800501e-15,
            "limit": 50.0
        }
    },
    "cost": 0.0
}