{
    "nodes": {
        "0": {
            "id": "0",
            "injection": 57.219166011580455,
            "x": 200.28732362129276,
            "y": 109.1082415301293,
            "cost_increase": 41,
            "cost_decrease": 5
        },
        "1": {
            "id": "1",
            "injection": 72.92949585120463,
            "x": 193.45887720266225,
            "y": 265.4798309423901,
            "cost_increase": 20,
            "cost_decrease": 40
        },
        "2": {
            "id": "2",
            "injection": -22.061364241641485,
            "x": 471.7869693335863,
            "y": 300.6606934418506,
            "cost_increase": 24,
            "cost_decrease": 27
        },
        "3": {
            "id": "3",
            "injection": 32.55323082682222,
            "x": 356.8751558942658,
            "y": 71.70789528916858,
            "cost_increase": 55,
            "cost_decrease": 23
        },
        "4": {
            "id": "4",
            "injection": -50.10914513403535,
            "x": 500.875835928717,
            "y": 145.1584494242346,
            "cost_increase": 25,
            "cost_decrease": 24
        },
        "5": {
            "id": "5",
            "injection": 29.43512172498195,
            "x": 238.57672222404278,
            "y": 416.1800846122989,
            "cost_increase": 24,
            "cost_decrease": 33
        },
        "6": {
            "id": "6",
            "injection": -99.86288914409567,
            "x": 326.8348226759787,
            "y": 318.2884871083985,
            "cost_increase": 74,
            "cost_decrease": -18
        },
        "7": {
            "id": "7",
            "injection": -70.11768047530174,
            "x": 384.4570711653086,
            "y": 437.6009188429142,
            "cost_increase": 62,
            "cost_decrease": -16
        },
        "8": {
            "id": "8",
            "injection": -26.658800172499774,
            "x": 343.0798510382322,
            "y": 190.84523408154527,
            "cost_increase": 96,
            "cost_decrease": 12
        },
        "9": {
            "id": "9",
            "injection": 37.69117656769266,
            "x": 447.2949525139972,
            "y": -2.6405980267025746,
            "cost_increase": 38,
            "cost_decrease": 13
        },
        "10": {
            "id": "10",
            "injection": 38.981688185292086,
            "x": 285.6916240936928,
            "y": -20.37995291944651,
            "cost_increase": 30,
            "cost_decrease": 36
        }
    },
    "lines": {
        "L0-8": {
            "id": "L0-8",
            "from_node": "0",
            "to_node": "8",
            "flow": 43.361853533910555,
            "limit": 50.0
        },
        "L0-1": {
            "id": "L0-1",
            "from_node": "0",
            "to_node": "1",
            "flow": 26.013222362165678,
            "limit": 50.0
        },
        "L0-10": {
            "id": "L0-10",
            "from_node": "0",
            "to_node": "10",
            "flow": -12.155909884495756,
            "limit": 50.0
        },
        "L1-8": {
            "id": "L1-8",
            "from_node": "1",
            "to_node": "8",
            "flow": 17.348631171744877,
            "limit": 50.0
        },
        "L1-5": {
            "id": "L1-5",
            "from_node": "1",
            "to_node": "5",
            "flow": 29.595751985263078,
            "limit": 50.0
        },
        "L1-6": {
            "id": "L1-6",
            "from_node": "1",
            "to_node": "6",
            "flow": 51.99833505636235,
            "limit": 50.0
        },
        "L2-8": {
            "id": "L2-8",
            "from_node": "2",
            "to_node": "8",
            "flow": -29.61172918455444,
            "limit": 50.0
        },
        "L2-4": {
            "id": "L2-4",
            "from_node": "2",
            "to_node": "4",
            "flow": -16.751292025259545,
            "limit": 50.0
        },
        "L2-6": {
            "id": "L2-6",
            "from_node": "2",
            "to_node": "6",
            "flow": 5.037974700063032,
            "limit": 50.0
        },
        "L2-7": {
            "id": "L2-7",
            "from_node": "2",
            "to_node": "7",
            "flow": 19.263682268109505,
            "limit": 50.0
        },
        "L3-8": {
            "id": "L3-8",
            "from_node": "3",
            "to_node": "8",
            "flow": 43.0701856953112,
            "limit": 50.0
        },
        "L3-9": {
            "id": "L3-9",
            "from_node": "3",
            "to_node": "9",
            "flow": 1.9306228546061195,
            "limit": 50.0
        },
        "L3-10": {
            "id": "L3-10",
            "from_node": "3",
            "to_node": "10",
            "flow": -12.447577723095106,
            "limit": 50.0
        },
        "L4-8": {
            "id": "L4-8",
            "from_node": "4",
            "to_node": "8",
            "flow": -12.860437159294897,
            "limit": 50.0
        },
        "L4-9": {
            "id": "L4-9",
            "from_node": "4",
            "to_node": "9",
            "flow": -53.999999999999986,
            "limit": 50.0
        },
        "L5-6": {
            "id": "L5-6",
            "from_node": "5",
            "to_node": "6",
            "flow": 22.402583071099272,
            "limit": 50.0
        },
        "L5-7": {
            "id": "L5-7",
            "from_node": "5",
            "to_node": "7",
            "flow": 36.628290639145746,
            "limit": 50.0
        },
        "L6-7": {
            "id": "L6-7",
            "from_node": "6",
            "to_node": "7",
            "flow": 14.225707568046474,
            "limit": 50.0
        },
        "L6-8": {
            "id": "L6-8",
            "from_node": "6",
            "to_node": "8",
            "flow": -34.64970388461747,
            "limit": 50.0
        },
        "L9-10": {
            "id": "L9-10",
            "from_node": "9",
            "to_node": "10",
            "flow": -14.378200577701225,
            "limit": 50.0
        }
    },
    "cost": 0.0,
    "difficulty": "Medium"
}
