{
    "nodes": {
        "0": {
            "id": "0",
            "injection": -21.10238745565563,
            "x": 223.33219708435547,
            "y": 187.37623344781818,
            "cost_increase": 72,
            "cost_decrease": 22
        },
        "1": {
            "id": "1",
            "injection": -24.755937134661956,
            "x": 421.53529054243114,
            "y": 252.012617292917,
            "cost_increase": 40,
            "cost_decrease": 31
        },
        "2": {
            "id": "2",
            "injection": -72.53154799618528,
            "x": 132.7579781312969,
            "y": 213.33374985517796,
            "cost_increase": 51,
            "cost_decrease": 7
        },
        "3": {
            "id": "3",
            "injection": 13.550424149347123,
            "x": 453.44518040123535,
            "y": 396.5592595794541,
            "cost_increase": 86,
            "cost_decrease": 16
        },
        "4": {
            "id": "4",
            "injection": 82.19023513539753,
            "x": 389.370954964246,
            "y": 195.25639794123896,
            "cost_increase": 38,
            "cost_decrease": 36
        },
        "5": {
            "id": "5",
            "injection": 88.10067436035325,
            "x": 29.62980970142326,
            "y": 192.33792887710297,
            "cost_increase": 47,
            "cost_decrease": 39
        },
        "6": {
            "id": "6",
            "injection": -73.36444664083888,
            "x": 166.68648373693645,
            "y": 65.84782660146766,
            "cost_increase": 34,
            "cost_decrease": 25
        },
        "7": {
            "id": "7",
            "injection": 93.81882470781383,
            "x": 234.8419972789479,
            "y": 315.98914461334425,
            "cost_increase": 94,
            "cost_decrease": 33
        },
        "8": {
            "id": "8",
            "injection": 14.230766217362884,
            "x": 107.18782273396539,
            "y": 358.2397017043007,
            "cost_increase": 32,
            "cost_decrease": -11
        },
        "9": {
            "id": "9",
            "injection": 60.32979118822192,
            "x": 510.14836878337354,
            "y": 217.54657434865445,
            "cost_increase": 47,
            "cost_decrease": 33
        },
        "10": {
            "id": "10",
            "injection": 26.758817899600558,
            "x": 276.9137719737449,
            "y": 442.78837746881936,
            "cost_increase": 39,
            "cost_decrease": -17
        },
        "11": {
            "id": "11",
            "injection": -43.14714697682684,
            "x": 352.1598778451647,
            "y": 318.2933775938331,
            "cost_increase": 62,
            "cost_decrease": 12
        },
        "12": {
            "id": "12",
            "injection": -76.02316736934984,
            "x": 317.8235008884744,
            "y": 169.2398436247043,
            "cost_increase": 90,
            "cost_decrease": 38
        },
        "13": {
            "id": "13",
            "injection": -68.05490008457873,
            "x": 369.2381485429111,
            "y": 62.12245131127052,
            "cost_increase": 49,
            "cost_decrease": -1
        }
    },
    "lines": {
        "L0-2": {
            "id": "L0-2",
            "from_node": "0",
            "to_node": "2",
            "flow": 5.212885194602649,
            "limit": 50.0
        },
        "L0-6": {
            "id": "L0-6",
            "from_node": "0",
            "to_node": "6",
            "flow": 15.959766152455453,
            "limit": 50.0
        },
        "L0-7": {
            "id": "L0-7",
            "from_node": "0",
            "to_node": "7",
            "flow": -49.439704803292145,
            "limit": 50.0
        },
        "L0-12": {
            "id": "L0-12",
            "from_node": "0",
            "to_node": "12",
            "flow": 7.1646660005784835,
            "limit": 50.0
        },
        "L1-9": {
            "id": "L1-9",
            "from_node": "1",
            "to_node": "9",
            "flow": -9.14144171700671,
            "limit": 50.0
        },
        "L1-11": {
            "id": "L1-11",
            "from_node": "1",
            "to_node": "11",
            "flow": -0.7235631457232614,
            "limit": 50.0
        },
        "L1-4": {
            "id": "L1-4",
            "from_node": "1",
            "to_node": "4",
            "flow": -14.89093227193197,
            "limit": 50.0
        },
        "L2-5": {
            "id": "L2-5",
            "from_node": "2",
            "to_node": "5",
            "flow": -38.85483429048397,
            "limit": 50.0
        },
        "L2-6": {
            "id": "L2-6",
            "from_node": "2",
            "to_node": "6",
            "flow": 10.746880957852804,
            "limit": 50.0
        },
        "L2-8": {
            "id": "L2-8",
            "from_node": "2",
            "to_node": "8",
            "flow": -39.210709468951464,
            "limit": 50.0
        },
        "L3-9": {
            "id": "L3-9",
            "from_node": "3",
            "to_node": "9",
            "flow": 4.852007042232465,
            "limit": 50.0
        },
        "L3-10": {
            "id": "L3-10",
            "from_node": "3",
            "to_node": "10",
            "flow": -4.571468506401253,
            "limit": 50.0
        },
        "L3-11": {
            "id": "L3-11",
            "from_node": "3",
            "to_node": "11",
            "flow": 13.269885613515914,
            "limit": 50.0
        },
        "L4-9": {
            "id": "L4-9",
            "from_node": "4",
            "to_node": "9",
            "flow": 5.749490554925259,
            "limit": 50.0
        },
        "L4-11": {
            "id": "L4-11",
            "from_node": "4",
            "to_node": "11",
            "flow": 14.167369126208708,
            "limit": 50.0
        },
        "L4-12": {
            "id": "L4-12",
            "from_node": "4",
            "to_node": "12",
            "flow": 47.382443182331585,
            "limit": 50.0
        },
        "L5-8": {
            "id": "L5-8",
            "from_node": "5",
            "to_node": "8",
            "flow": -0.3558751784674925,
            "limit": 50.0
        },
        "L5-6": {
            "id": "L5-6",
            "from_node": "5",
            "to_node": "6",
            "flow": 49.601715248336774,
            "limit": 50.0
        },
        "L6-13": {
            "id": "L6-13",
            "from_node": "6",
            "to_node": "13",
            "flow": 2.9439157178061546,
            "limit": 50.0
        },
        "L7-8": {
            "id": "L7-8",
            "from_node": "7",
            "to_node": "8",
            "flow": 15.44188052894333,
            "limit": 50.0
        },
        "L7-10": {
            "id": "L7-10",
            "from_node": "7",
            "to_node": "10",
            "flow": 5.547942627830587,
            "limit": 50.0
        },
        "L7-11": {
            "id": "L7-11",
            "from_node": "7",
            "to_node": "11",
            "flow": 23.389296747747753,
            "limit": 50.0
        },
        "L8-10": {
            "id": "L8-10",
            "from_node": "8",
            "to_node": "10",
            "flow": -9.893937901112743,
            "limit": 50.0
        },
        "L9-11": {
            "id": "L9-11",
            "from_node": "9",
            "to_node": "11",
            "flow": 8.417878571283449,
            "limit": 50.0
        },
        "L9-13": {
            "id": "L9-13",
            "from_node": "9",
            "to_node": "13",
            "flow": 53.37196849708945,
            "limit": 50.0
        },
        "L10-11": {
            "id": "L10-11",
            "from_node": "10",
            "to_node": "11",
            "flow": 17.841354119917167,
            "limit": 50.0
        },