{
    "nodes": {
        "0": {
            "id": "0",
            "injection": 89.35664210560891,
            "x": 353.7331418144391,
            "y": 327.8832181657892,
            "cost_increase": 39,
            "cost_decrease": -20
        },
        "1": {
            "id": "1",
            "injection": -52.459809597025874,
            "x": 92.19112413976913,
            "y": 327.01342813314614,
            "cost_increase": 36,
            "cost_decrease": 27
        },
        "2": {
            "id": "2",
            "injection": -39.510143769706005,
            "x": 246.56846753298385,
            "y": 357.41375917584764,
            "cost_increase": 31,
            "cost_decrease": -17
        },
        "3": {
            "id": "3",
            "injection": -61.5083523131396,
            "x": 503.147553408372,
            "y": 194.10592295684384,
            "cost_increase": 66,
            "cost_decrease": 22
        },
        "4": {
            "id": "4",
            "injection": 48.10835435226993,
            "x": 223.0740475536693,
            "y": 240.93001884357744,
            "cost_increase": 58,
            "cost_decrease": -7
        },
        "5": {
            "id": "5",
            "injection": -31.679078349854024,
            "x": 245.00260243245748,
            "y": 85.7247840447299,
            "cost_increase": 79,
            "cost_decrease": -20
        },
        "6": {
            "id": "6",
            "injection": -16.315520342588542,
            "x": 365.5498841428448,
            "y": 469.81529357089465,
            "cost_increase": 53,
            "cost_decrease": 14
        },
        "7": {
            "id": "7",
            "injection": -99.3391176794737,
            "x": 106.60733854635404,
            "y": 169.30645139322243,
            "cost_increase": 72,
            "cost_decrease": -7
        },
        "8": {
            "id": "8",
            "injection": 89.0716891012424,
            "x": 487.6118660623076,
            "y": 357.3027412668715,
            "cost_increase": 27,
            "cost_decrease": 26
        },
        "9": {
            "id": "9",
            "injection": -44.80140221812026,
            "x": 354.984465471872,
            "y": 192.17624169550564,
            "cost_increase": 20,
            "cost_decrease": -14
        },
        "10": {
            "id": "10",
            "injection": 87.46189941791455,
            "x": 194.0220082931719,
            "y": 460.00685217654586,
            "cost_increase": 72,
            "cost_decrease": 55
        },
        "11": {
            "id": "11",
            "injection": 31.614839292872272,
            "x": 403.89911358952156,
            "y": 69.53133234995404,
            "cost_increase": 41,
            "cost_decrease": -10
        },
        "4b": {
            "id": "4b",
            "injection": 0.0,
            "x": 223.0740475536693,
            "y": 240.93001884357744,
            "cost_increase": 93,
            "cost_decrease": -19
        },
        "11b": {
            "id": "11b",
            "injection": 0.0,
            "x": 403.89911358952156,
            "y": 69.53133234995404,
            "cost_increase": 75,
            "cost_decrease": -20
        }
    },
    "lines": {
        "L0-2": {
            "id": "L0-2",
            "from_node": "0",
            "to_node": "2",
            "flow": 24.63081107802113,
            "limit": 50.0
        },
        "L0-6": {
            "id": "L0-6",
            "from_node": "0",
            "to_node": "6",
            "flow": -5.22072342102173,
            "limit": 50.0
        },
        "L0-8": {
            "id": "L0-8",
            "from_node": "0",
            "to_node": "8",
            "flow": -22.157819663666086,
            "limit": 50.0
        },
        "L1-10": {
            "id": "L1-10",
            "from_node": "1",
            "to_node": "10",
            "flow": -48.41206987693986,
            "limit": 50.0
        },
        "L1-4": {
            "id": "L1-4",
            "from_node": "1",
            "to_node": "4",
            "flow": -48.108354352269934,
            "limit": 50.0
        },
        "L2-10": {
            "id": "L2-10",
            "from_node": "2",
            "to_node": "10",
            "flow": -34.45068202000877,
            "limit": 50.0
        },
        "L3-8": {
            "id": "L3-8",
            "from_node": "3",
            "to_node": "8",
            "flow": -49.97677319493196,
            "limit": 50.0
        },
        "L3-11": {
            "id": "L3-11",
            "from_node": "3",
            "to_node": "11",
            "flow": -31.61483929287227,
            "limit": 50.0
        },
        "L5-7": {
            "id": "L5-7",
            "from_node": "5",
            "to_node": "7",
            "flow": 16.82784988649871,
            "limit": 50.0
        },
        "L5-9": {
            "id": "L5-9",
            "from_node": "5",
            "to_node": "9",
            "flow": -17.922749974706903,
            "limit": 50.0
        },
        "L6-8": {
            "id": "L6-8",
            "from_node": "6",
            "to_node": "8",
            "flow": -16.937096242644355,
            "limit": 50.0
        },
        "L6-10": {
            "id": "L6-10",
            "from_node": "6",
            "to_node": "10",
            "flow": -4.599147520965915,
            "limit": 50.0
        },
        "L0-9": {
            "id": "L0-9",
            "from_node": "0",
            "to_node": "9",
            "flow": 47.90221370593051,
            "limit": 50.0
        },
        "L3-9": {
            "id": "L3-9",
            "from_node": "3",
            "to_node": "9",
            "flow": 20.083260174664634,
            "limit": 50.0
        },
        "L1-7": {
            "id": "L1-7",
            "from_node": "1",
            "to_node": "7",
            "flow": 44.060614632183906,
            "limit": 50.0
        },
        "L2-4b": {
            "id": "L2-4b",
            "from_node": "2",
            "to_node": "4b",
            "flow": 19.5713493283239,
            "limit": 50.0
        },
        "L0-4b": {
            "id": "L0-4b",
            "from_node": "0",
            "to_node": "4b",
            "flow": 44.20216040634503,
            "limit": 50.0
        },
        "L4b-9": {
            "id": "L4b-9",
            "from_node": "4b",
            "to_node": "9",
            "flow": 3.700053299585477,
            "limit": 50.0
        },
        "L4b-5": {
            "id": "L4b-5",
            "from_node": "4b",
            "to_node": "5",
            "flow": 21.62280327429238,
            "limit": 50.0
        },
        "L4b-7": {
            "id": "L4b-7",
            "from_node": "4b",
            "to_node": "7",
            "flow": 38.45065316079109,
            "limit": 50.0
        },
        "L9-11b": {
            "id": "L9-11b",
            "from_node": "9",
            "to_node": "11b",
            "flow": 8.961374987353459,
            "limit": 50.0
        },
        "L5-11b": {
            "id": "L5-11b",
            "from_node": "5",
            "to_node": "11b",
            "flow": -8.961374987353445,
            "limit": 50.0
        }
    },
    "cost": 0.0
}