{
    "nodes": {
        "0": {
            "id": "0",
            "injection": 88.60074255636454,
            "x": 352.70684074862686,
            "y": 93.2955916291716,
            "cost_increase": 49,
            "cost_decrease": 7
        },
        "1": {
            "id": "1",
            "injection": -77.99772401135543,
            "x": 260.2281360254326,
            "y": 309.99649667860865,
            "cost_increase": 82,
            "cost_decrease": 17
        },
        "2": {
            "id": "2",
            "injection": -82.82806790962753,
            "x": 166.91432056053713,
            "y": 352.3575384502472,
            "cost_increase": 85,
            "cost_decrease": 17
        },
        "3": {
            "id": "3",
            "injection": -47.91933902658618,
            "x": 219.1555277722252,
            "y": 168.4602564787834,
            "cost_increase": 99,
            "cost_decrease": 8
        },
        "4": {
            "id": "4",
            "injection": 85.3845669292239,
            "x": 350.6211565281514,
            "y": 240.06409292931366,
            "cost_increase": 56,
            "cost_decrease": 8
        },
        "5": {
            "id": "5",
            "injection": -76.89121310559337,
            "x": 148.0858763125725,
            "y": 268.64946211072476,
            "cost_increase": 32,
            "cost_decrease": -3
        },
        "6": {
            "id": "6",
            "injection": 77.93475176388785,
            "x": 275.5722129241631,
            "y": 233.8915041688612,
            "cost_increase": 94,
            "cost_decrease": 39
        },
        "7": {
            "id": "7",
            "injection": 13.871994697848805,
            "x": 49.48899457952871,
            "y": 272.32864044973996,
            "cost_increase": 46,
            "cost_decrease": 21
        },
        "8": {
            "id": "8",
            "injection": 65.09541318455811,
            "x": 226.63030753609252,
            "y": 431.76301648209187,
            "cost_increase": 35,
            "cost_decrease": 27
        },
        "9": {
            "id": "9",
            "injection": -84.58070167433472,
            "x": 403.29230287605486,
            "y": 322.43731195450073,
            "cost_increase": 22,
            "cost_decrease": -14
        },
        "10": {
            "id": "10",
            "injection": -19.944113909979762,
            "x": 316.10676288143725,
            "y": 173.26102774965076,
            "cost_increase": 35,
            "cost_decrease": 28
        },
        "11": {
            "id": "11",
            "injection": 27.888613049240774,
            "x": 131.88816955855066,
            "y": 180.75386163591668,
            "cost_increase": 55,
            "cost_decrease": 30
        },
        "12": {
            "id": "12",
            "injection": 31.38507745635306,
            "x": 129.31183979035444,
            "y": 74.44577611353033,
            "cost_increase": 24,
            "cost_decrease": 19
        }
    },
    "lines": {
        "L0-3": {
            "id": "L0-3",
            "from_node": "0",
            "to_node": "3",
            "flow": 27.227628927154523,
            "limit": 50.0
        },
        "L0-4": {
            "id": "L0-4",
            "from_node": "0",
            "to_node": "4",
            "flow": 4.615877922947111,
            "limit": 50.0
        },
        "L0-9": {
            "id": "L0-9",
            "from_node": "0",
            "to_node": "9",
            "flow": 41.6373615438818,
            "limit": 50.0
        },
        "L0-10": {
            "id": "L0-10",
            "from_node": "0",
            "to_node": "10",
            "flow": 13.90553804338679,
            "limit": 50.0
        },
        "L0-12": {
            "id": "L0-12",
            "from_node": "0",
            "to_node": "12",
            "flow": 1.2143361189942843,
            "limit": 50.0
        },
        "L1-2": {
            "id": "L1-2",
            "from_node": "1",
            "to_node": "2",
            "flow": 30.1839150564495,
            "limit": 50.0
        },
        "L1-3": {
            "id": "L1-3",
            "from_node": "1",
            "to_node": "3",
            "flow": -21.07755010658924,
            "limit": 50.0
        },
        "L1-4": {
            "id": "L1-4",
            "from_node": "1",
            "to_node": "4",
            "flow": -43.68930111079665,
            "limit": 50.0
        },
        "L1-5": {
            "id": "L1-5",
            "from_node": "1",
            "to_node": "5",
            "flow": 26.981168748963093,
            "limit": 50.0
        },
        "L1-6": {
            "id": "L1-6",
            "from_node": "1",
            "to_node": "6",
            "flow": -44.47064762027802,
            "limit": 50.0
        },
        "L1-8": {
            "id": "L1-8",
            "from_node": "1",
            "to_node": "8",
            "flow": -19.257491489242145,
            "limit": 50.0
        },
        "L1-9": {
            "id": "L1-9",
            "from_node": "1",
            "to_node": "9",
            "flow": -6.66781748986196,
            "limit": 50.0
        },
        "L2-5": {
            "id": "L2-5",
            "from_node": "2",
            "to_node": "5",
            "flow": -3.2027463074864073,
            "limit": 50.0
        },
        "L2-8": {
            "id": "L2-8",
            "from_node": "2",
            "to_node": "8",
            "flow": -49.44140654569165,
            "limit": 50.0
        },
        "L3-6": {
            "id": "L3-6",
            "from_node": "3",
            "to_node": "6",
            "flow": -23.39309751368878,
            "limit": 50.0
        },
        "L3-10": {
            "id": "L3-10",
            "from_node": "3",
            "to_node": "10",
            "flow": -13.322090883767734,
            "limit": 50.0
        },
        "L3-11": {
            "id": "L3-11",
            "from_node": "3",
            "to_node": "11",
            "flow": -5.0540718085643626,
            "limit": 50.0
        },
        "L4-9": {
            "id": "L4-9",
            "from_node": "4",
            "to_node": "9",
            "flow": 37.02148362093469,
            "limit": 50.0
        },
        "L4-10": {
            "id": "L4-10",
            "from_node": "4",
            "to_node": "10",
            "flow": 9.289660120439677,
            "limit": 50.0
        },
        "L5-11": {
            "id": "L5-11",
            "from_node": "5",
            "to_node": "11",
            "flow": -53.112790664116694,
            "limit": 50.0
        },
        "L6-10": {
            "id": "L6-10",
            "from_node": "6",
            "to_node": "10",
            "flow": 10.071006629921047,
            "limit": 50.0
        },
        "L7-8": {
            "id": "L7-8",
            "from_node": "7",
            "to_node": "8",
            "flow": 16.193158849755864,
            "limit": 50.0
        },
        "L7-11": {
            "id": "L7-11",
            "from_node": "7",
            "to_node": "11",
            "flow": 9.319028423844408,
            "limit": 50.0
        },
        "L7-12": {
            "id": "L7-12",
            "from_node": "7",
            "to_node": "12",
            "flow": -11.640192575751469,
            "limit": 50.0
        },
        "L8-9": {
            "id": "L8-9",
            "from_node": "8",
            "to_node": "9",
            "flow": 12.589673999380185,
            "limit": 50.0
        },
        "L11-12": {
            "id": "L11-12",
            "from_node": "11",
            "to_node": "12",
            "flow": -20.959220999595875,
            "limit": 50.0
        }
    },
    "cost": 0.0,
    "difficulty": "Easy"
}
