{
    "nodes": {
        "0": {
            "id": "0",
            "injection": -30.732228079773275,
            "x": 498.93601428546475,
            "y": 186.50419921547206,
            "cost_increase": 39,
            "cost_decrease": -17
        },
        "1": {
            "id": "1",
            "injection": 17.52841341586565,
            "x": 271.620553081352,
            "y": 369.36003685161114,
            "cost_increase": 57,
            "cost_decrease": 31
        },
        "2": {
            "id": "2",
            "injection": 9.980448116584974,
            "x": 473.1444233758236,
            "y": 326.9695428727243,
            "cost_increase": 79,
            "cost_decrease": -14
        },
        "3": {
            "id": "3",
            "injection": 93.32641216410599,
            "x": 386.6158638107475,
            "y": 455.24518744739646,
            "cost_increase": 27,
            "cost_decrease": 28
        },
        "4": {
            "id": "4",
            "injection": 92.81201136348677,
            "x": 281.0642393115,
            "y": 22.022513042081112,
            "cost_increase": 25,
            "cost_decrease": 17
        },
        "5": {
            "id": "5",
            "injection": -60.641380020664876,
            "x": 215.1114906881972,
            "y": 278.70510513935653,
            "cost_increase": 97,
            "cost_decrease": -11
        },
        "6": {
            "id": "6",
            "injection": 64.55260663005566,
            "x": 201.5447533581852,
            "y": 92.82140637963157,
            "cost_increase": 65,
            "cost_decrease": 40
        },
        "7": {
            "id": "7",
            "injection": 41.31219390053364,
            "x": 348.3217664290528,
            "y": 217.30893925859996,
            "cost_increase": 36,
            "cost_decrease": -17
        },
        "8": {
            "id": "8",
            "injection": 21.61209896779545,
            "x": 185.40620433665796,
            "y": 204.4996823396246,
            "cost_increase": 54,
            "cost_decrease": 9
        },
        "9": {
            "id": "9",
            "injection": -95.37682219636638,
            "x": 268.34448226144696,
            "y": 158.7700464029347,
            "cost_increase": 24,
            "cost_decrease": 30
        },
        "10": {
            "id": "10",
            "injection": -59.43720864288119,
            "x": 102.47741476494943,
            "y": 62.57322529043453,
            "cost_increase": 68,
            "cost_decrease": 1
        },
        "11": {
            "id": "11",
            "injection": 18.058809842402233,
            "x": 70.45691624649798,
            "y": 246.1177009951351,
            "cost_increase": 60,
            "cost_decrease": 5
        },
        "12": {
            "id": "12",
            "injection": -66.65693678581839,
            "x": 242.00983474084055,
            "y": 504.49461301398975,
            "cost_increase": 21,
            "cost_decrease": 22
        },
        "13": {
            "id": "13",
            "injection": -113.0604647124368,
            "x": 423.3256330191653,
            "y": 70.60986046624917,
            "cost_increase": 68,
            "cost_decrease": -4
        },
        "14": {
            "id": "14",
            "injection": 66.72204603711053,
            "x": 119.08054720500267,
            "y": 410.26012983888893,
            "cost_increase": 29,
            "cost_decrease": 22
        }
    },
    "lines": {
        "L0-2": {
            "id": "L0-2",
            "from_node": "0",
            "to_node": "2",
            "flow": -31.50617237661841,
            "limit": 50.0
        },
        "L0-13": {
            "id": "L0-13",
            "from_node": "0",
            "to_node": "13",
            "flow": 19.944803003093988,
            "limit": 50.0
        },
        "L0-7": {
            "id": "L0-7",
            "from_node": "0",
            "to_node": "7",
            "flow": -19.170858706248815,
            "limit": 50.0
        },
        "L1-3": {
            "id": "L1-3",
            "from_node": "1",
            "to_node": "3",
            "flow": -25.58364527249799,
            "limit": 50.0
        },
        "L1-5": {
            "id": "L1-5",
            "from_node": "1",
            "to_node": "5",
            "flow": 30.380309118581533,
            "limit": 50.0
        },
        "L1-7": {
            "id": "L1-7",
            "from_node": "1",
            "to_node": "7",
            "flow": 20.612706328274633,
            "limit": 50.0
        },
        "L1-12": {
            "id": "L1-12",
            "from_node": "1",
            "to_node": "12",
            "flow": 8.298083688706967,
            "limit": 50.0
        },
        "L1-14": {
            "id": "L1-14",
            "from_node": "1",
            "to_node": "14",
            "flow": -16.179040447199498,
            "limit": 50.0
        },
        "L2-3": {
            "id": "L2-3",
            "from_node": "2",
            "to_node": "3",
            "flow": -33.86103793040303,
            "limit": 50.0
        },
        "L2-7": {
            "id": "L2-7",
            "from_node": "2",
            "to_node": "7",
            "flow": 12.335313670369594,
            "limit": 50.0
        },
        "L3-12": {
            "id": "L3-12",
            "from_node": "3",
            "to_node": "12",
            "flow": 33.881728961204956,
            "limit": 50.0
        },
        "L4-6": {
            "id": "L4-6",
            "from_node": "4",
            "to_node": "6",
            "flow": 2.0468344016049684,
            "limit": 50.0
        },
        "L4-7": {
            "id": "L4-7",
            "from_node": "4",
            "to_node": "7",
            "flow": 14.884338290657197,
            "limit": 50.0
        },
        "L4-10": {
            "id": "L4-10",
            "from_node": "4",
            "to_node": "10",
            "flow": 21.880838671224602,
            "limit": 50.0
        },
        "L4-13": {
            "id": "L4-13",
            "from_node": "4",
            "to_node": "13",
            "flow": 54.0,
            "limit": 50.0
        },
        "L5-7": {
            "id": "L5-7",
            "from_node": "5",
            "to_node": "7",
            "flow": -9.7676027903069,
            "limit": 50.0
        },
        "L5-11": {
            "id": "L5-11",
            "from_node": "5",
            "to_node": "11",
            "flow": -20.493468111776448,
            "limit": 50.0
        },
        "L6-8": {
            "id": "L6-8",
            "from_node": "6",
            "to_node": "8",
            "flow": 8.020496050176096,
            "limit": 50.0
        },
        "L6-9": {
            "id": "L6-9",
            "from_node": "6",
            "to_node": "9",
            "flow": 38.7449407118649,
            "limit": 50.0
        },
        "L6-10": {
            "id": "L6-10",
            "from_node": "6",
            "to_node": "10",
            "flow": 19.834004269619633,
            "limit": 50.0
        },
        "L7-8": {
            "id": "L7-8",
            "from_node": "7",
            "to_node": "8",
            "flow": -4.817007838876133,
            "limit": 50.0
        },
        "L7-9": {
            "id": "L7-9",
            "from_node": "7",
            "to_node": "9",
            "flow": 25.907436822812674,
            "limit": 50.0
        },
        "L7-13": {
            "id": "L7-13",
            "from_node": "7",
            "to_node": "13",
            "flow": 39.1156617093428,
            "limit": 50.0
        },
        "L8-9": {
            "id": "L8-9",
            "from_node": "8",
            "to_node": "9",
            "flow": 30.724444661688807,
            "limit": 50.0
        },
        "L8-11": {
            "id": "L8-11",
            "from_node": "8",
            "to_node": "11",
            "flow": -5.908857482593415,