{
    "nodes": {
        "0": {
            "id": "0",
            "injection": -13.52945071581767,
            "x": 511.2193158086689,
            "y": 400.31958641100726,
            "cost_increase": 80,
            "cost_decrease": -16
        },
        "1": {
            "id": "1",
            "injection": -76.71958606196124,
            "x": 376.93732500755766,
            "y": 379.5902528980393,
            "cost_increase": 65,
            "cost_decrease": -19
        },
        "2": {
            "id": "2",
            "injection": 37.082871188882635,
            "x": 339.98536079887504,
            "y": 482.0210064986154,
            "cost_increase": 31,
            "cost_decrease": -13
        },
        "3": {
            "id": "3",
            "injection": -88.9488701436903,
            "x": 178.2110018100221,
            "y": 364.41082962839175,
            "cost_increase": 99,
            "cost_decrease": 30
        },
        "4": {
            "id": "4",
            "injection": 10.843352040945781,
            "x": 405.89438163158684,
            "y": 80.24214509820484,
            "cost_increase": 20,
            "cost_decrease": 1
        },
        "5": {
            "id": "5",
            "injection": -127.89392820003867,
            "x": 276.0966049721712,
            "y": 28.577267625113926,
            "cost_increase": 100,
            "cost_decrease": -3
        },
        "6": {
            "id": "6",
            "injection": 87.71905762063376,
            "x": 154.6648505051109,
            "y": 90.13253733368155,
            "cost_increase": 69,
            "cost_decrease": 26
        },
        "7": {
            "id": "7",
            "injection": 129.60603315801941,
            "x": 258.66892130789194,
            "y": 378.88640825290327,
            "cost_increase": 92,
            "cost_decrease": 22
        },
        "8": {
            "id": "8",
            "injection": -45.12150537315005,
            "x": 119.2837098308615,
            "y": 226.53195811135834,
            "cost_increase": 44,
            "cost_decrease": -4
        },
        "9": {
            "id": "9",
            "injection": 151.71626609863304,
            "x": 483.7972793493369,
            "y": 206.63358138573506,
            "cost_increase": 32,
            "cost_decrease": 10
        },
        "10": {
            "id": "10",
            "injection": -44.59065551118212,
            "x": 351.8194221217481,
            "y": 261.41286399316004,
            "cost_increase": 46,
            "cost_decrease": 20
        },
        "11": {
            "id": "11",
            "injection": -27.36777302585473,
            "x": 309.4853200623897,
            "y": 343.64430323917117,
            "cost_increase": 85,
            "cost_decrease": -16
        },
        "12": {
            "id": "12",
            "injection": 69.56673108291987,
            "x": 280.06270097334874,
            "y": 186.41205365149912,
            "cost_increase": 75,
            "cost_decrease": 38
        },
        "13": {
            "id": "13",
            "injection": -62.36254215833963,
            "x": 447.44121888931573,
            "y": 323.9884356585088,
            "cost_increase": 73,
            "cost_decrease": -4
        }
    },
    "lines": {
        "L0-9": {
            "id": "L0-9",
            "from_node": "0",
            "to_node": "9",
            "flow": -25.862230411116172,
            "limit": 50.0
        },
        "L0-2": {
            "id": "L0-2",
            "from_node": "0",
            "to_node": "2",
            "flow": -8.335208858498135,
            "limit": 50.0
        },
        "L0-13": {
            "id": "L0-13",
            "from_node": "0",
            "to_node": "13",
            "flow": 20.667988553796537,
            "limit": 50.0
        },
        "L1-10": {
            "id": "L1-10",
            "from_node": "1",
            "to_node": "10",
            "flow": -21.440361644648462,
            "limit": 50.0
        },
        "L1-2": {
            "id": "L1-2",
            "from_node": "1",
            "to_node": "2",
            "flow": -42.141210914803715,
            "limit": 50.0
        },
        "L1-13": {
            "id": "L1-13",
            "from_node": "1",
            "to_node": "13",
            "flow": -13.138013502509043,
            "limit": 50.0
        },
        "L2-3": {
            "id": "L2-3",
            "from_node": "2",
            "to_node": "3",
            "flow": 18.250104564390327,
            "limit": 50.0
        },
        "L2-7": {
            "id": "L2-7",
            "from_node": "2",
            "to_node": "7",
            "flow": -35.74989543560966,
            "limit": 50.0
        },
        "L2-11": {
            "id": "L2-11",
            "from_node": "2",
            "to_node": "11",
            "flow": 4.106242286800109,
            "limit": 50.0
        },
        "L3-7": {
            "id": "L3-7",
            "from_node": "3",
            "to_node": "7",
            "flow": -53.999999999999986,
            "limit": 50.0
        },
        "L3-8": {
            "id": "L3-8",
            "from_node": "3",
            "to_node": "8",
            "flow": 0.3613772067766199,
            "limit": 50.0
        },
        "L3-12": {
            "id": "L3-12",
            "from_node": "3",
            "to_node": "12",
            "flow": -17.060142786076632,
            "limit": 50.0
        },
        "L4-9": {
            "id": "L4-9",
            "from_node": "4",
            "to_node": "9",
            "flow": -22.378962568899134,
            "limit": 50.0
        },
        "L4-12": {
            "id": "L4-12",
            "from_node": "4",
            "to_node": "12",
            "flow": -3.6619792379673983,
            "limit": 50.0
        },
        "L4-5": {
            "id": "L4-5",
            "from_node": "4",
            "to_node": "5",
            "flow": 36.884293847812316,
            "limit": 50.0
        },
        "L5-12": {
            "id": "L5-12",
            "from_node": "5",
            "to_node": "12",
            "flow": -40.54627308577972,
            "limit": 50.0
        },
        "L5-6": {
            "id": "L5-6",
            "from_node": "5",
            "to_node": "6",
            "flow": -50.46336126644665,
            "limit": 50.0
        },
        "L6-8": {
            "id": "L6-8",
            "from_node": "6",
            "to_node": "8",
            "flow": 27.338608173520186,
            "limit": 50.0
        },
        "L6-12": {
            "id": "L6-12",
            "from_node": "6",
            "to_node": "12",
            "flow": 9.917088180666934,
            "limit": 50.0
        },
        "L7-11": {
            "id": "L7-11",
            "from_node": "7",
            "to_node": "11",
            "flow": 39.85613772240977,
            "limit": 50.0
        },
        "L8-12": {
            "id": "L8-12",
            "from_node": "8",
            "to_node": "12",
            "flow": -17.421519992853252,
            "limit": 50.0
        },
        "L9-10": {
            "id": "L9-10",
            "from_node": "9",
            "to_node": "10",
            "flow": 38.22787082277329,
            "limit": 50.0
        },
        "L9-12": {
            "id": "L9-12",
            "from_node": "9",
            "to_node": "12",
            "flow": 18.716983330931736,
            "limit": 50.0
        },
        "L9-13": {
            "id": "L9-13",
            "from_node": "9",
            "to_node": "13",
            "flow": 46.530218964912706,
            "limit": 50.0
        },
        "L10-11": {
            "id": "L10-11",
            "from_node": "10",
            "to_node": "11",
            "flow": -16.594606983355142,
            "limit": 50.0
        },
        "L10-12": {
            "id": "L10-12",
            "from_node": "10",
            "to_node": "12",
            "flow": -19.510887491841554,