{
    "nodes": {
        "0": {
            "id": "0",
            "injection": 107.61275273801986,
            "x": 52.20104722941157,
            "y": 269.5155868838879,
            "cost_increase": 46,
            "cost_decrease": 12
        },
        "1": {
            "id": "1",
            "injection": -45.952344198678944,
            "x": 306.67751802231624,
            "y": 156.57010210966823,
            "cost_increase": 87,
            "cost_decrease": -4
        },
        "2": {
            "id": "2",
            "injection": 25.252300992668243,
            "x": 71.63852892089093,
            "y": 383.0169726474063,
            "cost_increase": 33,
            "cost_decrease": -9
        },
        "3": {
            "id": "3",
            "injection": -18.166730243627246,
            "x": 351.02556137362643,
            "y": 353.38962271189274,
            "cost_increase": 36,
            "cost_decrease": -12
        },
        "4": {
            "id": "4",
            "injection": 96.53087755357573,
            "x": 433.4305373460598,
            "y": 133.64653464312966,
            "cost_increase": 24,
            "cost_decrease": 17
        },
        "5": {
            "id": "5",
            "injection": 41.29443217897872,
            "x": 484.9272553592824,
            "y": 261.1214788761055,
            "cost_increase": 97,
            "cost_decrease": 12
        },
        "6": {
            "id": "6",
            "injection": -63.259174254050784,
            "x": 171.5433299415188,
            "y": 254.60184701631022,
            "cost_increase": 22,
            "cost_decrease": -10
        },
        "7": {
            "id": "7",
            "injection": -41.30694124856748,
            "x": 444.92774658181685,
            "y": 37.748074109726836,
            "cost_increase": 52,
            "cost_decrease": -12
        },
        "8": {
            "id": "8",
            "injection": -59.6614964087749,
            "x": 136.4873864052148,
            "y": 155.842138663271,
            "cost_increase": 33,
            "cost_decrease": 5
        },
        "9": {
            "id": "9",
            "injection": -72.02353103412196,
            "x": 555.231240392237,
            "y": 140.2586139283932,
            "cost_increase": 32,
            "cost_decrease": 21
        },
        "10": {
            "id": "10",
            "injection": 45.54120199256545,
            "x": 244.2799697672902,
            "y": 284.11247896600395,
            "cost_increase": 52,
            "cost_decrease": 5
        },
        "11": {
            "id": "11",
            "injection": -38.304994558142596,
            "x": 207.4638295591959,
            "y": 396.2429738114331,
            "cost_increase": 55,
            "cost_decrease": -3
        },
        "12": {
            "id": "12",
            "injection": 22.443646490155853,
            "x": 379.4496457029068,
            "y": 253.82791103093192,
            "cost_increase": 78,
            "cost_decrease": 20
        }
    },
    "lines": {
        "L0-2": {
            "id": "L0-2",
            "from_node": "0",
            "to_node": "2",
            "flow": 20.59672179401346,
            "limit": 50.0
        },
        "L0-8": {
            "id": "L0-8",
            "from_node": "0",
            "to_node": "8",
            "flow": 54.000000000000014,
            "limit": 50.0
        },
        "L0-11": {
            "id": "L0-11",
            "from_node": "0",
            "to_node": "11",
            "flow": 33.01603094400634,
            "limit": 50.0
        },
        "L1-3": {
            "id": "L1-3",
            "from_node": "1",
            "to_node": "3",
            "flow": -5.087438250875557,
            "limit": 50.0
        },
        "L1-4": {
            "id": "L1-4",
            "from_node": "1",
            "to_node": "4",
            "flow": -22.56596154054098,
            "limit": 50.0
        },
        "L1-5": {
            "id": "L1-5",
            "from_node": "1",
            "to_node": "5",
            "flow": -10.532563337701852,
            "limit": 50.0
        },
        "L1-6": {
            "id": "L1-6",
            "from_node": "1",
            "to_node": "6",
            "flow": 5.714367270179416,
            "limit": 50.0
        },
        "L1-7": {
            "id": "L1-7",
            "from_node": "1",
            "to_node": "7",
            "flow": 11.893493159994819,
            "limit": 50.0
        },
        "L1-8": {
            "id": "L1-8",
            "from_node": "1",
            "to_node": "8",
            "flow": 5.6879318394771445,
            "limit": 50.0
        },
        "L1-10": {
            "id": "L1-10",
            "from_node": "1",
            "to_node": "10",
            "flow": -18.374290646300857,
            "limit": 50.0
        },
        "L1-12": {
            "id": "L1-12",
            "from_node": "1",
            "to_node": "12",
            "flow": -12.687882692911089,
            "limit": 50.0
        },
        "L2-11": {
            "id": "L2-11",
            "from_node": "2",
            "to_node": "11",
            "flow": 12.419309149992877,
            "limit": 50.0
        },
        "L2-6": {
            "id": "L2-6",
            "from_node": "2",
            "to_node": "6",
            "flow": 33.429713636688824,
            "limit": 50.0
        },
        "L3-5": {
            "id": "L3-5",
            "from_node": "3",
            "to_node": "5",
            "flow": -5.445125086826295,
            "limit": 50.0
        },
        "L3-11": {
            "id": "L3-11",
            "from_node": "3",
            "to_node": "11",
            "flow": -10.208598965640974,
            "limit": 50.0
        },
        "L3-12": {
            "id": "L3-12",
            "from_node": "3",
            "to_node": "12",
            "flow": -7.600444442035531,
            "limit": 50.0
        },
        "L4-9": {
            "id": "L4-9",
            "from_node": "4",
            "to_node": "9",
            "flow": 39.505461312498966,
            "limit": 50.0
        },
        "L4-7": {
            "id": "L4-7",
            "from_node": "4",
            "to_node": "7",
            "flow": 34.4594547005358,
            "limit": 50.0
        },
        "L5-9": {
            "id": "L5-9",
            "from_node": "5",
            "to_node": "9",
            "flow": 27.472063109659835,
            "limit": 50.0
        },
        "L5-12": {
            "id": "L5-12",
            "from_node": "5",
            "to_node": "12",
            "flow": -2.1553193552092367,
            "limit": 50.0
        },
        "L6-8": {
            "id": "L6-8",
            "from_node": "6",
            "to_node": "8",
            "flow": -0.02643543070227139,
            "limit": 50.0
        },
        "L6-10": {
            "id": "L6-10",
            "from_node": "6",
            "to_node": "10",
            "flow": -24.088657916480273,
            "limit": 50.0
        },
        "L7-9": {
            "id": "L7-9",
            "from_node": "7",
            "to_node": "9",
            "flow": 5.046006611963165,
            "limit": 50.0
        },
        "L10-11": {
            "id": "L10-11",
            "from_node": "10",
            "to_node": "11",
            "flow": 3.0782534297843256,
            "limit": 50.0
        }
    },
    "cost": 0.0,
    "difficulty": "Medium"
}
