{
    "nodes": {
        "0": {
            "id": "0",
            "injection": 1.609801477869592,
            "x": 227.19359413840334,
            "y": 324.9123485853331,
            "cost_increase": 20,
            "cost_decrease": -2
        },
        "1": {
            "id": "1",
            "injection": -54.00069775512752,
            "x": 379.37657466002076,
            "y": 141.56216387947575,
            "cost_increase": 20,
            "cost_decrease": 14
        },
        "2": {
            "id": "2",
            "injection": -67.43273362819377,
            "x": 374.8521807556943,
            "y": 508.4372189639213,
            "cost_increase": 48,
            "cost_decrease": -20
        },
        "3": {
            "id": "3",
            "injection": -5.725055771194918,
            "x": 215.6061400238807,
            "y": 259.2673319647529,
            "cost_increase": 29,
            "cost_decrease": -15
        },
        "4": {
            "id": "4",
            "injection": 4.014602528414562,
            "x": 340.5451247056522,
            "y": 307.53547852887255,
            "cost_increase": 53,
            "cost_decrease": 37
        },
        "5": {
            "id": "5",
            "injection": 34.78072976239174,
            "x": 124.72633976565598,
            "y": 257.149721111064,
            "cost_increase": 45,
            "cost_decrease": -4
        },
        "6": {
            "id": "6",
            "injection": 20.676421681047838,
            "x": 494.3661084065635,
            "y": 268.9112318685819,
            "cost_increase": 28,
            "cost_decrease": -18
        },
        "7": {
            "id": "7",
            "injection": 1.94761485807794,
            "x": 266.9298756295656,
            "y": 203.26524423321052,
            "cost_increase": 70,
            "cost_decrease": 14
        },
        "8": {
            "id": "8",
            "injection": -8.056953444786426,
            "x": 519.3968188363937,
            "y": 434.14151232584396,
            "cost_increase": 51,
            "cost_decrease": -17
        },
        "9": {
            "id": "9",
            "injection": -65.22762801193389,
            "x": 45.587455963323755,
            "y": 149.60314855968033,
            "cost_increase": 59,
            "cost_decrease": -20
        },
        "10": {
            "id": "10",
            "injection": 92.77710216531212,
            "x": 157.0887608998917,
            "y": 154.40705910557435,
            "cost_increase": 65,
            "cost_decrease": 12
        },
        "11": {
            "id": "11",
            "injection": 90.17474241332316,
            "x": 198.33853404095728,
            "y": 57.522437792251814,
            "cost_increase": 96,
            "cost_decrease": -20
        },
        "12": {
            "id": "12",
            "injection": -62.2662561563764,
            "x": 416.8882921177749,
            "y": 382.99642462870446,
            "cost_increase": 35,
            "cost_decrease": 35
        },
        "13": {
            "id": "13",
            "injection": -60.99962853313843,
            "x": 51.43404753665719,
            "y": 337.37311436085963,
            "cost_increase": 21,
            "cost_decrease": -19
        },
        "14": {
            "id": "14",
            "injection": 77.7279384143144,
            "x": 218.49769325056172,
            "y": 446.65572576466303,
            "cost_increase": 38,
            "cost_decrease": -9
        },
        "4b": {
            "id": "4b",
            "injection": 0.0,
            "x": 340.5451247056522,
            "y": 307.53547852887255,
            "cost_increase": 71,
            "cost_decrease": -20
        },
        "6b": {
            "id": "6b",
            "injection": 0.0,
            "x": 494.3661084065635,
            "y": 268.9112318685819,
            "cost_increase": 67,
            "cost_decrease": -18
        },
        "9b": {
            "id": "9b",
            "injection": 0.0,
            "x": 45.587455963323755,
            "y": 149.60314855968033,
            "cost_increase": 20,
            "cost_decrease": -10
        }
    },
    "lines": {
        "L1-11": {
            "id": "L1-11",
            "from_node": "1",
            "to_node": "11",
            "flow": -49.10202789955204,
            "limit": 50.0
        },
        "L2-8": {
            "id": "L2-8",
            "from_node": "2",
            "to_node": "8",
            "flow": -13.659069779668762,
            "limit": 50.0
        },
        "L2-12": {
            "id": "L2-12",
            "from_node": "2",
            "to_node": "12",
            "flow": -6.966395519620065,
            "limit": 50.0
        },
        "L2-14": {
            "id": "L2-14",
            "from_node": "2",
            "to_node": "14",
            "flow": -46.80726832890495,
            "limit": 50.0
        },
        "L3-10": {
            "id": "L3-10",
            "from_node": "3",
            "to_node": "10",
            "flow": -24.706661722802373,
            "limit": 50.0
        },
        "L3-7": {
            "id": "L3-7",
            "from_node": "3",
            "to_node": "7",
            "flow": -1.9181676573182145,
            "limit": 50.0
        },
        "L5-9": {
            "id": "L5-9",
            "from_node": "5",
            "to_node": "9",
            "flow": -21.12703287886284,
            "limit": 50.0
        },
        "L5-13": {
            "id": "L5-13",
            "from_node": "5",
            "to_node": "13",
            "flow": 39.847154190002925,
            "limit": 50.0
        },
        "L7-10": {
            "id": "L7-10",
            "from_node": "7",
            "to_node": "10",
            "flow": -22.78849406548416,
            "limit": 50.0
        },
        "L8-12": {
            "id": "L8-12",
            "from_node": "8",
            "to_node": "12",
            "flow": 6.6926742600486975,
            "limit": 50.0
        },
        "L9-10": {
            "id": "L9-10",
            "from_node": "9",
            "to_node": "10",
            "flow": -43.878869089274104,
            "limit": 50.0
        },
        "L9-11": {
            "id": "L9-11",
            "from_node": "9",
            "to_node": "11",
            "flow": -42.47579180152262,
            "limit": 50.0
        },
        "L13-14": {
            "id": "L13-14",
            "from_node": "13",
            "to_node": "14",
            "flow": -21.152474343135502,
            "limit": 50.0
        },
        "L6-12": {
            "id": "L6-12",
            "from_node": "6",
            "to_node": "12",
            "flow": 35.10137174455258,
            "limit": 50.0
        },
        "L10-11": {
            "id": "L10-11",
            "from_node": "10",
            "to_node": "11",
            "flow": 1.4030772877514863,
            "limit": 50.0
        },
        "L4-7": {
            "id": "L4-7",
            "from_node": "4",
            "to_node": "7",
            "flow": -22.817941266243878,
            "limit": 50.0
        },
        "L1-4": {
            "id": "L1-4",
            "from_node": "1",
            "to_node": "4",
            "flow": -4.898669855575488,
            "limit": 50.0
        },
        "L3-4": {
            "id": "L3-4",
            "from_node": "3",
            "to_node": "4",
            "flow": 20.899773608925663,
            "limit": 50.0
        },
        "L4-6": {
            "id": "L4-6",
            "from_node": "4",
            "to_node": "6",
            "flow": 42.83364754800863,
            "limit": 50.0
        },
        "L4b-14": {
            "id": "L4b-14",
            "from_node": "4b",
            "to_node": "14",
            "flow": -12.402267137889712,
            "limit": 50.0
        },
        "L4b-12": {
            "id": "L4b-12",
            "from_node": "4b",
            "to_node": "12",
            "flow": 27.438605671395173,