{
    "nodes": {
        "0": {
            "id": "0",
            "injection": -41.36933136976297,
            "x": 339.3234559452988,
            "y": 95.71329217636509,
            "cost_increase": 81,
            "cost_decrease": -11
        },
        "1": {
            "id": "1",
            "injection": 81.65575979983791,
            "x": 203.44584805615298,
            "y": 198.80642712449364,
            "cost_increase": 60,
            "cost_decrease": 4
        },
        "2": {
            "id": "2",
            "injection": -28.318354246062952,
            "x": 451.6751148590456,
            "y": 352.3909466473707,
            "cost_increase": 94,
            "cost_decrease": -7
        },
        "3": {
            "id": "3",
            "injection": -54.935739248908334,
            "x": 88.48519257981833,
            "y": 398.5290712470219,
            "cost_increase": 77,
            "cost_decrease": 20
        },
        "4": {
            "id": "4",
            "injection": -63.62478598914822,
            "x": 197.16187561844353,
            "y": 368.83023367165066,
            "cost_increase": 48,
            "cost_decrease": -2
        },
        "5": {
            "id": "5",
            "injection": 15.279916864138116,
            "x": 261.5862324784989,
            "y": 283.19051195020023,
            "cost_increase": 28,
            "cost_decrease": -6
        },
        "6": {
            "id": "6",
            "injection": 43.80710783424482,
            "x": 362.80680147211154,
            "y": 227.87727803493735,
            "cost_increase": 84,
            "cost_decrease": -7
        },
        "7": {
            "id": "7",
            "injection": 77.02546164582776,
            "x": 77.77385391656925,
            "y": 192.33662901998423,
            "cost_increase": 26,
            "cost_decrease": -19
        },
        "8": {
            "id": "8",
            "injection": -57.65750213084211,
            "x": 276.00801211313546,
            "y": 147.14382345045928,
            "cost_increase": 30,
            "cost_decrease": 1
        },
        "9": {
            "id": "9",
            "injection": -33.612189943287035,
            "x": 387.39541030059496,
            "y": -1.4892348855823259,
            "cost_increase": 95,
            "cost_decrease": 24
        },
        "10": {
            "id": "10",
            "injection": -59.72894039326079,
            "x": 156.9960137271048,
            "y": 311.05553992058316,
            "cost_increase": 81,
            "cost_decrease": 13
        },
        "11": {
            "id": "11",
            "injection": 90.25139484176987,
            "x": 482.50396166274044,
            "y": 155.10258030797948,
            "cost_increase": 31,
            "cost_decrease": -4
        },
        "12": {
            "id": "12",
            "injection": -41.15306534555519,
            "x": 280.47254781501164,
            "y": 469.0669817130647,
            "cost_increase": 100,
            "cost_decrease": 36
        },
        "13": {
            "id": "13",
            "injection": -25.89100517228027,
            "x": 329.50844249270415,
            "y": 347.6971835134998,
            "cost_increase": 52,
            "cost_decrease": 4
        },
        "14": {
            "id": "14",
            "injection": 98.27127285328939,
            "x": 205.2525412486995,
            "y": 24.84815734427632,
            "cost_increase": 76,
            "cost_decrease": -16
        }
    },
    "lines": {
        "L0-6": {
            "id": "L0-6",
            "from_node": "0",
            "to_node": "6",
            "flow": 7.4779587371166,
            "limit": 50.0
        },
        "L0-8": {
            "id": "L0-8",
            "from_node": "0",
            "to_node": "8",
            "flow": 18.151098062603964,
            "limit": 50.0
        },
        "L0-9": {
            "id": "L0-9",
            "from_node": "0",
            "to_node": "9",
            "flow": -8.34654955654913,
            "limit": 50.0
        },
        "L0-11": {
            "id": "L0-11",
            "from_node": "0",
            "to_node": "11",
            "flow": -15.502700769857919,
            "limit": 50.0
        },
        "L0-14": {
            "id": "L0-14",
            "from_node": "0",
            "to_node": "14",
            "flow": -43.14913784307651,
            "limit": 50.0
        },
        "L1-5": {
            "id": "L1-5",
            "from_node": "1",
            "to_node": "5",
            "flow": 46.809794079067885,
            "limit": 50.0
        },
        "L1-6": {
            "id": "L1-6",
            "from_node": "1",
            "to_node": "6",
            "flow": 18.160125417263423,
            "limit": 50.0
        },
        "L1-7": {
            "id": "L1-7",
            "from_node": "1",
            "to_node": "7",
            "flow": -12.14742443924418,
            "limit": 50.0
        },
        "L1-8": {
            "id": "L1-8",
            "from_node": "1",
            "to_node": "8",
            "flow": 28.833264742750785,
            "limit": 50.0
        },
        "L2-11": {
            "id": "L2-11",
            "from_node": "2",
            "to_node": "11",
            "flow": -44.611883351628656,
            "limit": 50.0
        },
        "L2-12": {
            "id": "L2-12",
            "from_node": "2",
            "to_node": "12",
            "flow": 28.084157131220593,
            "limit": 50.0
        },
        "L2-13": {
            "id": "L2-13",
            "from_node": "2",
            "to_node": "13",
            "flow": 9.840595818999262,
            "limit": 50.0
        },
        "L2-6": {
            "id": "L2-6",
            "from_node": "2",
            "to_node": "6",
            "flow": -21.631223844654137,
            "limit": 50.0
        },
        "L3-4": {
            "id": "L3-4",
            "from_node": "3",
            "to_node": "4",
            "flow": 18.205229589109678,
            "limit": 50.0
        },
        "L3-7": {
            "id": "L3-7",
            "from_node": "3",
            "to_node": "7",
            "flow": -85.19758393026908,
            "limit": 50.0
        },
        "L3-10": {
            "id": "L3-10",
            "from_node": "3",
            "to_node": "10",
            "flow": 17.231268190137826,
            "limit": 50.0
        },
        "L3-12": {
            "id": "L3-12",
            "from_node": "3",
            "to_node": "12",
            "flow": -5.174653097886747,
            "limit": 50.0
        },
        "L4-10": {
            "id": "L4-10",
            "from_node": "4",
            "to_node": "10",
            "flow": -0.9739613989718521,
            "limit": 50.0
        },
        "L4-5": {
            "id": "L4-5",
            "from_node": "4",
            "to_node": "5",
            "flow": -44.44559500106669,
            "limit": 50.0
        },
        "L5-6": {
            "id": "L5-6",
            "from_node": "5",
            "to_node": "6",
            "flow": -28.649668661804462,
            "limit": 50.0
        },
        "L5-10": {
            "id": "L5-10",
            "from_node": "5",
            "to_node": "10",
            "flow": 43.47163360209484,
            "limit": 50.0
        },
        "L5-13": {
            "id": "L5-13",
            "from_node": "5",
            "to_node": "13",
            "flow": 2.822151001848937,
            "limit": 50.0
        },
        "L6-8": {
            "id": "L6-8",
            "from_node": "6",
            "to_node": "8",
            "flow": 10.673139325487364,
            "limit": 50.0
        },
        "L6-11": {
            "id": "L6-11",
            "from_node": "6",
            "to_node": "11",
            "flow": -22.98065950697452,
            "limit": 50.0
        },
        "L6-13": {
            "id": "L6-13",
            "from_node": "6",
            "to_node": "13",
            "flow": 31.4718196636534,