{
    "nodes": {
        "0": {
            "id": "0",
            "injection": -58.484045602641224,
            "x": 202.86547660043715,
            "y": -0.7728792685676613,
            "cost_increase": 46,
            "cost_decrease": 1
        },
        "1": {
            "id": "1",
            "injection": -110.43316120378692,
            "x": 82.86029125668065,
            "y": 256.03145021299815,
            "cost_increase": 37,
            "cost_decrease": 39
        },
        "2": {
            "id": "2",
            "injection": 53.89508284212232,
            "x": 98.47083552125683,
            "y": 380.833607395084,
            "cost_increase": 99,
            "cost_decrease": -6
        },
        "3": {
            "id": "3",
            "injection": 84.77078480377311,
            "x": 511.3621915216011,
            "y": 345.24225872384403,
            "cost_increase": 57,
            "cost_decrease": 38
        },
        "4": {
            "id": "4",
            "injection": 5.823334665794919,
            "x": 205.45832593256927,
            "y": 223.23982628267592,
            "cost_increase": 97,
            "cost_decrease": -12
        },
        "5": {
            "id": "5",
            "injection": -80.96998197049822,
            "x": 385.91432346440047,
            "y": 238.61196160338142,
            "cost_increase": 21,
            "cost_decrease": 13
        },
        "6": {
            "id": "6",
            "injection": 33.099683822823806,
            "x": 340.2041702081387,
            "y": 357.12247218243186,
            "cost_increase": 44,
            "cost_decrease": 11
        },
        "7": {
            "id": "7",
            "injection": 0.08385406257623082,
            "x": 37.116108522664895,
            "y": 469.1700749318532,
            "cost_increase": 47,
            "cost_decrease": 31
        },
        "8": {
            "id": "8",
            "injection": -9.361300840754335,
            "x": 313.3637872954661,
            "y": 51.54564984107198,
            "cost_increase": 75,
            "cost_decrease": 40
        },
        "9": {
            "id": "9",
            "injection": -30.057000338060522,
            "x": 99.58973385082386,
            "y": 126.32682349100193,
            "cost_increase": 95,
            "cost_decrease": -2
        },
        "10": {
            "id": "10",
            "injection": -62.92940611989766,
            "x": 490.1572661401402,
            "y": 155.45327486502038,
            "cost_increase": 25,
            "cost_decrease": -16
        },
        "11": {
            "id": "11",
            "injection": -74.72978428619258,
            "x": 149.26060489318687,
            "y": 268.5715218002696,
            "cost_increase": 89,
            "cost_decrease": 12
        },
        "12": {
            "id": "12",
            "injection": -109.58576859079949,
            "x": 401.5488850073982,
            "y": 476.0781175186336,
            "cost_increase": 50,
            "cost_decrease": -17
        },
        "13": {
            "id": "13",
            "injection": 54.67299334894054,
            "x": 442.8986512791218,
            "y": 262.3991834559751,
            "cost_increase": 61,
            "cost_decrease": 10
        },
        "14": {
            "id": "14",
            "injection": 11.33468320729339,
            "x": 301.2468126539291,
            "y": 232.200408057702,
            "cost_increase": 51,
            "cost_decrease": 23
        },
        "15": {
            "id": "15",
            "injection": 64.45263898096498,
            "x": 220.61788976177465,
            "y": 351.87121614033435,
            "cost_increase": 94,
            "cost_decrease": 32
        },
        "16": {
            "id": "16",
            "injection": 66.79937662096624,
            "x": -15.686245962288753,
            "y": 301.9860841263945,
            "cost_increase": 92,
            "cost_decrease": 37
        },
        "17": {
            "id": "17",
            "injection": 59.66722062780326,
            "x": 330.0841620340124,
            "y": 185.99197710407688,
            "cost_increase": 28,
            "cost_decrease": 22
        },
        "18": {
            "id": "18",
            "injection": 84.3897677836897,
            "x": 237.8063286616439,
            "y": 118.14721711209688,
            "cost_increase": 44,
            "cost_decrease": 28
        },
        "19": {
            "id": "19",
            "injection": 17.56102818588247,
            "x": 222.4164561723696,
            "y": 491.94465348865566,
            "cost_increase": 63,
            "cost_decrease": 40
        }
    },
    "lines": {
        "L0-8": {
            "id": "L0-8",
            "from_node": "0",
            "to_node": "8",
            "flow": -9.766944584840179,
            "limit": 50.0
        },
        "L0-9": {
            "id": "L0-9",
            "from_node": "0",
            "to_node": "9",
            "flow": -8.3176669858458,
            "limit": 50.0
        },
        "L0-18": {
            "id": "L0-18",
            "from_node": "0",
            "to_node": "18",
            "flow": -40.39943403195521,
            "limit": 50.0
        },
        "L1-9": {
            "id": "L1-9",
            "from_node": "1",
            "to_node": "9",
            "flow": -36.85990735455374,
            "limit": 50.0
        },
        "L1-2": {
            "id": "L1-2",
            "from_node": "1",
            "to_node": "2",
            "flow": -54.0,
            "limit": 50.0
        },
        "L1-11": {
            "id": "L1-11",
            "from_node": "1",
            "to_node": "11",
            "flow": -19.573253849233176,
            "limit": 50.0
        },
        "L2-7": {
            "id": "L2-7",
            "from_node": "2",
            "to_node": "7",
            "flow": -6.613156260662297,
            "limit": 50.0
        },
        "L2-11": {
            "id": "L2-11",
            "from_node": "2",
            "to_node": "11",
            "flow": 34.42674615076682,
            "limit": 50.0
        },
        "L2-15": {
            "id": "L2-15",
            "from_node": "2",
            "to_node": "15",
            "flow": -8.162892328571555,
            "limit": 50.0
        },
        "L2-16": {
            "id": "L2-16",
            "from_node": "2",
            "to_node": "16",
            "flow": -18.757480078727422,
            "limit": 50.0
        },
        "L2-19": {
            "id": "L2-19",
            "from_node": "2",
            "to_node": "19",
            "flow": -0.9981346406832401,
            "limit": 50.0
        },
        "L3-10": {
            "id": "L3-10",
            "from_node": "3",
            "to_node": "10",
            "flow": 31.21196079377112,
            "limit": 50.0
        },
        "L3-12": {
            "id": "L3-12",
            "from_node": "3",
            "to_node": "12",
            "flow": 42.381078797957606,
            "limit": 50.0
        },
        "L3-13": {
            "id": "L3-13",
            "from_node": "3",
            "to_node": "13",
            "flow": 3.8189019916258076,
            "limit": 50.0
        },
        "L3-6": {
            "id": "L3-6",
            "from_node": "3",
            "to_node": "6",
            "flow": 7.3588432204185565,
            "limit": 50.0
        },
        "L4-9": {
            "id": "L4-9",
            "from_node": "4",
            "to_node": "9",
            "flow": 23.092610814503175,
            "limit": 50.0
        },
        "L4-14": {
            "id": "L4-14",
            "from_node": "4",
            "to_node": "14",
            "flow": -6.0697457575873806,
            "limit": 50.0
        },
        "L4-15": {
            "id": "L4-15",
            "from_node": "4",
            "to_node": "15",
            "flow": -2.2103741595146396,
            "limit": 50.0
        },
        "L4-18": {
            "id": "L4-18",