{
    "nodes": {
        "0": {
            "id": "0",
            "injection": 52.232435354514934,
            "x": 299.4710884111037,
            "y": 508.66596885732116,
            "cost_increase": 77,
            "cost_decrease": -18
        },
        "1": {
            "id": "1",
            "injection": -45.40448280068466,
            "x": 479.5852568445009,
            "y": 455.278108735161,
            "cost_increase": 83,
            "cost_decrease": 35
        },
        "2": {
            "id": "2",
            "injection": -46.3281684285064,
            "x": 438.1518481085763,
            "y": 206.21896521837166,
            "cost_increase": 39,
            "cost_decrease": 37
        },
        "3": {
            "id": "3",
            "injection": -14.310160156384407,
            "x": 367.272515340494,
            "y": 65.82953294427217,
            "cost_increase": 50,
            "cost_decrease": 6
        },
        "4": {
            "id": "4",
            "injection": 5.232999025584179,
            "x": 452.93770837662123,
            "y": 336.1004066356598,
            "cost_increase": 29,
            "cost_decrease": 36
        },
        "5": {
            "id": "5",
            "injection": -66.31839882418183,
            "x": 38.70647960646007,
            "y": 257.5097999792286,
            "cost_increase": 63,
            "cost_decrease": -14
        },
        "6": {
            "id": "6",
            "injection": 77.82047975753001,
            "x": 262.85774696804185,
            "y": 380.65393761393955,
            "cost_increase": 40,
            "cost_decrease": 23
        },
        "7": {
            "id": "7",
            "injection": 42.17156532500391,
            "x": 306.5586067215007,
            "y": 185.25140543654751,
            "cost_increase": 66,
            "cost_decrease": -19
        },
        "8": {
            "id": "8",
            "injection": 50.854009068265434,
            "x": 351.4142595329022,
            "y": 305.9705921814612,
            "cost_increase": 63,
            "cost_decrease": 36
        },
        "9": {
            "id": "9",
            "injection": 27.437568580796032,
            "x": 532.2763997805275,
            "y": 124.85910482619205,
            "cost_increase": 57,
            "cost_decrease": 38
        },
        "10": {
            "id": "10",
            "injection": 23.589151906642332,
            "x": 178.05285261308978,
            "y": 114.45068034218713,
            "cost_increase": 26,
            "cost_decrease": -5
        },
        "11": {
            "id": "11",
            "injection": -111.90118756603218,
            "x": 222.9985790452595,
            "y": 246.03024673684948,
            "cost_increase": 60,
            "cost_decrease": 7
        },
        "12": {
            "id": "12",
            "injection": 12.43318642515864,
            "x": 115.63206667493247,
            "y": 294.79536962416165,
            "cost_increase": 23,
            "cost_decrease": 40
        },
        "13": {
            "id": "13",
            "injection": -60.1526863214138,
            "x": 173.14286905590922,
            "y": 343.7204082428659,
            "cost_increase": 81,
            "cost_decrease": 25
        },
        "14": {
            "id": "14",
            "injection": 54.18596710165283,
            "x": 117.53716361750134,
            "y": 442.7095937374459,
            "cost_increase": 45,
            "cost_decrease": 28
        },
        "15": {
            "id": "15",
            "injection": -1.5422784479449554,
            "x": 571.4458417932813,
            "y": 291.8589635739619,
            "cost_increase": 72,
            "cost_decrease": 8
        }
    },
    "lines": {
        "L0-1": {
            "id": "L0-1",
            "from_node": "0",
            "to_node": "1",
            "flow": 29.82932589164177,
            "limit": 50.0
        },
        "L0-14": {
            "id": "L0-14",
            "from_node": "0",
            "to_node": "14",
            "flow": 21.59505614542591,
            "limit": 50.0
        },
        "L0-6": {
            "id": "L0-6",
            "from_node": "0",
            "to_node": "6",
            "flow": 0.8080533174471967,
            "limit": 50.0
        },
        "L1-4": {
            "id": "L1-4",
            "from_node": "1",
            "to_node": "4",
            "flow": -9.743551205782023,
            "limit": 50.0
        },
        "L1-15": {
            "id": "L1-15",
            "from_node": "1",
            "to_node": "15",
            "flow": -5.831605703260866,
            "limit": 50.0
        },
        "L2-3": {
            "id": "L2-3",
            "from_node": "2",
            "to_node": "3",
            "flow": 1.543012953872502,
            "limit": 50.0
        },
        "L2-4": {
            "id": "L2-4",
            "from_node": "2",
            "to_node": "4",
            "flow": -7.013693438695061,
            "limit": 50.0
        },
        "L2-7": {
            "id": "L2-7",
            "from_node": "2",
            "to_node": "7",
            "flow": -5.640420926368343,
            "limit": 50.0
        },
        "L2-8": {
            "id": "L2-8",
            "from_node": "2",
            "to_node": "8",
            "flow": -22.449884560109115,
            "limit": 50.0
        },
        "L2-9": {
            "id": "L2-9",
            "from_node": "2",
            "to_node": "9",
            "flow": -9.66543452103248,
            "limit": 50.0
        },
        "L2-15": {
            "id": "L2-15",
            "from_node": "2",
            "to_node": "15",
            "flow": -3.101747936173904,
            "limit": 50.0
        },
        "L3-9": {
            "id": "L3-9",
            "from_node": "3",
            "to_node": "9",
            "flow": -11.208447474904982,
            "limit": 50.0
        },
        "L3-10": {
            "id": "L3-10",
            "from_node": "3",
            "to_node": "10",
            "flow": 5.624734152633927,
            "limit": 50.0
        },
        "L3-7": {
            "id": "L3-7",
            "from_node": "3",
            "to_node": "7",
            "flow": -7.183433880240845,
            "limit": 50.0
        },
        "L4-8": {
            "id": "L4-8",
            "from_node": "4",
            "to_node": "8",
            "flow": -15.436191121414055,
            "limit": 50.0
        },
        "L4-15": {
            "id": "L4-15",
            "from_node": "4",
            "to_node": "15",
            "flow": 3.9119455025211565,
            "limit": 50.0
        },
        "L5-10": {
            "id": "L5-10",
            "from_node": "5",
            "to_node": "10",
            "flow": -21.481216005765063,
            "limit": 50.0
        },
        "L5-12": {
            "id": "L5-12",
            "from_node": "5",
            "to_node": "12",
            "flow": -10.683807727016372,
            "limit": 50.0
        },
        "L5-14": {
            "id": "L5-14",
            "from_node": "5",
            "to_node": "14",
            "flow": -34.15337509140039,
            "limit": 50.0
        },
        "L6-8": {
            "id": "L6-8",
            "from_node": "6",
            "to_node": "8",
            "flow": 3.841530246998495,
            "limit": 50.0
        },
        "L6-11": {
            "id": "L6-11",
            "from_node": "6",
            "to_node": "11",
            "flow": 53.99999999999999,
            "limit": 50.0
        },
        "L6-14": {
            "id": "L6-14",
            "from_node": "6",
            "to_node": "14",
            "flow": 20.787002827978714,
            "limit": 50.0
        },
        "L7-8": {
            "id": "L7-8",
            "from_node": "7",
            "to_node": "8",
            "flow": -16.809463633740773,
            "limit": 50.0
        },
        "L7-10": {
            "id": "L7-10",
            "from_node": "7",