{
    "nodes": {
        "0": {
            "id": "0",
            "injection": 41.50594042508318,
            "x": 233.60892997907143,
            "y": 95.3231909406765,
            "cost_increase": 35,
            "cost_decrease": 36
        },
        "1": {
            "id": "1",
            "injection": 18.103706090576516,
            "x": 304.01281890260924,
            "y": 331.96437227573006,
            "cost_increase": 59,
            "cost_decrease": 34
        },
        "2": {
            "id": "2",
            "injection": -33.761179704106226,
            "x": 299.2341842345364,
            "y": 231.23541091994002,
            "cost_increase": 59,
            "cost_decrease": 29
        },
        "3": {
            "id": "3",
            "injection": 12.777769410491423,
            "x": 176.81946944049452,
            "y": 270.143267835623,
            "cost_increase": 78,
            "cost_decrease": -1
        },
        "4": {
            "id": "4",
            "injection": 112.71312849763943,
            "x": 386.4921022482564,
            "y": 345.07553249988206,
            "cost_increase": 90,
            "cost_decrease": 4
        },
        "5": {
            "id": "5",
            "injection": -11.199305799890482,
            "x": 240.61326197807438,
            "y": 418.3137623128061,
            "cost_increase": 84,
            "cost_decrease": 10
        },
        "6": {
            "id": "6",
            "injection": -86.58765545731707,
            "x": 394.6001954933691,
            "y": 162.02684937331523,
            "cost_increase": 59,
            "cost_decrease": -18
        },
        "7": {
            "id": "7",
            "injection": -53.55240346247681,
            "x": 248.16983348398185,
            "y": 180.48992530985154,
            "cost_increase": 60,
            "cost_decrease": 17
        }
    },
    "lines": {
        "L0-3": {
            "id": "L0-3",
            "from_node": "0",
            "to_node": "3",
            "flow": -3.8392299888439045,
            "limit": 50.0
        },
        "L0-6": {
            "id": "L0-6",
            "from_node": "0",
            "to_node": "6",
            "flow": 23.78199864509312,
            "limit": 50.0
        },
        "L0-7": {
            "id": "L0-7",
            "from_node": "0",
            "to_node": "7",
            "flow": 21.563171768834017,
            "limit": 50.0
        },
        "L1-2": {
            "id": "L1-2",
            "from_node": "1",
            "to_node": "2",
            "flow": 30.338094630582027,
            "limit": 50.0
        },
        "L1-4": {
            "id": "L1-4",
            "from_node": "1",
            "to_node": "4",
            "flow": -14.856248557193998,
            "limit": 50.0
        },
        "L1-5": {
            "id": "L1-5",
            "from_node": "1",
            "to_node": "5",
            "flow": 2.621860017188485,
            "limit": 50.0
        },
        "L2-3": {
            "id": "L2-3",
            "from_node": "2",
            "to_node": "3",
            "flow": -18.815571821713053,
            "limit": 50.0
        },
        "L2-6": {
            "id": "L2-6",
            "from_node": "2",
            "to_node": "6",
            "flow": 8.805656812223969,
            "limit": 50.0
        },
        "L2-7": {
            "id": "L2-7",
            "from_node": "2",
            "to_node": "7",
            "flow": 6.586829935964868,
            "limit": 50.0
        },
        "L3-4": {
            "id": "L3-4",
            "from_node": "3",
            "to_node": "4",
            "flow": -26.37877136606297,
            "limit": 50.0
        },
        "L3-5": {
            "id": "L3-5",
            "from_node": "3",
            "to_node": "5",
            "flow": -8.900662791680487,
            "limit": 50.0
        },
        "L3-7": {
            "id": "L3-7",
            "from_node": "3",
            "to_node": "7",
            "flow": 25.40240175767792,
            "limit": 50.0
        },
        "L4-5": {
            "id": "L4-5",
            "from_node": "4",
            "to_node": "5",
            "flow": 17.478108574382482,
            "limit": 50.0
        },
        "L4-6": {
            "id": "L4-6",
            "from_node": "4",
            "to_node": "6",
            "flow": 53.99999999999999,
            "limit": 50.0
        }
    },
    "cost": 0.0,
    "difficulty": "Easy"
}
