{
    "nodes": {
        "0": {
            "id": "0",
            "injection": -28.922982127453672,
            "x": 235.8895756898513,
            "y": 414.0807587828025,
            "cost_increase": 72,
            "cost_decrease": -9
        },
        "1": {
            "id": "1",
            "injection": -61.132266792734235,
            "x": 288.17696077632655,
            "y": 20.99410236687972,
            "cost_increase": 23,
            "cost_decrease": -10
        },
        "2": {
            "id": "2",
            "injection": -67.49151690541521,
            "x": 271.7520188529649,
            "y": 150.28593585965143,
            "cost_increase": 100,
            "cost_decrease": 3
        },
        "3": {
            "id": "3",
            "injection": 74.08225423360766,
            "x": 342.10940303901,
            "y": 282.66745078465976,
            "cost_increase": 63,
            "cost_decrease": 7
        },
        "4": {
            "id": "4",
            "injection": -23.439102302678904,
            "x": 398.29491652070567,
            "y": 127.72101292660508,
            "cost_increase": 36,
            "cost_decrease": 30
        },
        "5": {
            "id": "5",
            "injection": 41.871181757558276,
            "x": 87.82948403240404,
            "y": 375.8845189337984,
            "cost_increase": 63,
            "cost_decrease": 35
        },
        "6": {
            "id": "6",
            "injection": 38.094251815420876,
            "x": 139.4619111758787,
            "y": 85.65890152382022,
            "cost_increase": 46,
            "cost_decrease": 28
        },
        "7": {
            "id": "7",
            "injection": -72.81575325060182,
            "x": 66.49498090926276,
            "y": 216.44424534927876,
            "cost_increase": 41,
            "cost_decrease": 34
        },
        "8": {
            "id": "8",
            "injection": 99.753933572297,
            "x": 193.24579343916952,
            "y": 293.2428841567299,
            "cost_increase": 65,
            "cost_decrease": 1
        }
    },
    "lines": {
        "L0-8": {
            "id": "L0-8",
            "from_node": "0",
            "to_node": "8",
            "flow": -20.488185129656785,
            "limit": 50.0
        },
        "L0-3": {
            "id": "L0-3",
            "from_node": "0",
            "to_node": "3",
            "flow": 3.606328614119217,
            "limit": 50.0
        },
        "L0-5": {
            "id": "L0-5",
            "from_node": "0",
            "to_node": "5",
            "flow": -12.041125611916101,
            "limit": 50.0
        },
        "L1-2": {
            "id": "L1-2",
            "from_node": "1",
            "to_node": "2",
            "flow": -11.910187471829765,
            "limit": 50.0
        },
        "L1-4": {
            "id": "L1-4",
            "from_node": "1",
            "to_node": "4",
            "flow": -18.127090880326868,
            "limit": 50.0
        },
        "L1-6": {
            "id": "L1-6",
            "from_node": "1",
            "to_node": "6",
            "flow": -31.094988440577623,
            "limit": 50.0
        },
        "L2-3": {
            "id": "L2-3",
            "from_node": "2",
            "to_node": "3",
            "flow": -53.999999999999986,
            "limit": 50.0
        },
        "L2-4": {
            "id": "L2-4",
            "from_node": "2",
            "to_node": "4",
            "flow": -6.216903408497103,
            "limit": 50.0
        },
        "L2-6": {
            "id": "L2-6",
            "from_node": "2",
            "to_node": "6",
            "flow": -19.184800968747858,
            "limit": 50.0
        },
        "L3-4": {
            "id": "L3-4",
            "from_node": "3",
            "to_node": "4",
            "flow": 47.78309659150288,
            "limit": 50.0
        },
        "L3-8": {
            "id": "L3-8",
            "from_node": "3",
            "to_node": "8",
            "flow": -24.094513743776,
            "limit": 50.0
        },
        "L5-8": {
            "id": "L5-8",
            "from_node": "5",
            "to_node": "8",
            "flow": -8.447059517740684,
            "limit": 50.0
        },
        "L5-7": {
            "id": "L5-7",
            "from_node": "5",
            "to_node": "7",
            "flow": 38.27711566338286,
            "limit": 50.0
        },
        "L6-7": {
            "id": "L6-7",
            "from_node": "6",
            "to_node": "7",
            "flow": -12.185537593904588,
            "limit": 50.0
        },
        "L7-8": {
            "id": "L7-8",
            "from_node": "7",
            "to_node": "8",
            "flow": -46.72417518112354,
            "limit": 50.0
        }
    },
    "cost": 0.0,
    "difficulty": "Easy"
}
