{
    "nodes": {
        "0": {
            "id": "0",
            "injection": 26.661418572178967,
            "x": 13.015704462169424,
            "y": 339.8278594663405,
            "cost_increase": 65,
            "cost_decrease": -20
        },
        "1": {
            "id": "1",
            "injection": 85.10332412828053,
            "x": 80.49287432257282,
            "y": 563.3009419530798,
            "cost_increase": 72,
            "cost_decrease": -20
        },
        "2": {
            "id": "2",
            "injection": 44.4718785706,
            "x": 310.7151870531071,
            "y": 329.94582469341555,
            "cost_increase": 30,
            "cost_decrease": 6
        },
        "4": {
            "id": "4",
            "injection": -4.5878011208698695,
            "x": 117.43893910451176,
            "y": 223.82192148745924,
            "cost_increase": 45,
            "cost_decrease": -13
        },
        "6": {
            "id": "6",
            "injection": -10.949343594538135,
            "x": 169.92748600171157,
            "y": 111.16985676245443,
            "cost_increase": 21,
            "cost_decrease": -20
        },
        "7": {
            "id": "7",
            "injection": -62.407800694241814,
            "x": 162.64080665770499,
            "y": 31.455662293963933,
            "cost_increase": 86,
            "cost_decrease": -20
        },
        "8": {
            "id": "8",
            "injection": -42.091091043579844,
            "x": 194.45741194116735,
            "y": 401.3548528526539,
            "cost_increase": 47,
            "cost_decrease": 25
        },
        "9": {
            "id": "9",
            "injection": -93.2334888513858,
            "x": 81.42518072166662,
            "y": 440.9458230099717,
            "cost_increase": 20,
            "cost_decrease": 1
        },
        "10": {
            "id": "10",
            "injection": 80.62628049158329,
            "x": 156.94776468746045,
            "y": 331.29062173392043,
            "cost_increase": 50,
            "cost_decrease": 0
        },
        "11": {
            "id": "11",
            "injection": 23.585489159756623,
            "x": 50.62306391295089,
            "y": 57.835589189451426,
            "cost_increase": 33,
            "cost_decrease": -20
        },
        "12": {
            "id": "12",
            "injection": 77.23283594544188,
            "x": 295.34898655785264,
            "y": 177.099960926774,
            "cost_increase": 55,
            "cost_decrease": 17
        },
        "13": {
            "id": "13",
            "injection": 29.5409382933606,
            "x": 277.17695108044586,
            "y": -2.8707697395064202,
            "cost_increase": 26,
            "cost_decrease": 16
        },
        "14": {
            "id": "14",
            "injection": -23.55683186590103,
            "x": 131.53411740911943,
            "y": -77.44601105281657,
            "cost_increase": 100,
            "cost_decrease": -20
        },
        "15": {
            "id": "15",
            "injection": 22.56843887608971,
            "x": 233.9231085550545,
            "y": 503.56851598527095,
            "cost_increase": 41,
            "cost_decrease": -17
        },
        "17": {
            "id": "17",
            "injection": -57.44275065052242,
            "x": -35.68952034550201,
            "y": 460.7335056002139,
            "cost_increase": 42,
            "cost_decrease": 71
        },
        "18": {
            "id": "18",
            "injection": -95.52149621626384,
            "x": 220.35686730388815,
            "y": 154.21644084769486,
            "cost_increase": 41,
            "cost_decrease": -20
        },
        "8b": {
            "id": "8b",
            "injection": 0.0,
            "x": 194.45741194116735,
            "y": 401.3548528526539,
            "cost_increase": 66,
            "cost_decrease": 15
        }
    },
    "lines": {
        "L1-9": {
            "id": "L1-9",
            "from_node": "1",
            "to_node": "9",
            "flow": 48.16442482740607,
            "limit": 50.0
        },
        "L2-4": {
            "id": "L2-4",
            "from_node": "2",
            "to_node": "4",
            "flow": 16.199496465380868,
            "limit": 50.0
        },
        "L2-10": {
            "id": "L2-10",
            "from_node": "2",
            "to_node": "10",
            "flow": -19.913541460748625,
            "limit": 50.0
        },
        "L2-15": {
            "id": "L2-15",
            "from_node": "2",
            "to_node": "15",
            "flow": 15.513449177844443,
            "limit": 50.0
        },
        "L4-6": {
            "id": "L4-6",
            "from_node": "4",
            "to_node": "6",
            "flow": 26.17359003365395,
            "limit": 50.0
        },
        "L4-10": {
            "id": "L4-10",
            "from_node": "4",
            "to_node": "10",
            "flow": -36.11303792612949,
            "limit": 50.0
        },
        "L4-11": {
            "id": "L4-11",
            "from_node": "4",
            "to_node": "11",
            "flow": 10.314594755184912,
            "limit": 50.0
        },
        "L4-12": {
            "id": "L4-12",
            "from_node": "4",
            "to_node": "12",
            "flow": -13.36135758505997,
            "limit": 50.0
        },
        "L4-18": {
            "id": "L4-18",
            "from_node": "4",
            "to_node": "18",
            "flow": 36.11124288828593,
            "limit": 50.0
        },
        "L6-18": {
            "id": "L6-18",
            "from_node": "6",
            "to_node": "18",
            "flow": 9.937652854631978,
            "limit": 50.0
        },
        "L6-7": {
            "id": "L6-7",
            "from_node": "6",
            "to_node": "7",
            "flow": 5.286593584483839,
            "limit": 50.0
        },
        "L7-11": {
            "id": "L7-11",
            "from_node": "7",
            "to_node": "11",
            "flow": -21.14558886295288,
            "limit": 50.0
        },
        "L7-13": {
            "id": "L7-13",
            "from_node": "7",
            "to_node": "13",
            "flow": -27.58452443584087,
            "limit": 50.0
        },
        "L7-14": {
            "id": "L7-14",
            "from_node": "7",
            "to_node": "14",
            "flow": -8.391093810964243,
            "limit": 50.0
        },
        "L11-14": {
            "id": "L11-14",
            "from_node": "11",
            "to_node": "14",
            "flow": 12.754495051988638,
            "limit": 50.0
        },
        "L12-13": {
            "id": "L12-13",
            "from_node": "12",
            "to_node": "13",
            "flow": 17.237016767356895,
            "limit": 50.0
        },
        "L13-14": {
            "id": "L13-14",
            "from_node": "13",
            "to_node": "14",
            "flow": 19.193430624876626,
            "limit": 50.0
        },
        "L1-17": {
            "id": "L1-17",
            "from_node": "1",
            "to_node": "17",
            "flow": 32.92969631122876,
            "limit": 50.0
        },
        "L9-17": {
            "id": "L9-17",
            "from_node": "9",
            "to_node": "17",
            "flow": -15.234728516177313,
            "limit": 50.0
        },
        "L0-4": {
            "id": "L0-4",
            "from_node": "0",
            "to_node": "4",
            "flow": 11.513336821424323,
            "limit": 50.0
        },
        "L0-17": {
            "id": "L0-17",
            "from_node": "0",
            "to_node": "17",
            "flow": 39.747782855470966,
            "limit": 50.0
        },
        "L0-10": {
            "id": "L0-10",
            "from_node": "0",
            "to_node": "10",
            "flow": -24.59970110470517,
            "limit": 50.0
        },