{
    "nodes": {
        "0": {
            "id": "0",
            "injection": -72.62078032120763,
            "x": 161.92484217960947,
            "y": 197.96173878780164,
            "cost_increase": 84,
            "cost_decrease": 1
        },
        "1": {
            "id": "1",
            "injection": 48.53366535207316,
            "x": 46.01381987488721,
            "y": 210.05258581169562,
            "cost_increase": 55,
            "cost_decrease": 11
        },
        "2": {
            "id": "2",
            "injection": -28.38299047937238,
            "x": 342.7427110795715,
            "y": 155.4794728414562,
            "cost_increase": 89,
            "cost_decrease": 35
        },
        "3": {
            "id": "3",
            "injection": -58.26904495599501,
            "x": 335.1347631491651,
            "y": 36.25583988767543,
            "cost_increase": 97,
            "cost_decrease": -17
        },
        "4": {
            "id": "4",
            "injection": 16.378261100356962,
            "x": 406.62834274721837,
            "y": 314.35737213620877,
            "cost_increase": 96,
            "cost_decrease": 7
        },
        "5": {
            "id": "5",
            "injection": 114.17426469415491,
            "x": 269.8201046995688,
            "y": 236.9176747781001,
            "cost_increase": 93,
            "cost_decrease": -8
        },
        "6": {
            "id": "6",
            "injection": -17.050840225575175,
            "x": 264.19471363035404,
            "y": 405.72333087474755,
            "cost_increase": 76,
            "cost_decrease": 28
        },
        "7": {
            "id": "7",
            "injection": -27.32384472726723,
            "x": 86.7373252723468,
            "y": 363.9589268113462,
            "cost_increase": 49,
            "cost_decrease": 27
        },
        "8": {
            "id": "8",
            "injection": -63.65043520920431,
            "x": 175.26358674915176,
            "y": 79.72274550059963,
            "cost_increase": 39,
            "cost_decrease": -19
        },
        "9": {
            "id": "9",
            "injection": -38.31387343887111,
            "x": 456.9258605550633,
            "y": 157.31247948374036,
            "cost_increase": 24,
            "cost_decrease": 40
        },
        "10": {
            "id": "10",
            "injection": 126.52561821090777,
            "x": 191.39664922839572,
            "y": 315.8352405268671,
            "cost_increase": 52,
            "cost_decrease": -5
        }
    },
    "lines": {
        "L0-8": {
            "id": "L0-8",
            "from_node": "0",
            "to_node": "8",
            "flow": 3.8405563985507656,
            "limit": 50.0
        },
        "L0-1": {
            "id": "L0-1",
            "from_node": "0",
            "to_node": "1",
            "flow": -30.783302567709924,
            "limit": 50.0
        },
        "L0-5": {
            "id": "L0-5",
            "from_node": "0",
            "to_node": "5",
            "flow": -45.6780341520484,
            "limit": 50.0
        },
        "L1-8": {
            "id": "L1-8",
            "from_node": "1",
            "to_node": "8",
            "flow": 34.62385896626069,
            "limit": 50.0
        },
        "L1-7": {
            "id": "L1-7",
            "from_node": "1",
            "to_node": "7",
            "flow": -16.87349618189746,
            "limit": 50.0
        },
        "L2-3": {
            "id": "L2-3",
            "from_node": "2",
            "to_node": "3",
            "flow": 19.851161256805447,
            "limit": 50.0
        },
        "L2-5": {
            "id": "L2-5",
            "from_node": "2",
            "to_node": "5",
            "flow": -54.000000000000014,
            "limit": 50.0
        },
        "L2-9": {
            "id": "L2-9",
            "from_node": "2",
            "to_node": "9",
            "flow": 5.765848263822184,
            "limit": 50.0
        },
        "L3-8": {
            "id": "L3-8",
            "from_node": "3",
            "to_node": "8",
            "flow": -24.332570706206294,
            "limit": 50.0
        },
        "L3-9": {
            "id": "L3-9",
            "from_node": "3",
            "to_node": "9",
            "flow": -14.085312992983264,
            "limit": 50.0
        },
        "L4-9": {
            "id": "L4-9",
            "from_node": "4",
            "to_node": "9",
            "flow": 46.63333816803221,
            "limit": 50.0
        },
        "L4-5": {
            "id": "L4-5",
            "from_node": "4",
            "to_node": "5",
            "flow": -13.132510095789982,
            "limit": 50.0
        },
        "L4-6": {
            "id": "L4-6",
            "from_node": "4",
            "to_node": "6",
            "flow": -17.122566971885277,
            "limit": 50.0
        },
        "L5-6": {
            "id": "L5-6",
            "from_node": "5",
            "to_node": "6",
            "flow": -3.990056876095295,
            "limit": 50.0
        },
        "L5-8": {
            "id": "L5-8",
            "from_node": "5",
            "to_node": "8",
            "flow": 49.518590550599164,
            "limit": 50.0
        },
        "L5-10": {
            "id": "L5-10",
            "from_node": "5",
            "to_node": "10",
            "flow": -44.164813228187356,
            "limit": 50.0
        },
        "L6-10": {
            "id": "L6-10",
            "from_node": "6",
            "to_node": "10",
            "flow": -40.17475635209206,
            "limit": 50.0
        },
        "L6-7": {
            "id": "L6-7",
            "from_node": "6",
            "to_node": "7",
            "flow": 2.0112922785363097,
            "limit": 50.0
        },
        "L7-10": {
            "id": "L7-10",
            "from_node": "7",
            "to_node": "10",
            "flow": -42.18604863062837,
            "limit": 50.0
        }
    },
    "cost": 0.0,
    "difficulty": "Hard"
}
