{
    "nodes": {
        "0": {
            "id": "0",
            "injection": -36.689639806519864,
            "x": 137.83055170428153,
            "y": 341.8870338402635,
            "cost_increase": 100,
            "cost_decrease": 20
        },
        "1": {
            "id": "1",
            "injection": 86.6195188318095,
            "x": 386.6792575334999,
            "y": 39.556482497646584,
            "cost_increase": 22,
            "cost_decrease": 18
        },
        "2": {
            "id": "2",
            "injection": -10.694699665551967,
            "x": 463.0946383900959,
            "y": 167.26482358384303,
            "cost_increase": 78,
            "cost_decrease": 33
        },
        "3": {
            "id": "3",
            "injection": -65.37063179380179,
            "x": 148.2732124697498,
            "y": 171.17201772605102,
            "cost_increase": 99,
            "cost_decrease": 36
        },
        "4": {
            "id": "4",
            "injection": -72.58467208928924,
            "x": 317.7172858771191,
            "y": 168.52743489690806,
            "cost_increase": 32,
            "cost_decrease": -18
        },
        "5": {
            "id": "5",
            "injection": -88.55360761827049,
            "x": 290.66144025208206,
            "y": 343.94091971638085,
            "cost_increase": 23,
            "cost_decrease": -19
        },
        "6": {
            "id": "6",
            "injection": 100.59481156632832,
            "x": 267.2971307388157,
            "y": 439.0843495820223,
            "cost_increase": 66,
            "cost_decrease": -20
        },
        "7": {
            "id": "7",
            "injection": -35.81153860345885,
            "x": 403.8009068628996,
            "y": 317.5710252537399,
            "cost_increase": 78,
            "cost_decrease": 14
        },
        "8": {
            "id": "8",
            "injection": 95.1937465151297,
            "x": 238.40000756252246,
            "y": 43.64031329755937,
            "cost_increase": 32,
            "cost_decrease": 38
        },
        "9": {
            "id": "9",
            "injection": 27.296712663624746,
            "x": 249.17901390261324,
            "y": 264.95168025002226,
            "cost_increase": 81,
            "cost_decrease": 4
        }
    },
    "lines": {
        "L0-9": {
            "id": "L0-9",
            "from_node": "0",
            "to_node": "9",
            "flow": -5.595064464689105,
            "limit": 50.0
        },
        "L0-3": {
            "id": "L0-3",
            "from_node": "0",
            "to_node": "3",
            "flow": -2.2141278715439574,
            "limit": 50.0
        },
        "L0-6": {
            "id": "L0-6",
            "from_node": "0",
            "to_node": "6",
            "flow": -28.880447470286857,
            "limit": 50.0
        },
        "L1-8": {
            "id": "L1-8",
            "from_node": "1",
            "to_node": "8",
            "flow": 2.6024304126697118,
            "limit": 50.0
        },
        "L1-2": {
            "id": "L1-2",
            "from_node": "1",
            "to_node": "2",
            "flow": 37.61848107867064,
            "limit": 50.0
        },
        "L1-4": {
            "id": "L1-4",
            "from_node": "1",
            "to_node": "4",
            "flow": 46.39860734046913,
            "limit": 50.0
        },
        "L2-4": {
            "id": "L2-4",
            "from_node": "2",
            "to_node": "4",
            "flow": 8.780126261798479,
            "limit": 50.0
        },
        "L2-7": {
            "id": "L2-7",
            "from_node": "2",
            "to_node": "7",
            "flow": 18.143655151320207,
            "limit": 50.0
        },
        "L3-4": {
            "id": "L3-4",
            "from_node": "3",
            "to_node": "4",
            "flow": -10.203823072200596,
            "limit": 50.0
        },
        "L3-8": {
            "id": "L3-8",
            "from_node": "3",
            "to_node": "8",
            "flow": -54.00000000000001,
            "limit": 50.0
        },
        "L3-9": {
            "id": "L3-9",
            "from_node": "3",
            "to_node": "9",
            "flow": -3.3809365931451474,
            "limit": 50.0
        },
        "L4-7": {
            "id": "L4-7",
            "from_node": "4",
            "to_node": "7",
            "flow": 9.363528889521728,
            "limit": 50.0
        },
        "L4-8": {
            "id": "L4-8",
            "from_node": "4",
            "to_node": "8",
            "flow": -43.79617692779941,
            "limit": 50.0
        },
        "L4-9": {
            "id": "L4-9",
            "from_node": "4",
            "to_node": "9",
            "flow": 6.822886479055449,
            "limit": 50.0
        },
        "L5-9": {
            "id": "L5-9",
            "from_node": "5",
            "to_node": "9",
            "flow": -22.602955674379675,
            "limit": 50.0
        },
        "L5-6": {
            "id": "L5-6",
            "from_node": "5",
            "to_node": "6",
            "flow": -45.88833867997742,
            "limit": 50.0
        },
        "L5-7": {
            "id": "L5-7",
            "from_node": "5",
            "to_node": "7",
            "flow": -20.062313263913396,
            "limit": 50.0
        },
        "L6-7": {
            "id": "L6-7",
            "from_node": "6",
            "to_node": "7",
            "flow": 25.82602541606403,
            "limit": 50.0
        },
        "L7-9": {
            "id": "L7-9",
            "from_node": "7",
            "to_node": "9",
            "flow": -2.5406424104662784,
            "limit": 50.0
        }
    },
    "cost": 0.0,
    "difficulty": "Easy"
}
