{
    "nodes": {
        "0": {
            "id": "0",
            "injection": -77.30490923087696,
            "x": 249.37799834113213,
            "y": 364.2607574288191,
            "cost_increase": 29,
            "cost_decrease": 40
        },
        "1": {
            "id": "1",
            "injection": 40.961155585748486,
            "x": 343.16470689380196,
            "y": 282.7025710067698,
            "cost_increase": 98,
            "cost_decrease": -13
        },
        "2": {
            "id": "2",
            "injection": -33.550788978561656,
            "x": 396.35072564565763,
            "y": 212.87164154503813,
            "cost_increase": 70,
            "cost_decrease": 5
        },
        "3": {
            "id": "3",
            "injection": -69.58577733556147,
            "x": 417.2161788247958,
            "y": 382.25844779943253,
            "cost_increase": 28,
            "cost_decrease": 19
        },
        "4": {
            "id": "4",
            "injection": 72.57954837028842,
            "x": 207.42124325453767,
            "y": 447.1323065591811,
            "cost_increase": 38,
            "cost_decrease": -19
        },
        "5": {
            "id": "5",
            "injection": -50.93972536033418,
            "x": 112.17634643535008,
            "y": 333.7529495866809,
            "cost_increase": 55,
            "cost_decrease": 0
        },
        "6": {
            "id": "6",
            "injection": -38.74676202681772,
            "x": 221.8926961150572,
            "y": 381.5215554409237,
            "cost_increase": 63,
            "cost_decrease": 26
        },
        "7": {
            "id": "7",
            "injection": 7.358271922522093,
            "x": 169.90623245321615,
            "y": 357.05328454052983,
            "cost_increase": 47,
            "cost_decrease": -4
        },
        "8": {
            "id": "8",
            "injection": 98.24712985523092,
            "x": 98.49000209684992,
            "y": 214.17318037822776,
            "cost_increase": 93,
            "cost_decrease": 23
        },
        "9": {
            "id": "9",
            "injection": -29.022145211223375,
            "x": 92.98101491142334,
            "y": 481.6490248757492,
            "cost_increase": 58,
            "cost_decrease": 25
        },
        "10": {
            "id": "10",
            "injection": 7.665338170157128,
            "x": 288.0490674620467,
            "y": 530.5134429327543,
            "cost_increase": 91,
            "cost_decrease": -7
        },
        "11": {
            "id": "11",
            "injection": 21.234064263569778,
            "x": 280.65140816047494,
            "y": 303.08860695474465,
            "cost_increase": 80,
            "cost_decrease": 37
        },
        "12": {
            "id": "12",
            "injection": 49.12248074384087,
            "x": 24.098599479746678,
            "y": 315.24460407507684,
            "cost_increase": 45,
            "cost_decrease": 32
        },
        "13": {
            "id": "13",
            "injection": 76.71410753164903,
            "x": 206.33084847804062,
            "y": 208.4737290535564,
            "cost_increase": 42,
            "cost_decrease": 26
        },
        "14": {
            "id": "14",
            "injection": -74.73198829963134,
            "x": 324.17999715369706,
            "y": 423.14025583330783,
            "cost_increase": 25,
            "cost_decrease": 3
        }
    },
    "lines": {
        "L0-4": {
            "id": "L0-4",
            "from_node": "0",
            "to_node": "4",
            "flow": -33.440726540845674,
            "limit": 50.0
        },
        "L0-11": {
            "id": "L0-11",
            "from_node": "0",
            "to_node": "11",
            "flow": -29.29348495959398,
            "limit": 50.0
        },
        "L0-13": {
            "id": "L0-13",
            "from_node": "0",
            "to_node": "13",
            "flow": -38.99870191898238,
            "limit": 50.0
        },
        "L0-14": {
            "id": "L0-14",
            "from_node": "0",
            "to_node": "14",
            "flow": 24.428004188545028,
            "limit": 50.0
        },
        "L1-2": {
            "id": "L1-2",
            "from_node": "1",
            "to_node": "2",
            "flow": 19.039435206918583,
            "limit": 50.0
        },
        "L1-3": {
            "id": "L1-3",
            "from_node": "1",
            "to_node": "3",
            "flow": 34.918529864946684,
            "limit": 50.0
        },
        "L1-11": {
            "id": "L1-11",
            "from_node": "1",
            "to_node": "11",
            "flow": -1.6457962633641934,
            "limit": 50.0
        },
        "L1-13": {
            "id": "L1-13",
            "from_node": "1",
            "to_node": "13",
            "flow": -11.351013222752592,
            "limit": 50.0
        },
        "L2-3": {
            "id": "L2-3",
            "from_node": "2",
            "to_node": "3",
            "flow": 15.879094658028098,
            "limit": 50.0
        },
        "L2-13": {
            "id": "L2-13",
            "from_node": "2",
            "to_node": "13",
            "flow": -30.390448429671174,
            "limit": 50.0
        },
        "L3-6": {
            "id": "L3-6",
            "from_node": "3",
            "to_node": "6",
            "flow": -19.955657760984757,
            "limit": 50.0
        },
        "L3-10": {
            "id": "L3-10",
            "from_node": "3",
            "to_node": "10",
            "flow": -15.98965807143006,
            "limit": 50.0
        },
        "L3-14": {
            "id": "L3-14",
            "from_node": "3",
            "to_node": "14",
            "flow": 17.157163019828133,
            "limit": 50.0
        },
        "L4-9": {
            "id": "L4-9",
            "from_node": "4",
            "to_node": "9",
            "flow": 11.938677973288591,
            "limit": 50.0
        },
        "L4-10": {
            "id": "L4-10",
            "from_node": "4",
            "to_node": "10",
            "flow": 24.72190963813251,
            "limit": 50.0
        },
        "L4-7": {
            "id": "L4-7",
            "from_node": "4",
            "to_node": "7",
            "flow": 2.478234218021644,
            "limit": 50.0
        },
        "L5-9": {
            "id": "L5-9",
            "from_node": "5",
            "to_node": "9",
            "flow": 1.048171773831811,
            "limit": 50.0
        },
        "L5-12": {
            "id": "L5-12",
            "from_node": "5",
            "to_node": "12",
            "flow": -27.127143575137367,
            "limit": 50.0
        },
        "L5-13": {
            "id": "L5-13",
            "from_node": "5",
            "to_node": "13",
            "flow": -16.448481577593483,
            "limit": 50.0
        },
        "L5-7": {
            "id": "L5-7",
            "from_node": "5",
            "to_node": "7",
            "flow": -8.412271981435136,
            "limit": 50.0
        },
        "L6-8": {
            "id": "L6-8",
            "from_node": "6",
            "to_node": "8",
            "flow": -53.851187502067944,
            "limit": 50.0
        },
        "L6-9": {
            "id": "L6-9",
            "from_node": "6",
            "to_node": "9",
            "flow": -8.817231975289221,
            "limit": 50.0
        },
        "L6-10": {
            "id": "L6-10",
            "from_node": "6",
            "to_node": "10",
            "flow": 3.965999689554698,
            "limit": 50.0
        },
        "L7-9": {
            "id": "L7-9",
            "from_node": "7",
            "to_node": "9",
            "flow": 9.460443755266947,
            "limit": 50.0
        },
        "L7-13": {
            "id": "L7-13",
            "from_node": "7",
            "to_node": "13",