{
    "nodes": {
        "0": {
            "id": "0",
            "injection": -16.531227523278428,
            "x": 221.4534883556172,
            "y": 530.0901929225206,
            "cost_increase": 20,
            "cost_decrease": -20
        },
        "1": {
            "id": "1",
            "injection": 9.7737340415588,
            "x": 294.9394127064204,
            "y": 88.78730563931825,
            "cost_increase": 36,
            "cost_decrease": 6
        },
        "2": {
            "id": "2",
            "injection": 33.997311618780664,
            "x": 292.0700214830375,
            "y": 198.75023765830844,
            "cost_increase": 61,
            "cost_decrease": -20
        },
        "3": {
            "id": "3",
            "injection": -0.8793284225476315,
            "x": 315.1540415514727,
            "y": 399.60088471231194,
            "cost_increase": 25,
            "cost_decrease": -15
        },
        "4": {
            "id": "4",
            "injection": -18.73543894439074,
            "x": 372.818458761104,
            "y": 161.1885459765152,
            "cost_increase": 20,
            "cost_decrease": -20
        },
        "5": {
            "id": "5",
            "injection": 68.27447351140354,
            "x": 365.6813067317074,
            "y": 269.49059027397095,
            "cost_increase": 32,
            "cost_decrease": -20
        },
        "6": {
            "id": "6",
            "injection": 9.54079940452994,
            "x": 265.55586068023695,
            "y": 306.00350134579253,
            "cost_increase": 49,
            "cost_decrease": 3
        },
        "7": {
            "id": "7",
            "injection": 90.26300710917056,
            "x": -8.333456538541935,
            "y": 263.1538858530396,
            "cost_increase": 72,
            "cost_decrease": 8
        },
        "8": {
            "id": "8",
            "injection": -24.883456652774147,
            "x": 479.00742437099376,
            "y": 360.36474514217963,
            "cost_increase": 38,
            "cost_decrease": -20
        },
        "9": {
            "id": "9",
            "injection": -0.8284036018052654,
            "x": 64.41896993599043,
            "y": 389.8245642553505,
            "cost_increase": 110,
            "cost_decrease": -20
        },
        "10": {
            "id": "10",
            "injection": -1.4512516962735673,
            "x": 333.2855342464301,
            "y": 478.0824646082382,
            "cost_increase": 26,
            "cost_decrease": 3
        },
        "11": {
            "id": "11",
            "injection": -39.386664389766686,
            "x": 181.02850033545815,
            "y": 216.73860894158867,
            "cost_increase": 20,
            "cost_decrease": -2
        },
        "12": {
            "id": "12",
            "injection": -66.89591590556968,
            "x": 243.25669903396215,
            "y": 125.66672053071684,
            "cost_increase": 37,
            "cost_decrease": -2
        },
        "13": {
            "id": "13",
            "injection": -44.53945907407018,
            "x": 471.3344721654738,
            "y": 162.51911658660293,
            "cost_increase": 99,
            "cost_decrease": 2
        },
        "14": {
            "id": "14",
            "injection": -0.9186264838787037,
            "x": 414.9137131271669,
            "y": 527.8154455512828,
            "cost_increase": 88,
            "cost_decrease": -20
        },
        "15": {
            "id": "15",
            "injection": -30.517583653276937,
            "x": 296.7020345412836,
            "y": 35.86455061488957,
            "cost_increase": 57,
            "cost_decrease": -20
        },
        "16": {
            "id": "16",
            "injection": 107.66257595983556,
            "x": 113.12804990346166,
            "y": 272.50211516990936,
            "cost_increase": 66,
            "cost_decrease": 6
        },
        "17": {
            "id": "17",
            "injection": -10.342916754789172,
            "x": 177.73416849072214,
            "y": 397.5486701278179,
            "cost_increase": 68,
            "cost_decrease": -20
        },
        "18": {
            "id": "18",
            "injection": -48.40350220040527,
            "x": 194.10958899791862,
            "y": 342.26458958536057,
            "cost_increase": 34,
            "cost_decrease": 8
        },
        "19": {
            "id": "19",
            "injection": -15.198126342452674,
            "x": 98.76800018022143,
            "y": 150.91143437927948,
            "cost_increase": 56,
            "cost_decrease": -12
        },
        "18b": {
            "id": "18b",
            "injection": 0.0,
            "x": 194.10958899791862,
            "y": 342.26458958536057,
            "cost_increase": 66,
            "cost_decrease": -3
        },
        "13b": {
            "id": "13b",
            "injection": 0.0,
            "x": 471.3344721654738,
            "y": 162.51911658660293,
            "cost_increase": 32,
            "cost_decrease": -18
        },
        "8b": {
            "id": "8b",
            "injection": 0.0,
            "x": 479.00742437099376,
            "y": 360.36474514217963,
            "cost_increase": 57,
            "cost_decrease": 41
        },
        "6b": {
            "id": "6b",
            "injection": 0.0,
            "x": 265.55586068023695,
            "y": 306.00350134579253,
            "cost_increase": 20,
            "cost_decrease": 18
        },
        "3b": {
            "id": "3b",
            "injection": 0.0,
            "x": 315.1540415514727,
            "y": 399.60088471231194,
            "cost_increase": 43,
            "cost_decrease": -20
        },
        "11b": {
            "id": "11b",
            "injection": 0.0,
            "x": 181.02850033545815,
            "y": 216.73860894158867,
            "cost_increase": 54,
            "cost_decrease": -5
        }
    },
    "lines": {
        "L0-9": {
            "id": "L0-9",
            "from_node": "0",
            "to_node": "9",
            "flow": -29.017414616961364,
            "limit": 50.0
        },
        "L0-10": {
            "id": "L0-10",
            "from_node": "0",
            "to_node": "10",
            "flow": 2.898567493081867,
            "limit": 50.0
        },
        "L0-14": {
            "id": "L0-14",
            "from_node": "0",
            "to_node": "14",
            "flow": 9.587619600601064,
            "limit": 50.0
        },
        "L1-4": {
            "id": "L1-4",
            "from_node": "1",
            "to_node": "4",
            "flow": -10.231898723029127,
            "limit": 50.0
        },
        "L1-12": {
            "id": "L1-12",
            "from_node": "1",
            "to_node": "12",
            "flow": 7.661769987279705,
            "limit": 50.0
        },
        "L2-5": {
            "id": "L2-5",
            "from_node": "2",
            "to_node": "5",
            "flow": -4.596055982173901,
            "limit": 50.0
        },
        "L2-12": {
            "id": "L2-12",
            "from_node": "2",
            "to_node": "12",
            "flow": 32.60917117308151,
            "limit": 50.0
        },
        "L4-5": {
            "id": "L4-5",
            "from_node": "4",
            "to_node": "5",
            "flow": -19.31155844494658,
            "limit": 50.0
        },
        "L7-16": {
            "id": "L7-16",
            "from_node": "7",
            "to_node": "16",
            "flow": -9.714178869929299,
            "limit": 50.0
        },
        "L7-9": {
            "id": "L7-9",
            "from_node": "7",
            "to_node": "9",
            "flow": 49.98823945979386,
            "limit": 50.0
        },
        "L8-13": {
            "id": "L8-13",
            "from_node": "8",
            "to_node": "13",
            "flow": 17.76342221393908,