{
    "nodes": {
        "0": {
            "id": "0",
            "injection": 78.1954921174129,
            "x": 486.66945211157116,
            "y": 269.84044114666824,
            "cost_increase": 59,
            "cost_decrease": -20
        },
        "1": {
            "id": "1",
            "injection": 48.9248025943659,
            "x": 304.93909101655106,
            "y": 381.8726393145743,
            "cost_increase": 59,
            "cost_decrease": 17
        },
        "2": {
            "id": "2",
            "injection": -87.32034427325283,
            "x": 467.21148713232753,
            "y": 171.96516917881735,
            "cost_increase": 42,
            "cost_decrease": -20
        },
        "3": {
            "id": "3",
            "injection": 75.6311557569119,
            "x": 387.76353378203856,
            "y": 229.78162597483592,
            "cost_increase": 77,
            "cost_decrease": -9
        },
        "4": {
            "id": "4",
            "injection": 9.833766081928774,
            "x": 117.30137163552823,
            "y": 164.33868750679105,
            "cost_increase": 46,
            "cost_decrease": 40
        },
        "5": {
            "id": "5",
            "injection": 63.67734386476305,
            "x": 326.877217545229,
            "y": 175.29846109296437,
            "cost_increase": 88,
            "cost_decrease": 16
        },
        "6": {
            "id": "6",
            "injection": -118.44543268935338,
            "x": 18.686066850226055,
            "y": 218.9021742547102,
            "cost_increase": 20,
            "cost_decrease": -20
        },
        "7": {
            "id": "7",
            "injection": 5.700436256352211,
            "x": 289.2217654423144,
            "y": 274.06928133500634,
            "cost_increase": 52,
            "cost_decrease": -20
        },
        "8": {
            "id": "8",
            "injection": 46.64707187780812,
            "x": 357.19148844391077,
            "y": 32.21193407386429,
            "cost_increase": 25,
            "cost_decrease": -7
        },
        "9": {
            "id": "9",
            "injection": -70.5793959049038,
            "x": 173.1666090089797,
            "y": 273.3644418491406,
            "cost_increase": 20,
            "cost_decrease": -20
        },
        "10": {
            "id": "10",
            "injection": 71.84859514134328,
            "x": 501.127473541621,
            "y": 94.69229696855595,
            "cost_increase": 36,
            "cost_decrease": -20
        },
        "11": {
            "id": "11",
            "injection": -119.4845122599846,
            "x": 442.80123741517895,
            "y": 351.63020100271393,
            "cost_increase": 45,
            "cost_decrease": 4
        },
        "12": {
            "id": "12",
            "injection": 52.049723380405176,
            "x": 204.90940570762186,
            "y": 71.43746766032329,
            "cost_increase": 41,
            "cost_decrease": -20
        },
        "13": {
            "id": "13",
            "injection": 1.2036559490374787,
            "x": 36.37152715913782,
            "y": 80.5529876353715,
            "cost_increase": 21,
            "cost_decrease": -9
        },
        "14": {
            "id": "14",
            "injection": -57.88235789283415,
            "x": 579.2777047974987,
            "y": 261.1524258726629,
            "cost_increase": 49,
            "cost_decrease": -20
        },
        "1b": {
            "id": "1b",
            "injection": 0.0,
            "x": 304.93909101655106,
            "y": 381.8726393145743,
            "cost_increase": 67,
            "cost_decrease": 30
        }
    },
    "lines": {
        "L0-2": {
            "id": "L0-2",
            "from_node": "0",
            "to_node": "2",
            "flow": 32.62511998250788,
            "limit": 50.0
        },
        "L0-3": {
            "id": "L0-3",
            "from_node": "0",
            "to_node": "3",
            "flow": -3.7647719832846147,
            "limit": 50.0
        },
        "L0-14": {
            "id": "L0-14",
            "from_node": "0",
            "to_node": "14",
            "flow": 49.3351441181896,
            "limit": 50.0
        },
        "L1-11": {
            "id": "L1-11",
            "from_node": "1",
            "to_node": "11",
            "flow": 48.9248025943659,
            "limit": 50.0
        },
        "L2-10": {
            "id": "L2-10",
            "from_node": "2",
            "to_node": "10",
            "flow": -18.30533232495245,
            "limit": 50.0
        },
        "L2-3": {
            "id": "L2-3",
            "from_node": "2",
            "to_node": "3",
            "flow": -36.3898919657925,
            "limit": 50.0
        },
        "L3-5": {
            "id": "L3-5",
            "from_node": "3",
            "to_node": "5",
            "flow": 35.47649180783479,
            "limit": 50.0
        },
        "L4-9": {
            "id": "L4-9",
            "from_node": "4",
            "to_node": "9",
            "flow": -0.2356881415558263,
            "limit": 50.0
        },
        "L4-12": {
            "id": "L4-12",
            "from_node": "4",
            "to_node": "12",
            "flow": -32.28906005059695,
            "limit": 50.0
        },
        "L4-13": {
            "id": "L4-13",
            "from_node": "4",
            "to_node": "13",
            "flow": 2.216449568611793,
            "limit": 50.0
        },
        "L4-6": {
            "id": "L4-6",
            "from_node": "4",
            "to_node": "6",
            "flow": 40.14206470546978,
            "limit": 50.0
        },
        "L5-7": {
            "id": "L5-7",
            "from_node": "5",
            "to_node": "7",
            "flow": 26.114526708946425,
            "limit": 50.0
        },
        "L5-8": {
            "id": "L5-8",
            "from_node": "5",
            "to_node": "8",
            "flow": -16.255957978232825,
            "limit": 50.0
        },
        "L5-9": {
            "id": "L5-9",
            "from_node": "5",
            "to_node": "9",
            "flow": 47.32450201914553,
            "limit": 50.0
        },
        "L5-10": {
            "id": "L5-10",
            "from_node": "5",
            "to_node": "10",
            "flow": -17.391932166994742,
            "limit": 50.0
        },
        "L5-11": {
            "id": "L5-11",
            "from_node": "5",
            "to_node": "11",
            "flow": 44.091566979629064,
            "limit": 50.0
        },
        "L5-12": {
            "id": "L5-12",
            "from_node": "5",
            "to_node": "12",
            "flow": 15.271130110104398,
            "limit": 50.0
        },
        "L6-13": {
            "id": "L6-13",
            "from_node": "6",
            "to_node": "13",
            "flow": -37.925615136857985,
            "limit": 50.0
        },
        "L6-9": {
            "id": "L6-9",
            "from_node": "6",
            "to_node": "9",
            "flow": -40.377752847025604,
            "limit": 50.0
        },
        "L7-9": {
            "id": "L7-9",
            "from_node": "7",
            "to_node": "9",
            "flow": 21.2099753101991,
            "limit": 50.0
        },
        "L8-10": {
            "id": "L8-10",
            "from_node": "8",
            "to_node": "10",
            "flow": -1.1359741887619172,
            "limit": 50.0
        },
        "L8-12": {
            "id": "L8-12",
            "from_node": "8",
            "to_node": "12",
            "flow": 31.527088088337223,
            "limit": 50.0
        },
        "L9-12": {
            "id": "L9-12",
            "from_node": "9",
            "to_node": "12",
            "flow": -32.053371909041125,
            "limit": 50.0
        },
        "L10-14": {
            "id": "L10-14",
            "from_node": "10",
            "to_node": "14",