{
    "nodes": {
        "0": {
            "id": "0",
            "injection": -49.82454683005916,
            "x": 276.6005941294452,
            "y": 159.71617784637004,
            "cost_increase": 65,
            "cost_decrease": 13
        },
        "1": {
            "id": "1",
            "injection": -106.7057283321707,
            "x": 176.4029747197094,
            "y": 348.8159700640967,
            "cost_increase": 71,
            "cost_decrease": 7
        },
        "2": {
            "id": "2",
            "injection": 39.87546767205566,
            "x": 419.5081794372559,
            "y": 20.48418854792197,
            "cost_increase": 90,
            "cost_decrease": 29
        },
        "3": {
            "id": "3",
            "injection": -26.590688251279822,
            "x": 262.8783585583321,
            "y": 1.713795026849473,
            "cost_increase": 45,
            "cost_decrease": 4
        },
        "4": {
            "id": "4",
            "injection": 21.956021274064177,
            "x": 57.897287549937076,
            "y": 241.76950925122898,
            "cost_increase": 38,
            "cost_decrease": -5
        },
        "5": {
            "id": "5",
            "injection": -54.89386995924823,
            "x": 126.6978601298982,
            "y": 89.12352261385031,
            "cost_increase": 42,
            "cost_decrease": 28
        },
        "6": {
            "id": "6",
            "injection": 80.08129195950988,
            "x": 443.1663524283313,
            "y": 192.0124410502213,
            "cost_increase": 85,
            "cost_decrease": 34
        },
        "7": {
            "id": "7",
            "injection": -89.73094159756984,
            "x": 367.3191951680081,
            "y": 110.41095232593561,
            "cost_increase": 74,
            "cost_decrease": -5
        },
        "8": {
            "id": "8",
            "injection": 87.03769944375854,
            "x": 174.18729034063531,
            "y": 217.25317323295957,
            "cost_increase": 93,
            "cost_decrease": 39
        },
        "9": {
            "id": "9",
            "injection": 98.79529462093949,
            "x": 334.94720676081107,
            "y": 312.37789196047373,
            "cost_increase": 85,
            "cost_decrease": -15
        }
    },
    "lines": {
        "L0-3": {
            "id": "L0-3",
            "from_node": "0",
            "to_node": "3",
            "flow": 7.162519835201313,
            "limit": 50.0
        },
        "L0-5": {
            "id": "L0-5",
            "from_node": "0",
            "to_node": "5",
            "flow": 10.741847471372648,
            "limit": 50.0
        },
        "L0-6": {
            "id": "L0-6",
            "from_node": "0",
            "to_node": "6",
            "flow": -29.587976955848763,
            "limit": 50.0
        },
        "L0-7": {
            "id": "L0-7",
            "from_node": "0",
            "to_node": "7",
            "flow": 14.765996141557508,
            "limit": 50.0
        },
        "L0-8": {
            "id": "L0-8",
            "from_node": "0",
            "to_node": "8",
            "flow": -15.715297533947792,
            "limit": 50.0
        },
        "L0-9": {
            "id": "L0-9",
            "from_node": "0",
            "to_node": "9",
            "flow": -37.19163578839413,
            "limit": 50.0
        },
        "L1-8": {
            "id": "L1-8",
            "from_node": "1",
            "to_node": "8",
            "flow": -32.52366174555367,
            "limit": 50.0
        },
        "L1-9": {
            "id": "L1-9",
            "from_node": "1",
            "to_node": "9",
            "flow": -54.00000000000001,
            "limit": 50.0
        },
        "L1-4": {
            "id": "L1-4",
            "from_node": "1",
            "to_node": "4",
            "flow": -20.182066586617026,
            "limit": 50.0
        },
        "L2-3": {
            "id": "L2-3",
            "from_node": "2",
            "to_node": "3",
            "flow": 23.007496052249845,
            "limit": 50.0
        },
        "L2-6": {
            "id": "L2-6",
            "from_node": "2",
            "to_node": "6",
            "flow": -13.74300073880023,
            "limit": 50.0
        },
        "L2-7": {
            "id": "L2-7",
            "from_node": "2",
            "to_node": "7",
            "flow": 30.61097235860604,
            "limit": 50.0
        },
        "L3-5": {
            "id": "L3-5",
            "from_node": "3",
            "to_node": "5",
            "flow": 3.5793276361713344,
            "limit": 50.0
        },
        "L4-8": {
            "id": "L4-8",
            "from_node": "4",
            "to_node": "8",
            "flow": -12.341595158936641,
            "limit": 50.0
        },
        "L4-5": {
            "id": "L4-5",
            "from_node": "4",
            "to_node": "5",
            "flow": 14.115549846383797,
            "limit": 50.0
        },
        "L5-8": {
            "id": "L5-8",
            "from_node": "5",
            "to_node": "8",
            "flow": -26.45714500532044,
            "limit": 50.0
        },
        "L6-9": {
            "id": "L6-9",
            "from_node": "6",
            "to_node": "9",
            "flow": -7.603658832545367,
            "limit": 50.0
        },
        "L6-7": {
            "id": "L6-7",
            "from_node": "6",
            "to_node": "7",
            "flow": 44.35397309740627,
            "limit": 50.0
        }
    },
    "cost": 0.0,
    "difficulty": "Easy"
}
