{
    "nodes": {
        "0": {
            "id": "0",
            "injection": -44.214166034067276,
            "x": 107.16538164487008,
            "y": 214.2183836351799,
            "cost_increase": 64,
            "cost_decrease": -12
        },
        "1": {
            "id": "1",
            "injection": -7.645008999364543,
            "x": 178.0915308223208,
            "y": 77.89605862787397,
            "cost_increase": 95,
            "cost_decrease": 3
        },
        "2": {
            "id": "2",
            "injection": 111.9038278591906,
            "x": 198.13099328701264,
            "y": 363.37213198059754,
            "cost_increase": 69,
            "cost_decrease": 9
        },
        "3": {
            "id": "3",
            "injection": 93.63685987006814,
            "x": 364.57766973809726,
            "y": 389.6057869589515,
            "cost_increase": 88,
            "cost_decrease": 32
        },
        "4": {
            "id": "4",
            "injection": -36.24470830568086,
            "x": 301.4513498584662,
            "y": 300.05913091788136,
            "cost_increase": 41,
            "cost_decrease": 5
        },
        "5": {
            "id": "5",
            "injection": -42.88401325639162,
            "x": 285.5215281640992,
            "y": 109.0661847010839,
            "cost_increase": 53,
            "cost_decrease": 1
        },
        "6": {
            "id": "6",
            "injection": -35.30640231076325,
            "x": 196.21258596279478,
            "y": 224.0818879376633,
            "cost_increase": 41,
            "cost_decrease": 9
        },
        "7": {
            "id": "7",
            "injection": -39.246388822991186,
            "x": 397.80849955336146,
            "y": 224.74907883018798,
            "cost_increase": 61,
            "cost_decrease": 32
        }
    },
    "lines": {
        "L0-1": {
            "id": "L0-1",
            "from_node": "0",
            "to_node": "1",
            "flow": 4.357710741324312,
            "limit": 50.0
        },
        "L0-2": {
            "id": "L0-2",
            "from_node": "0",
            "to_node": "2",
            "flow": -54.00000000000001,
            "limit": 50.0
        },
        "L0-5": {
            "id": "L0-5",
            "from_node": "0",
            "to_node": "5",
            "flow": 10.206752207245879,
            "limit": 50.0
        },
        "L0-6": {
            "id": "L0-6",
            "from_node": "0",
            "to_node": "6",
            "flow": -4.778628982637484,
            "limit": 50.0
        },
        "L1-5": {
            "id": "L1-5",
            "from_node": "1",
            "to_node": "5",
            "flow": 5.849041465921567,
            "limit": 50.0
        },
        "L1-6": {
            "id": "L1-6",
            "from_node": "1",
            "to_node": "6",
            "flow": -9.136339723961797,
            "limit": 50.0
        },
        "L2-3": {
            "id": "L2-3",
            "from_node": "2",
            "to_node": "3",
            "flow": -11.893967601054577,
            "limit": 50.0
        },
        "L2-4": {
            "id": "L2-4",
            "from_node": "2",
            "to_node": "4",
            "flow": 20.57642444288266,
            "limit": 50.0
        },
        "L2-6": {
            "id": "L2-6",
            "from_node": "2",
            "to_node": "6",
            "flow": 49.22137101736252,
            "limit": 50.0
        },
        "L3-4": {
            "id": "L3-4",
            "from_node": "3",
            "to_node": "4",
            "flow": 32.47039204393724,
            "limit": 50.0
        },
        "L3-7": {
            "id": "L3-7",
            "from_node": "3",
            "to_node": "7",
            "flow": 49.272500225076286,
            "limit": 50.0
        },
        "L4-7": {
            "id": "L4-7",
            "from_node": "4",
            "to_node": "7",
            "flow": 16.80210818113905,
            "limit": 50.0
        },
        "L5-7": {
            "id": "L5-7",
            "from_node": "5",
            "to_node": "7",
            "flow": -26.828219583224175,
            "limit": 50.0
        }
    },
    "cost": 0.0,
    "difficulty": "Easy"
}
