{
    "nodes": {
        "0": {
            "id": "0",
            "injection": 25.29785660617115,
            "x": 287.5259084115744,
            "y": 324.74353086237625,
            "cost_increase": 75,
            "cost_decrease": 1
        },
        "1": {
            "id": "1",
            "injection": 51.51670015997808,
            "x": 306.9438135661173,
            "y": 206.66013735411988,
            "cost_increase": 97,
            "cost_decrease": 37
        },
        "2": {
            "id": "2",
            "injection": -78.61625012434313,
            "x": 62.831958509432525,
            "y": 358.7724765269085,
            "cost_increase": 53,
            "cost_decrease": -15
        },
        "3": {
            "id": "3",
            "injection": -45.36335093496198,
            "x": 301.17090380652616,
            "y": 84.0731144526108,
            "cost_increase": 75,
            "cost_decrease": 33
        },
        "4": {
            "id": "4",
            "injection": -78.59908603850684,
            "x": 421.4381946618451,
            "y": 209.7327069466464,
            "cost_increase": 58,
            "cost_decrease": -2
        },
        "5": {
            "id": "5",
            "injection": 67.53662904977645,
            "x": 149.71929908947737,
            "y": 96.84701469822768,
            "cost_increase": 41,
            "cost_decrease": 38
        },
        "6": {
            "id": "6",
            "injection": 95.9601613136233,
            "x": 33.30417754728119,
            "y": 203.91575927705682,
            "cost_increase": 38,
            "cost_decrease": -3
        },
        "7": {
            "id": "7",
            "injection": -97.12627357984414,
            "x": 435.6652512788065,
            "y": 360.093352886456,
            "cost_increase": 22,
            "cost_decrease": -8
        },
        "8": {
            "id": "8",
            "injection": 82.44158369109978,
            "x": 334.94560406163527,
            "y": 466.3096469023863,
            "cost_increase": 61,
            "cost_decrease": 39
        },
        "9": {
            "id": "9",
            "injection": -25.59695498690795,
            "x": 158.87432047865948,
            "y": 253.04705975764765,
            "cost_increase": 34,
            "cost_decrease": -18
        },
        "10": {
            "id": "10",
            "injection": 2.5489848439153193,
            "x": 184.5690980053827,
            "y": 453.06191241525966,
            "cost_increase": 45,
            "cost_decrease": 6
        }
    },
    "lines": {
        "L0-1": {
            "id": "L0-1",
            "from_node": "0",
            "to_node": "1",
            "flow": -3.4592229241122183,
            "limit": 50.0
        },
        "L0-4": {
            "id": "L0-4",
            "from_node": "0",
            "to_node": "4",
            "flow": 30.631562509324027,
            "limit": 50.0
        },
        "L0-7": {
            "id": "L0-7",
            "from_node": "0",
            "to_node": "7",
            "flow": 36.87891804458408,
            "limit": 50.0
        },
        "L0-8": {
            "id": "L0-8",
            "from_node": "0",
            "to_node": "8",
            "flow": -17.121081955415914,
            "limit": 50.0
        },
        "L0-9": {
            "id": "L0-9",
            "from_node": "0",
            "to_node": "9",
            "flow": -15.831738848476858,
            "limit": 50.0
        },
        "L0-10": {
            "id": "L0-10",
            "from_node": "0",
            "to_node": "10",
            "flow": -5.8005802197320415,
            "limit": 50.0
        },
        "L1-3": {
            "id": "L1-3",
            "from_node": "1",
            "to_node": "3",
            "flow": 13.966691802429615,
            "limit": 50.0
        },
        "L1-4": {
            "id": "L1-4",
            "from_node": "1",
            "to_node": "4",
            "flow": 34.090785433436245,
            "limit": 50.0
        },
        "L2-9": {
            "id": "L2-9",
            "from_node": "2",
            "to_node": "9",
            "flow": -18.100064988611972,
            "limit": 50.0
        },
        "L2-10": {
            "id": "L2-10",
            "from_node": "2",
            "to_node": "10",
            "flow": -8.068906359867155,
            "limit": 50.0
        },
        "L2-6": {
            "id": "L2-6",
            "from_node": "2",
            "to_node": "6",
            "flow": -52.447278775864,
            "limit": 50.0
        },
        "L3-4": {
            "id": "L3-4",
            "from_node": "3",
            "to_node": "4",
            "flow": 20.12409363100663,
            "limit": 50.0
        },
        "L3-5": {
            "id": "L3-5",
            "from_node": "3",
            "to_node": "5",
            "flow": -51.520752763538994,
            "limit": 50.0
        },
        "L4-7": {
            "id": "L4-7",
            "from_node": "4",
            "to_node": "7",
            "flow": 6.247355535260056,
            "limit": 50.0
        },
        "L5-9": {
            "id": "L5-9",
            "from_node": "5",
            "to_node": "9",
            "flow": 25.181545036744737,
            "limit": 50.0
        },
        "L5-6": {
            "id": "L5-6",
            "from_node": "5",
            "to_node": "6",
            "flow": -9.165668750507287,
            "limit": 50.0
        },
        "L6-9": {
            "id": "L6-9",
            "from_node": "6",
            "to_node": "9",
            "flow": 34.347213787252024,
            "limit": 50.0
        },
        "L7-8": {
            "id": "L7-8",
            "from_node": "7",
            "to_node": "8",
            "flow": -54.0,
            "limit": 50.0
        },
        "L8-10": {
            "id": "L8-10",
            "from_node": "8",
            "to_node": "10",
            "flow": 11.320501735683873,
            "limit": 50.0
        }
    },
    "cost": 0.0,
    "difficulty": "Very Hard"
}
