{
    "nodes": {
        "0": {
            "id": "0",
            "injection": 10.567721097837918,
            "x": 154.4110049687458,
            "y": -8.606721195357036,
            "cost_increase": 20,
            "cost_decrease": -20
        },
        "1": {
            "id": "1",
            "injection": 74.1871803664425,
            "x": 277.96744746631794,
            "y": 49.81068172752364,
            "cost_increase": 48,
            "cost_decrease": 10
        },
        "2": {
            "id": "2",
            "injection": -82.44363842524604,
            "x": 381.5960039904081,
            "y": 390.7041204623128,
            "cost_increase": 102,
            "cost_decrease": -20
        },
        "3": {
            "id": "3",
            "injection": 40.42862679200127,
            "x": 388.07860475828573,
            "y": 277.46054475939314,
            "cost_increase": 61,
            "cost_decrease": 17
        },
        "4": {
            "id": "4",
            "injection": -73.19518094366857,
            "x": 488.4244094729666,
            "y": 286.3739687981576,
            "cost_increase": 40,
            "cost_decrease": -20
        },
        "5": {
            "id": "5",
            "injection": -38.38479283472078,
            "x": 259.72917070440474,
            "y": 302.31785526567046,
            "cost_increase": 55,
            "cost_decrease": 60
        },
        "6": {
            "id": "6",
            "injection": 59.82781746094935,
            "x": 176.93614943087533,
            "y": 183.20750939118065,
            "cost_increase": 52,
            "cost_decrease": 15
        },
        "7": {
            "id": "7",
            "injection": 31.46442807444737,
            "x": 125.74788128931269,
            "y": 86.83646570799291,
            "cost_increase": 64,
            "cost_decrease": -20
        },
        "8": {
            "id": "8",
            "injection": -63.782339838218725,
            "x": 31.84946826217681,
            "y": 76.08196790492364,
            "cost_increase": 20,
            "cost_decrease": -8
        },
        "9": {
            "id": "9",
            "injection": 41.33017825017566,
            "x": 358.34029962702914,
            "y": 162.1629989467847,
            "cost_increase": 84,
            "cost_decrease": 9
        },
        "9b": {
            "id": "9b",
            "injection": 0.0,
            "x": 358.34029962702914,
            "y": 162.1629989467847,
            "cost_increase": 63,
            "cost_decrease": -4
        }
    },
    "lines": {
        "L0-8": {
            "id": "L0-8",
            "from_node": "0",
            "to_node": "8",
            "flow": 21.560693751224807,
            "limit": 50.0
        },
        "L0-1": {
            "id": "L0-1",
            "from_node": "0",
            "to_node": "1",
            "flow": -11.892714068842528,
            "limit": 50.0
        },
        "L0-6": {
            "id": "L0-6",
            "from_node": "0",
            "to_node": "6",
            "flow": 3.1507396423974106,
            "limit": 50.0
        },
        "L0-7": {
            "id": "L0-7",
            "from_node": "0",
            "to_node": "7",
            "flow": -2.2509982269417157,
            "limit": 50.0
        },
        "L1-6": {
            "id": "L1-6",
            "from_node": "1",
            "to_node": "6",
            "flow": 15.043453711239938,
            "limit": 50.0
        },
        "L2-3": {
            "id": "L2-3",
            "from_node": "2",
            "to_node": "3",
            "flow": -38.08026879692571,
            "limit": 50.0
        },
        "L2-4": {
            "id": "L2-4",
            "from_node": "2",
            "to_node": "4",
            "flow": -6.068050219808583,
            "limit": 50.0
        },
        "L2-5": {
            "id": "L2-5",
            "from_node": "2",
            "to_node": "5",
            "flow": -38.29531940851174,
            "limit": 50.0
        },
        "L3-9": {
            "id": "L3-9",
            "from_node": "3",
            "to_node": "9",
            "flow": -29.66386058204157,
            "limit": 50.0
        },
        "L3-4": {
            "id": "L3-4",
            "from_node": "3",
            "to_node": "4",
            "flow": 32.012218577117125,
            "limit": 50.0
        },
        "L5-9": {
            "id": "L5-9",
            "from_node": "5",
            "to_node": "9",
            "flow": -29.44880997045554,
            "limit": 50.0
        },
        "L5-6": {
            "id": "L5-6",
            "from_node": "5",
            "to_node": "6",
            "flow": -47.23130227277698,
            "limit": 50.0
        },
        "L6-7": {
            "id": "L6-7",
            "from_node": "6",
            "to_node": "7",
            "flow": -5.401737869339126,
            "limit": 50.0
        },
        "L6-8": {
            "id": "L6-8",
            "from_node": "6",
            "to_node": "8",
            "flow": 18.409954108827396,
            "limit": 50.0
        },
        "L6-9": {
            "id": "L6-9",
            "from_node": "6",
            "to_node": "9",
            "flow": 17.78249230232144,
            "limit": 50.0
        },
        "L7-8": {
            "id": "L7-8",
            "from_node": "7",
            "to_node": "8",
            "flow": 23.81169197816652,
            "limit": 50.0
        },
        "L1-9b": {
            "id": "L1-9b",
            "from_node": "1",
            "to_node": "9b",
            "flow": 47.25101258636004,
            "limit": 50.0
        },
        "L4-9b": {
            "id": "L4-9b",
            "from_node": "4",
            "to_node": "9b",
            "flow": -47.251012586360034,
            "limit": 50.0
        }
    },
    "cost": 0.0
}