{
    "nodes": {
        "0": {
            "id": "0",
            "injection": 30.11993268452504,
            "x": 159.11775886648618,
            "y": 20.9240914964603,
            "cost_increase": 34,
            "cost_decrease": 24
        },
        "1": {
            "id": "1",
            "injection": 26.973798091750723,
            "x": 324.55649204392853,
            "y": 78.75285136114444,
            "cost_increase": 65,
            "cost_decrease": 17
        },
        "2": {
            "id": "2",
            "injection": 43.94408658959785,
            "x": 163.21603268187226,
            "y": 129.40725371071767,
            "cost_increase": 76,
            "cost_decrease": 31
        },
        "3": {
            "id": "3",
            "injection": 23.0689713547291,
            "x": 59.1278582008597,
            "y": 164.82776584852078,
            "cost_increase": 89,
            "cost_decrease": -17
        },
        "4": {
            "id": "4",
            "injection": -128.71161447828132,
            "x": 174.9946447386453,
            "y": 299.341348386178,
            "cost_increase": 51,
            "cost_decrease": 10
        },
        "5": {
            "id": "5",
            "injection": 12.704312717329607,
            "x": 341.52626335790563,
            "y": 252.00111383338253,
            "cost_increase": 78,
            "cost_decrease": 4
        },
        "6": {
            "id": "6",
            "injection": -8.09948695965101,
            "x": 243.45103667194866,
            "y": 184.6398960386439,
            "cost_increase": 48,
            "cost_decrease": 9
        }
    },
    "lines": {
        "L0-1": {
            "id": "L0-1",
            "from_node": "0",
            "to_node": "1",
            "flow": 12.822334995408696,
            "limit": 50.0
        },
        "L0-2": {
            "id": "L0-2",
            "from_node": "0",
            "to_node": "2",
            "flow": 1.2213889109872642,
            "limit": 50.0
        },
        "L0-3": {
            "id": "L0-3",
            "from_node": "0",
            "to_node": "3",
            "flow": 16.07620877812908,
            "limit": 50.0
        },
        "L1-5": {
            "id": "L1-5",
            "from_node": "1",
            "to_node": "5",
            "flow": 21.086423538137545,
            "limit": 50.0
        },
        "L1-6": {
            "id": "L1-6",
            "from_node": "1",
            "to_node": "6",
            "flow": 18.70970954902187,
            "limit": 50.0
        },
        "L2-3": {
            "id": "L2-3",
            "from_node": "2",
            "to_node": "3",
            "flow": 14.854819867141815,
            "limit": 50.0
        },
        "L2-6": {
            "id": "L2-6",
            "from_node": "2",
            "to_node": "6",
            "flow": 30.3106556334433,
            "limit": 50.0
        },
        "L3-4": {
            "id": "L3-4",
            "from_node": "3",
            "to_node": "4",
            "flow": 53.99999999999999,
            "limit": 50.0
        },
        "L4-5": {
            "id": "L4-5",
            "from_node": "4",
            "to_node": "5",
            "flow": -36.16745024458283,
            "limit": 50.0
        },
        "L4-6": {
            "id": "L4-6",
            "from_node": "4",
            "to_node": "6",
            "flow": -38.54416423369851,
            "limit": 50.0
        },
        "L5-6": {
            "id": "L5-6",
            "from_node": "5",
            "to_node": "6",
            "flow": -2.376713989115675,
            "limit": 50.0
        }
    },
    "cost": 0.0,
    "difficulty": "Easy"
}
